question_id,question_id_no0,grade,subject
1,1,2,social science
2,2,8,natural science
3,3,7,natural science
4,4,11,language science
5,5,8,natural science
6,6,8,language science
7,7,3,natural science
8,8,12,language science
9,9,2,language science
10,10,4,natural science
11,11,5,social science
12,12,11,language science
13,13,7,natural science
14,14,3,language science
15,15,7,language science
16,16,4,natural science
17,17,8,natural science
18,18,7,natural science
19,19,8,natural science
20,20,4,natural science
21,21,6,natural science
22,22,8,language science
23,23,5,natural science
24,24,8,natural science
25,25,3,natural science
26,26,2,natural science
27,27,11,language science
28,28,5,natural science
29,29,4,natural science
30,30,5,natural science
31,31,4,natural science
32,32,11,language science
33,33,4,natural science
34,34,3,natural science
35,35,3,social science
36,36,8,natural science
37,37,3,natural science
38,38,8,natural science
39,39,2,natural science
40,40,8,natural science
41,41,9,language science
42,42,8,natural science
43,43,4,natural science
44,44,3,natural science
45,45,4,social science
46,46,4,natural science
47,47,4,social science
48,48,5,social science
49,49,3,natural science
50,50,10,language science
51,51,8,natural science
52,52,3,natural science
53,53,7,natural science
54,54,7,natural science
55,55,5,natural science
56,56,8,social science
57,57,4,natural science
58,58,5,natural science
59,59,8,natural science
60,60,5,natural science
61,61,8,natural science
62,62,4,social science
63,63,3,natural science
64,64,3,natural science
65,65,4,language science
66,66,7,language science
67,67,7,language science
68,68,6,natural science
69,69,8,natural science
70,70,7,natural science
71,71,5,natural science
72,72,2,social science
73,73,2,language science
74,74,6,natural science
75,75,2,natural science
76,76,4,natural science
77,77,4,natural science
78,78,6,natural science
79,79,4,natural science
80,80,2,language science
81,81,8,natural science
82,82,3,natural science
83,83,3,language science
84,84,12,language science
85,85,5,natural science
86,86,4,natural science
87,87,3,natural science
88,88,6,natural science
89,89,6,natural science
90,90,8,social science
91,91,7,language science
92,92,3,social science
93,93,4,natural science
94,94,3,language science
95,95,3,social science
96,96,6,language science
97,97,6,natural science
98,98,5,natural science
99,99,5,natural science
100,100,3,natural science
101,101,2,natural science
102,102,3,natural science
103,103,5,language science
104,104,8,natural science
105,105,5,natural science
106,106,4,natural science
107,107,7,natural science
108,108,8,language science
109,109,4,language science
110,110,8,natural science
111,111,6,social science
112,112,3,natural science
113,113,3,natural science
114,114,5,language science
115,115,7,natural science
116,116,6,natural science
117,117,4,language science
118,118,7,natural science
119,119,4,social science
120,120,3,social science
121,121,5,social science
122,122,4,language science
123,123,11,language science
124,124,8,natural science
125,125,8,natural science
126,126,4,language science
127,127,2,natural science
128,128,3,natural science
129,129,8,natural science
130,130,6,social science
131,131,12,language science
132,132,7,natural science
133,133,2,natural science
134,134,2,language science
135,135,8,natural science
136,136,7,natural science
137,137,8,natural science
138,138,5,natural science
139,139,6,language science
140,140,5,social science
141,141,2,language science
142,142,7,language science
143,143,3,natural science
144,144,7,natural science
145,145,6,natural science
146,146,10,language science
147,147,4,natural science
148,148,6,natural science
149,149,5,natural science
150,150,8,language science
151,151,2,natural science
152,152,2,social science
153,153,8,language science
154,154,2,natural science
155,155,9,language science
156,156,8,natural science
157,157,7,language science
158,158,2,natural science
159,159,8,language science
160,160,6,natural science
161,161,3,natural science
162,162,7,social science
163,163,2,language science
164,164,6,natural science
165,165,4,natural science
166,166,8,social science
167,167,3,natural science
168,168,6,language science
169,169,5,language science
170,170,3,natural science
171,171,6,natural science
172,172,7,natural science
173,173,8,language science
174,174,3,language science
175,175,7,natural science
176,176,2,language science
177,177,6,natural science
178,178,6,language science
179,179,7,natural science
180,180,6,natural science
181,181,8,language science
182,182,4,social science
183,183,8,natural science
184,184,2,natural science
185,185,4,social science
186,186,4,language science
187,187,4,social science
188,188,6,natural science
189,189,4,language science
190,190,8,natural science
191,191,7,natural science
192,192,7,natural science
193,193,7,natural science
194,194,5,natural science
195,195,3,natural science
196,196,3,natural science
197,197,5,natural science
198,198,4,natural science
199,199,7,language science
200,200,2,natural science
201,201,3,natural science
202,202,8,natural science
203,203,2,social science
204,204,6,social science
205,205,7,language science
206,206,6,natural science
207,207,8,language science
208,208,6,natural science
209,209,8,natural science
210,210,7,natural science
211,211,3,social science
212,212,4,natural science
213,213,2,language science
214,214,4,natural science
215,215,4,natural science
216,216,5,social science
217,217,7,natural science
218,218,6,language science
219,219,5,natural science
220,220,4,social science
221,221,3,language science
222,222,8,natural science
223,223,4,natural science
224,224,5,language science
225,225,3,natural science
226,226,3,social science
227,227,3,natural science
228,228,7,language science
229,229,2,social science
230,230,9,language science
231,231,10,language science
232,232,12,language science
233,233,5,social science
234,234,8,natural science
235,235,6,natural science
236,236,3,language science
237,237,5,natural science
238,238,8,natural science
239,239,8,natural science
240,240,4,natural science
241,241,4,natural science
242,242,7,natural science
243,243,6,social science
244,244,7,natural science
245,245,3,language science
246,246,3,natural science
247,247,4,natural science
248,248,9,language science
249,249,2,natural science
250,250,4,natural science
251,251,2,natural science
252,252,7,natural science
253,253,2,language science
254,254,8,language science
255,255,5,language science
256,256,7,language science
257,257,4,natural science
258,258,4,natural science
259,259,5,social science
260,260,7,social science
261,261,2,natural science
262,262,4,natural science
263,263,6,language science
264,264,2,natural science
265,265,4,natural science
266,266,7,language science
267,267,7,natural science
268,268,4,natural science
269,269,4,natural science
270,270,6,natural science
271,271,5,social science
272,272,3,natural science
273,273,4,social science
274,274,3,language science
275,275,5,language science
276,276,7,social science
277,277,4,social science
278,278,8,social science
279,279,3,natural science
280,280,3,natural science
281,281,6,natural science
282,282,8,social science
283,283,6,social science
284,284,4,natural science
285,285,8,natural science
286,286,8,natural science
287,287,3,natural science
288,288,4,natural science
289,289,3,social science
290,290,5,natural science
291,291,4,language science
292,292,4,social science
293,293,6,natural science
294,294,2,natural science
295,295,6,natural science
296,296,8,natural science
297,297,4,natural science
298,298,2,language science
299,299,4,natural science
300,300,7,natural science
301,301,7,natural science
302,302,4,natural science
303,303,4,social science
304,304,6,natural science
305,305,5,social science
306,306,5,natural science
307,307,7,natural science
308,308,5,natural science
309,309,6,natural science
310,310,6,natural science
311,311,2,natural science
312,312,4,language science
313,313,3,language science
314,314,10,language science
315,315,6,language science
316,316,4,natural science
317,317,6,natural science
318,318,8,natural science
319,319,11,language science
320,320,3,social science
321,321,5,natural science
322,322,2,natural science
323,323,6,natural science
324,324,7,natural science
325,325,5,natural science
326,326,6,language science
327,327,4,language science
328,328,4,social science
329,329,2,natural science
330,330,5,social science
331,331,8,language science
332,332,3,natural science
333,333,9,language science
334,334,7,language science
335,335,3,natural science
336,336,3,social science
337,337,4,natural science
338,338,7,social science
339,339,5,natural science
340,340,4,social science
341,341,6,language science
342,342,4,natural science
343,343,5,natural science
344,344,2,natural science
345,345,5,language science
346,346,2,natural science
347,347,6,social science
348,348,7,natural science
349,349,6,natural science
350,350,3,natural science
351,351,5,natural science
352,352,2,natural science
353,353,11,language science
354,354,2,natural science
355,355,5,natural science
356,356,11,language science
357,357,4,natural science
358,358,8,social science
359,359,4,language science
360,360,2,social science
361,361,4,social science
362,362,5,social science
363,363,2,natural science
364,364,7,natural science
365,365,5,natural science
366,366,4,natural science
367,367,9,language science
368,368,9,language science
369,369,4,natural science
370,370,5,natural science
371,371,9,language science
372,372,5,social science
373,373,5,language science
374,374,3,natural science
375,375,3,social science
376,376,5,natural science
377,377,7,natural science
378,378,4,natural science
379,379,7,natural science
380,380,2,natural science
381,381,5,social science
382,382,6,natural science
383,383,4,language science
384,384,3,social science
385,385,7,social science
386,386,6,natural science
387,387,8,social science
388,388,8,natural science
389,389,12,language science
390,390,6,natural science
391,391,8,natural science
392,392,2,language science
393,393,10,language science
394,394,4,natural science
395,395,4,natural science
396,396,12,language science
397,397,7,language science
398,398,5,natural science
399,399,8,natural science
400,400,6,language science
401,401,10,language science
402,402,5,natural science
403,403,4,natural science
404,404,9,language science
405,405,8,social science
406,406,8,natural science
407,407,8,social science
408,408,3,language science
409,409,8,natural science
410,410,2,social science
411,411,6,natural science
412,412,3,natural science
413,413,6,social science
414,414,7,natural science
415,415,7,natural science
416,416,5,social science
417,417,5,natural science
418,418,8,natural science
419,419,6,natural science
420,420,8,natural science
421,421,7,natural science
422,422,6,natural science
423,423,4,natural science
424,424,9,language science
425,425,7,natural science
426,426,3,natural science
427,427,3,natural science
428,428,9,language science
429,429,5,natural science
430,430,4,natural science
431,431,8,language science
432,432,8,natural science
433,433,2,language science
434,434,5,natural science
435,435,3,social science
436,436,6,natural science
437,437,8,natural science
438,438,7,social science
439,439,5,social science
440,440,8,language science
441,441,8,social science
442,442,5,social science
443,443,9,language science
444,444,5,natural science
445,445,5,social science
446,446,4,language science
447,447,8,natural science
448,448,3,language science
449,449,2,social science
450,450,5,social science
451,451,5,language science
452,452,7,natural science
453,453,8,social science
454,454,2,social science
455,455,3,natural science
456,456,4,language science
457,457,10,language science
458,458,6,natural science
459,459,8,natural science
460,460,8,language science
461,461,6,language science
462,462,6,language science
463,463,5,natural science
464,464,9,language science
465,465,2,language science
466,466,9,language science
467,467,3,social science
468,468,8,social science
469,469,9,language science
470,470,6,natural science
471,471,11,language science
472,472,12,language science
473,473,8,natural science
474,474,4,natural science
475,475,6,natural science
476,476,3,social science
477,477,5,social science
478,478,8,natural science
479,479,7,language science
480,480,7,social science
481,481,2,natural science
482,482,4,natural science
483,483,10,language science
484,484,4,natural science
485,485,5,social science
486,486,9,language science
487,487,6,natural science
488,488,5,natural science
489,489,5,social science
490,490,2,natural science
491,491,9,language science
492,492,2,natural science
493,493,6,natural science
494,494,3,natural science
495,495,5,natural science
496,496,7,social science
497,497,5,natural science
498,498,2,natural science
499,499,6,natural science
500,500,7,natural science
501,501,8,natural science
502,502,3,natural science
503,503,7,natural science
504,504,8,natural science
505,505,8,natural science
506,506,8,social science
507,507,6,natural science
508,508,6,natural science
509,509,7,natural science
510,510,2,natural science
511,511,8,natural science
512,512,2,language science
513,513,5,language science
514,514,2,language science
515,515,3,natural science
516,516,9,language science
517,517,2,social science
518,518,10,language science
519,519,4,social science
520,520,7,natural science
521,521,7,language science
522,522,6,natural science
523,523,6,language science
524,524,6,social science
525,525,5,natural science
526,526,10,language science
527,527,8,natural science
528,528,9,language science
529,529,5,natural science
530,530,3,natural science
531,531,8,natural science
532,532,3,natural science
533,533,5,natural science
534,534,6,natural science
535,535,3,social science
536,536,5,natural science
537,537,5,natural science
538,538,4,language science
539,539,5,natural science
540,540,4,natural science
541,541,4,natural science
542,542,4,natural science
543,543,1,language science
544,544,8,natural science
545,545,2,language science
546,546,5,natural science
547,547,3,social science
548,548,6,natural science
549,549,6,natural science
550,550,7,natural science
551,551,6,natural science
552,552,9,language science
553,553,2,natural science
554,554,3,natural science
555,555,4,natural science
556,556,3,social science
557,557,6,natural science
558,558,4,natural science
559,559,9,language science
560,560,7,natural science
561,561,6,language science
562,562,4,natural science
563,563,5,social science
564,564,4,natural science
565,565,8,natural science
566,566,7,natural science
567,567,6,natural science
568,568,6,natural science
569,569,6,natural science
570,570,6,social science
571,571,4,natural science
572,572,5,social science
573,573,9,language science
574,574,3,language science
575,575,4,social science
576,576,3,natural science
577,577,4,social science
578,578,5,natural science
579,579,5,natural science
580,580,4,natural science
581,581,2,social science
582,582,5,natural science
583,583,6,natural science
584,584,3,social science
585,585,4,language science
586,586,2,natural science
587,587,9,language science
588,588,2,language science
589,589,7,language science
590,590,7,natural science
591,591,4,social science
592,592,4,natural science
593,593,5,natural science
594,594,7,language science
595,595,2,natural science
596,596,5,natural science
597,597,2,language science
598,598,4,social science
599,599,4,natural science
600,600,8,natural science
601,601,7,natural science
602,602,3,natural science
603,603,4,social science
604,604,3,social science
605,605,7,natural science
606,606,8,natural science
607,607,7,natural science
608,608,8,natural science
609,609,5,natural science
610,610,7,natural science
611,611,3,natural science
612,612,10,language science
613,613,7,language science
614,614,5,language science
615,615,7,language science
616,616,5,natural science
617,617,7,natural science
618,618,7,language science
619,619,8,natural science
620,620,9,language science
621,621,8,language science
622,622,7,natural science
623,623,4,social science
624,624,8,language science
625,625,7,language science
626,626,3,natural science
627,627,5,natural science
628,628,2,natural science
629,629,3,natural science
630,630,5,natural science
631,631,7,natural science
632,632,8,social science
633,633,5,natural science
634,634,5,natural science
635,635,5,social science
636,636,5,natural science
637,637,6,language science
638,638,11,language science
639,639,6,natural science
640,640,3,social science
641,641,8,natural science
642,642,2,natural science
643,643,6,natural science
644,644,7,natural science
645,645,5,social science
646,646,6,natural science
647,647,7,natural science
648,648,4,natural science
649,649,8,natural science
650,650,8,natural science
651,651,3,natural science
652,652,4,social science
653,653,7,natural science
654,654,5,natural science
655,655,8,natural science
656,656,2,natural science
657,657,3,language science
658,658,7,social science
659,659,3,natural science
660,660,8,natural science
661,661,6,natural science
662,662,3,natural science
663,663,4,language science
664,664,4,natural science
665,665,8,natural science
666,666,4,natural science
667,667,6,natural science
668,668,3,natural science
669,669,2,social science
670,670,3,social science
671,671,10,language science
672,672,7,natural science
673,673,3,social science
674,674,7,social science
675,675,5,natural science
676,676,2,natural science
677,677,7,natural science
678,678,5,social science
679,679,3,natural science
680,680,3,natural science
681,681,6,natural science
682,682,3,natural science
683,683,8,natural science
684,684,7,natural science
685,685,6,natural science
686,686,3,social science
687,687,4,social science
688,688,2,natural science
689,689,11,language science
690,690,3,social science
691,691,8,social science
692,692,8,natural science
693,693,4,natural science
694,694,7,natural science
695,695,4,social science
696,696,8,social science
697,697,2,natural science
698,698,4,social science
699,699,6,natural science
700,700,3,natural science
701,701,4,natural science
702,702,7,natural science
703,703,3,natural science
704,704,4,natural science
705,705,6,natural science
706,706,5,natural science
707,707,7,social science
708,708,6,natural science
709,709,3,natural science
710,710,6,natural science
711,711,6,natural science
712,712,2,language science
713,713,7,natural science
714,714,2,social science
715,715,5,natural science
716,716,6,natural science
717,717,6,social science
718,718,7,natural science
719,719,5,social science
720,720,7,natural science
721,721,5,natural science
722,722,2,natural science
723,723,8,natural science
724,724,8,natural science
725,725,3,natural science
726,726,7,social science
727,727,4,natural science
728,728,4,language science
729,729,4,natural science
730,730,4,natural science
731,731,11,language science
732,732,3,language science
733,733,3,natural science
734,734,7,natural science
735,735,5,social science
736,736,9,language science
737,737,6,natural science
738,738,4,natural science
739,739,3,natural science
740,740,9,language science
741,741,3,social science
742,742,8,natural science
743,743,4,natural science
744,744,8,natural science
745,745,2,social science
746,746,3,language science
747,747,5,natural science
748,748,7,social science
749,749,3,social science
750,750,10,language science
751,751,4,natural science
752,752,3,natural science
753,753,3,natural science
754,754,8,natural science
755,755,3,social science
756,756,6,natural science
757,757,11,language science
758,758,3,language science
759,759,7,natural science
760,760,4,social science
761,761,5,social science
762,762,8,social science
763,763,5,natural science
764,764,4,natural science
765,765,4,natural science
766,766,2,natural science
767,767,8,natural science
768,768,4,natural science
769,769,3,language science
770,770,7,natural science
771,771,7,language science
772,772,10,language science
773,773,6,natural science
774,774,5,social science
775,775,11,language science
776,776,2,natural science
777,777,5,natural science
778,778,8,social science
779,779,5,social science
780,780,5,social science
781,781,5,social science
782,782,4,natural science
783,783,4,social science
784,784,3,natural science
785,785,5,natural science
786,786,4,language science
787,787,3,social science
788,788,4,social science
789,789,8,language science
790,790,4,natural science
791,791,4,natural science
792,792,7,natural science
793,793,8,natural science
794,794,4,language science
795,795,8,natural science
796,796,6,natural science
797,797,3,natural science
798,798,5,natural science
799,799,8,natural science
800,800,5,natural science
801,801,8,natural science
802,802,5,social science
803,803,6,language science
804,804,5,natural science
805,805,3,social science
806,806,5,social science
807,807,5,social science
808,808,11,language science
809,809,3,natural science
810,810,6,natural science
811,811,5,natural science
812,812,4,social science
813,813,2,natural science
814,814,8,natural science
815,815,5,natural science
816,816,8,language science
817,817,4,social science
818,818,7,natural science
819,819,9,language science
820,820,8,natural science
821,821,4,language science
822,822,10,language science
823,823,8,language science
824,824,12,language science
825,825,8,natural science
826,826,4,language science
827,827,4,natural science
828,828,5,natural science
829,829,2,natural science
830,830,5,social science
831,831,6,social science
832,832,4,social science
833,833,4,natural science
834,834,4,natural science
835,835,3,language science
836,836,12,language science
837,837,4,natural science
838,838,4,natural science
839,839,5,natural science
840,840,2,language science
841,841,7,natural science
842,842,9,language science
843,843,2,natural science
844,844,7,social science
845,845,10,language science
846,846,2,language science
847,847,5,natural science
848,848,5,natural science
849,849,7,social science
850,850,6,language science
851,851,4,social science
852,852,5,social science
853,853,3,natural science
854,854,5,social science
855,855,4,language science
856,856,10,language science
857,857,5,social science
858,858,12,language science
859,859,4,natural science
860,860,6,natural science
861,861,3,language science
862,862,7,language science
863,863,8,natural science
864,864,6,natural science
865,865,3,natural science
866,866,4,language science
867,867,5,natural science
868,868,2,social science
869,869,8,language science
870,870,8,natural science
871,871,5,natural science
872,872,8,social science
873,873,3,language science
874,874,6,natural science
875,875,3,language science
876,876,8,natural science
877,877,2,natural science
878,878,5,natural science
879,879,6,natural science
880,880,4,social science
881,881,3,social science
882,882,5,language science
883,883,7,natural science
884,884,7,social science
885,885,6,natural science
886,886,3,social science
887,887,6,natural science
888,888,4,natural science
889,889,6,social science
890,890,3,natural science
891,891,6,natural science
892,892,8,language science
893,893,3,natural science
894,894,4,language science
895,895,3,natural science
896,896,6,natural science
897,897,8,social science
898,898,8,natural science
899,899,7,natural science
900,900,2,natural science
901,901,4,social science
902,902,8,natural science
903,903,5,natural science
904,904,6,natural science
905,905,4,social science
906,906,3,social science
907,907,8,social science
908,908,5,language science
909,909,4,language science
910,910,3,natural science
911,911,8,language science
912,912,3,language science
913,913,9,language science
914,914,4,language science
915,915,4,language science
916,916,3,social science
917,917,7,natural science
918,918,6,social science
919,919,4,natural science
920,920,7,natural science
921,921,3,natural science
922,922,10,language science
923,923,12,language science
924,924,4,social science
925,925,3,natural science
926,926,2,natural science
927,927,2,natural science
928,928,12,language science
929,929,7,natural science
930,930,3,natural science
931,931,7,social science
932,932,5,natural science
933,933,8,natural science
934,934,7,natural science
935,935,7,language science
936,936,9,language science
937,937,4,natural science
938,938,5,natural science
939,939,2,natural science
940,940,7,natural science
941,941,7,social science
942,942,5,social science
943,943,7,natural science
944,944,3,natural science
945,945,4,natural science
946,946,10,language science
947,947,5,natural science
948,948,3,social science
949,949,6,natural science
950,950,9,language science
951,951,7,language science
952,952,8,natural science
953,953,3,language science
954,954,5,natural science
955,955,6,natural science
956,956,3,social science
957,957,6,natural science
958,958,7,social science
959,959,4,natural science
960,960,4,social science
961,961,8,natural science
962,962,12,language science
963,963,6,natural science
964,964,7,natural science
965,965,3,social science
966,966,12,language science
967,967,7,natural science
968,968,4,natural science
969,969,4,natural science
970,970,2,natural science
971,971,10,language science
972,972,3,natural science
973,973,11,language science
974,974,8,natural science
975,975,8,natural science
976,976,4,natural science
977,977,8,natural science
978,978,5,natural science
979,979,6,natural science
980,980,4,natural science
981,981,8,natural science
982,982,6,natural science
983,983,6,natural science
984,984,7,natural science
985,985,3,natural science
986,986,11,language science
987,987,11,language science
988,988,5,natural science
989,989,4,natural science
990,990,7,social science
991,991,8,natural science
992,992,8,natural science
993,993,4,natural science
994,994,5,social science
995,995,5,social science
996,996,7,social science
997,997,10,language science
998,998,6,social science
999,999,8,natural science
1000,1000,6,language science
1001,1001,2,natural science
1002,1002,6,social science
1003,1003,2,language science
1004,1004,4,language science
1005,1005,7,language science
1006,1006,4,natural science
1007,1007,2,natural science
1008,1008,4,language science
1009,1009,7,natural science
1010,1010,8,natural science
1011,1011,4,natural science
1012,1012,4,natural science
1013,1013,7,natural science
1014,1014,7,natural science
1015,1015,3,natural science
1016,1016,6,language science
1017,1017,7,natural science
1018,1018,4,social science
1019,1019,4,natural science
1020,1020,5,language science
1021,1021,2,natural science
1022,1022,7,social science
1023,1023,3,natural science
1024,1024,7,natural science
1025,1025,7,natural science
1026,1026,6,natural science
1027,1027,5,social science
1028,1028,3,natural science
1029,1029,5,social science
1030,1030,6,natural science
1031,1031,4,natural science
1032,1032,3,social science
1033,1033,8,natural science
1034,1034,8,natural science
1035,1035,8,social science
1036,1036,6,natural science
1037,1037,6,language science
1038,1038,8,social science
1039,1039,6,natural science
1040,1040,5,natural science
1041,1041,3,social science
1042,1042,2,social science
1043,1043,3,natural science
1044,1044,9,language science
1045,1045,4,natural science
1046,1046,7,natural science
1047,1047,2,natural science
1048,1048,4,social science
1049,1049,5,social science
1050,1050,4,natural science
1051,1051,7,natural science
1052,1052,4,social science
1053,1053,7,language science
1054,1054,7,language science
1055,1055,8,social science
1056,1056,7,natural science
1057,1057,3,natural science
1058,1058,6,social science
1059,1059,4,natural science
1060,1060,5,natural science
1061,1061,5,social science
1062,1062,12,language science
1063,1063,4,language science
1064,1064,3,natural science
1065,1065,9,language science
1066,1066,3,natural science
1067,1067,4,natural science
1068,1068,5,social science
1069,1069,7,natural science
1070,1070,7,natural science
1071,1071,5,natural science
1072,1072,5,natural science
1073,1073,4,language science
1074,1074,5,natural science
1075,1075,8,social science
1076,1076,7,language science
1077,1077,3,social science
1078,1078,6,natural science
1079,1079,7,natural science
1080,1080,10,language science
1081,1081,4,natural science
1082,1082,3,language science
1083,1083,2,language science
1084,1084,8,social science
1085,1085,3,natural science
1086,1086,2,language science
1087,1087,7,natural science
1088,1088,10,language science
1089,1089,10,language science
1090,1090,11,language science
1091,1091,8,social science
1092,1092,6,social science
1093,1093,3,natural science
1094,1094,5,natural science
1095,1095,4,natural science
1096,1096,2,language science
1097,1097,6,social science
1098,1098,4,social science
1099,1099,12,language science
1100,1100,2,social science
1101,1101,2,natural science
1102,1102,2,natural science
1103,1103,2,language science
1104,1104,3,natural science
1105,1105,6,language science
1106,1106,6,natural science
1107,1107,7,social science
1108,1108,3,social science
1109,1109,4,social science
1110,1110,5,language science
1111,1111,8,natural science
1112,1112,8,natural science
1113,1113,6,natural science
1114,1114,2,natural science
1115,1115,4,natural science
1116,1116,7,natural science
1117,1117,5,social science
1118,1118,6,social science
1119,1119,3,natural science
1120,1120,2,natural science
1121,1121,5,natural science
1122,1122,7,natural science
1123,1123,7,natural science
1124,1124,3,natural science
1125,1125,4,social science
1126,1126,4,natural science
1127,1127,7,natural science
1128,1128,3,natural science
1129,1129,12,language science
1130,1130,6,natural science
1131,1131,6,language science
1132,1132,12,language science
1133,1133,5,social science
1134,1134,4,natural science
1135,1135,7,natural science
1136,1136,7,natural science
1137,1137,6,natural science
1138,1138,3,natural science
1139,1139,6,natural science
1140,1140,3,social science
1141,1141,8,language science
1142,1142,7,language science
1143,1143,2,natural science
1144,1144,3,natural science
1145,1145,4,natural science
1146,1146,7,natural science
1147,1147,2,language science
1148,1148,7,social science
1149,1149,4,natural science
1150,1150,2,natural science
1151,1151,9,language science
1152,1152,7,natural science
1153,1153,5,natural science
1154,1154,6,natural science
1155,1155,2,language science
1156,1156,4,social science
1157,1157,2,natural science
1158,1158,7,natural science
1159,1159,4,social science
1160,1160,8,natural science
1161,1161,12,language science
1162,1162,7,natural science
1163,1163,7,language science
1164,1164,2,language science
1165,1165,4,social science
1166,1166,9,language science
1167,1167,3,social science
1168,1168,7,natural science
1169,1169,8,language science
1170,1170,10,language science
1171,1171,6,social science
1172,1172,3,language science
1173,1173,5,natural science
1174,1174,2,language science
1175,1175,12,language science
1176,1176,4,natural science
1177,1177,5,natural science
1178,1178,4,social science
1179,1179,11,language science
1180,1180,6,social science
1181,1181,12,language science
1182,1182,5,natural science
1183,1183,2,natural science
1184,1184,4,natural science
1185,1185,4,natural science
1186,1186,11,language science
1187,1187,4,language science
1188,1188,1,language science
1189,1189,2,natural science
1190,1190,10,language science
1191,1191,6,social science
1192,1192,4,natural science
1193,1193,4,natural science
1194,1194,3,language science
1195,1195,2,language science
1196,1196,6,natural science
1197,1197,5,social science
1198,1198,4,natural science
1199,1199,5,social science
1200,1200,6,natural science
1201,1201,4,natural science
1202,1202,5,social science
1203,1203,4,natural science
1204,1204,7,natural science
1205,1205,7,natural science
1206,1206,9,language science
1207,1207,2,language science
1208,1208,2,natural science
1209,1209,6,language science
1210,1210,4,language science
1211,1211,8,natural science
1212,1212,7,language science
1213,1213,4,social science
1214,1214,6,natural science
1215,1215,3,natural science
1216,1216,3,social science
1217,1217,2,social science
1218,1218,3,language science
1219,1219,6,social science
1220,1220,4,language science
1221,1221,5,natural science
1222,1222,4,natural science
1223,1223,5,social science
1224,1224,3,natural science
1225,1225,8,natural science
1226,1226,8,social science
1227,1227,8,natural science
1228,1228,3,natural science
1229,1229,2,natural science
1230,1230,3,natural science
1231,1231,7,social science
1232,1232,6,natural science
1233,1233,10,language science
1234,1234,5,language science
1235,1235,6,language science
1236,1236,6,natural science
1237,1237,8,language science
1238,1238,8,natural science
1239,1239,5,natural science
1240,1240,2,language science
1241,1241,3,social science
1242,1242,3,natural science
1243,1243,3,social science
1244,1244,4,natural science
1245,1245,8,language science
1246,1246,10,language science
1247,1247,3,natural science
1248,1248,7,language science
1249,1249,6,natural science
1250,1250,4,language science
1251,1251,3,social science
1252,1252,4,language science
1253,1253,6,natural science
1254,1254,3,natural science
1255,1255,3,language science
1256,1256,6,natural science
1257,1257,9,language science
1258,1258,6,natural science
1259,1259,6,social science
1260,1260,8,social science
1261,1261,4,language science
1262,1262,3,natural science
1263,1263,5,social science
1264,1264,4,natural science
1265,1265,2,natural science
1266,1266,6,natural science
1267,1267,7,natural science
1268,1268,5,natural science
1269,1269,3,natural science
1270,1270,12,language science
1271,1271,6,language science
1272,1272,6,natural science
1273,1273,5,natural science
1274,1274,4,social science
1275,1275,4,social science
1276,1276,11,language science
1277,1277,7,natural science
1278,1278,4,social science
1279,1279,6,natural science
1280,1280,5,natural science
1281,1281,4,social science
1282,1282,7,natural science
1283,1283,3,natural science
1284,1284,2,social science
1285,1285,6,natural science
1286,1286,7,natural science
1287,1287,5,social science
1288,1288,6,natural science
1289,1289,3,social science
1290,1290,3,natural science
1291,1291,7,natural science
1292,1292,7,natural science
1293,1293,8,natural science
1294,1294,2,natural science
1295,1295,12,language science
1296,1296,2,language science
1297,1297,12,language science
1298,1298,2,natural science
1299,1299,3,natural science
1300,1300,8,language science
1301,1301,6,social science
1302,1302,5,social science
1303,1303,3,natural science
1304,1304,4,natural science
1305,1305,8,natural science
1306,1306,5,natural science
1307,1307,5,natural science
1308,1308,7,natural science
1309,1309,4,social science
1310,1310,5,language science
1311,1311,4,social science
1312,1312,6,language science
1313,1313,8,natural science
1314,1314,12,language science
1315,1315,3,natural science
1316,1316,3,natural science
1317,1317,4,natural science
1318,1318,8,natural science
1319,1319,8,natural science
1320,1320,5,natural science
1321,1321,3,language science
1322,1322,12,language science
1323,1323,4,natural science
1324,1324,7,natural science
1325,1325,6,social science
1326,1326,2,natural science
1327,1327,4,social science
1328,1328,3,natural science
1329,1329,7,social science
1330,1330,3,natural science
1331,1331,3,language science
1332,1332,3,social science
1333,1333,8,natural science
1334,1334,4,social science
1335,1335,2,natural science
1336,1336,7,natural science
1337,1337,2,natural science
1338,1338,7,language science
1339,1339,11,language science
1340,1340,4,language science
1341,1341,8,natural science
1342,1342,1,language science
1343,1343,6,natural science
1344,1344,5,natural science
1345,1345,5,natural science
1346,1346,6,language science
1347,1347,6,social science
1348,1348,7,language science
1349,1349,6,natural science
1350,1350,4,natural science
1351,1351,6,natural science
1352,1352,4,social science
1353,1353,4,natural science
1354,1354,4,natural science
1355,1355,10,language science
1356,1356,7,natural science
1357,1357,9,language science
1358,1358,4,social science
1359,1359,5,social science
1360,1360,10,language science
1361,1361,3,natural science
1362,1362,6,language science
1363,1363,7,natural science
1364,1364,12,language science
1365,1365,3,natural science
1366,1366,6,natural science
1367,1367,7,natural science
1368,1368,8,natural science
1369,1369,8,natural science
1370,1370,6,language science
1371,1371,4,social science
1372,1372,7,natural science
1373,1373,5,social science
1374,1374,4,social science
1375,1375,5,natural science
1376,1376,7,natural science
1377,1377,11,language science
1378,1378,5,language science
1379,1379,2,natural science
1380,1380,8,social science
1381,1381,8,social science
1382,1382,7,social science
1383,1383,7,natural science
1384,1384,8,social science
1385,1385,2,language science
1386,1386,6,natural science
1387,1387,4,social science
1388,1388,2,natural science
1389,1389,3,social science
1390,1390,5,natural science
1391,1391,6,natural science
1392,1392,5,natural science
1393,1393,5,natural science
1394,1394,3,social science
1395,1395,2,natural science
1396,1396,5,natural science
1397,1397,5,social science
1398,1398,9,language science
1399,1399,9,language science
1400,1400,8,natural science
1401,1401,1,language science
1402,1402,6,social science
1403,1403,8,natural science
1404,1404,8,social science
1405,1405,8,language science
1406,1406,6,language science
1407,1407,6,language science
1408,1408,4,natural science
1409,1409,6,natural science
1410,1410,4,social science
1411,1411,7,natural science
1412,1412,5,natural science
1413,1413,3,social science
1414,1414,4,natural science
1415,1415,4,natural science
1416,1416,2,natural science
1417,1417,8,natural science
1418,1418,5,natural science
1419,1419,7,natural science
1420,1420,6,social science
1421,1421,6,natural science
1422,1422,2,social science
1423,1423,6,natural science
1424,1424,7,natural science
1425,1425,3,language science
1426,1426,4,social science
1427,1427,7,language science
1428,1428,5,social science
1429,1429,7,language science
1430,1430,6,natural science
1431,1431,7,social science
1432,1432,6,language science
1433,1433,12,language science
1434,1434,7,natural science
1435,1435,3,natural science
1436,1436,4,social science
1437,1437,2,natural science
1438,1438,7,language science
1439,1439,9,language science
1440,1440,2,language science
1441,1441,4,natural science
1442,1442,8,natural science
1443,1443,3,natural science
1444,1444,10,language science
1445,1445,4,language science
1446,1446,5,natural science
1447,1447,5,natural science
1448,1448,3,language science
1449,1449,7,language science
1450,1450,5,natural science
1451,1451,6,natural science
1452,1452,4,natural science
1453,1453,7,natural science
1454,1454,7,natural science
1455,1455,4,language science
1456,1456,4,natural science
1457,1457,8,natural science
1458,1458,5,natural science
1459,1459,12,language science
1460,1460,6,social science
1461,1461,5,social science
1462,1462,6,natural science
1463,1463,6,natural science
1464,1464,5,language science
1465,1465,8,natural science
1466,1466,5,natural science
1467,1467,8,social science
1468,1468,7,language science
1469,1469,3,natural science
1470,1470,5,natural science
1471,1471,3,natural science
1472,1472,5,natural science
1473,1473,11,language science
1474,1474,8,natural science
1475,1475,7,social science
1476,1476,3,natural science
1477,1477,4,natural science
1478,1478,8,natural science
1479,1479,7,natural science
1480,1480,6,natural science
1481,1481,9,language science
1482,1482,4,social science
1483,1483,8,natural science
1484,1484,8,language science
1485,1485,8,language science
1486,1486,4,natural science
1487,1487,7,natural science
1488,1488,6,natural science
1489,1489,4,natural science
1490,1490,5,social science
1491,1491,4,natural science
1492,1492,3,natural science
1493,1493,11,language science
1494,1494,4,natural science
1495,1495,3,natural science
1496,1496,8,social science
1497,1497,6,language science
1498,1498,6,natural science
1499,1499,3,social science
1500,1500,2,natural science
1501,1501,3,language science
1502,1502,3,natural science
1503,1503,3,natural science
1504,1504,10,language science
1505,1505,4,natural science
1506,1506,5,natural science
1507,1507,12,language science
1508,1508,8,natural science
1509,1509,2,natural science
1510,1510,8,natural science
1511,1511,3,natural science
1512,1512,2,natural science
1513,1513,5,natural science
1514,1514,3,natural science
1515,1515,4,social science
1516,1516,4,natural science
1517,1517,8,social science
1518,1518,7,natural science
1519,1519,7,social science
1520,1520,10,language science
1521,1521,7,natural science
1522,1522,3,natural science
1523,1523,5,social science
1524,1524,7,social science
1525,1525,4,social science
1526,1526,3,natural science
1527,1527,5,natural science
1528,1528,3,natural science
1529,1529,5,natural science
1530,1530,7,natural science
1531,1531,5,natural science
1532,1532,5,natural science
1533,1533,1,language science
1534,1534,8,natural science
1535,1535,3,social science
1536,1536,8,natural science
1537,1537,9,language science
1538,1538,5,natural science
1539,1539,12,language science
1540,1540,12,language science
1541,1541,2,natural science
1542,1542,4,natural science
1543,1543,4,natural science
1544,1544,4,social science
1545,1545,7,social science
1546,1546,6,natural science
1547,1547,2,natural science
1548,1548,8,natural science
1549,1549,6,natural science
1550,1550,4,natural science
1551,1551,5,natural science
1552,1552,3,natural science
1553,1553,5,natural science
1554,1554,5,natural science
1555,1555,3,social science
1556,1556,6,natural science
1557,1557,2,language science
1558,1558,7,social science
1559,1559,8,natural science
1560,1560,5,natural science
1561,1561,8,social science
1562,1562,7,natural science
1563,1563,5,natural science
1564,1564,4,natural science
1565,1565,6,natural science
1566,1566,2,natural science
1567,1567,6,natural science
1568,1568,6,natural science
1569,1569,4,social science
1570,1570,8,natural science
1571,1571,12,language science
1572,1572,4,language science
1573,1573,9,language science
1574,1574,5,social science
1575,1575,8,natural science
1576,1576,8,natural science
1577,1577,7,language science
1578,1578,2,natural science
1579,1579,6,natural science
1580,1580,10,language science
1581,1581,6,social science
1582,1582,6,social science
1583,1583,7,natural science
1584,1584,9,language science
1585,1585,2,natural science
1586,1586,4,social science
1587,1587,3,natural science
1588,1588,3,language science
1589,1589,3,natural science
1590,1590,4,social science
1591,1591,7,natural science
1592,1592,11,language science
1593,1593,7,natural science
1594,1594,3,natural science
1595,1595,5,natural science
1596,1596,3,natural science
1597,1597,4,social science
1598,1598,8,natural science
1599,1599,4,natural science
1600,1600,4,language science
1601,1601,3,natural science
1602,1602,8,social science
1603,1603,6,natural science
1604,1604,7,social science
1605,1605,6,language science
1606,1606,3,language science
1607,1607,5,natural science
1608,1608,3,language science
1609,1609,6,social science
1610,1610,11,language science
1611,1611,5,social science
1612,1612,5,language science
1613,1613,2,social science
1614,1614,7,natural science
1615,1615,5,natural science
1616,1616,8,natural science
1617,1617,12,language science
1618,1618,3,language science
1619,1619,2,language science
1620,1620,8,natural science
1621,1621,3,natural science
1622,1622,5,natural science
1623,1623,5,natural science
1624,1624,5,natural science
1625,1625,6,natural science
1626,1626,4,natural science
1627,1627,3,social science
1628,1628,6,natural science
1629,1629,4,natural science
1630,1630,7,social science
1631,1631,7,social science
1632,1632,7,language science
1633,1633,8,natural science
1634,1634,3,natural science
1635,1635,7,language science
1636,1636,8,natural science
1637,1637,9,language science
1638,1638,3,natural science
1639,1639,4,natural science
1640,1640,3,social science
1641,1641,3,natural science
1642,1642,4,social science
1643,1643,7,natural science
1644,1644,2,social science
1645,1645,2,natural science
1646,1646,11,language science
1647,1647,7,natural science
1648,1648,4,language science
1649,1649,3,natural science
1650,1650,6,language science
1651,1651,4,social science
1652,1652,11,language science
1653,1653,8,social science
1654,1654,5,natural science
1655,1655,11,language science
1656,1656,7,natural science
1657,1657,9,language science
1658,1658,8,natural science
1659,1659,6,language science
1660,1660,3,natural science
1661,1661,4,natural science
1662,1662,3,natural science
1663,1663,7,natural science
1664,1664,7,natural science
1665,1665,5,language science
1666,1666,7,natural science
1667,1667,3,natural science
1668,1668,5,natural science
1669,1669,4,social science
1670,1670,8,language science
1671,1671,9,language science
1672,1672,8,natural science
1673,1673,7,language science
1674,1674,8,natural science
1675,1675,3,language science
1676,1676,8,natural science
1677,1677,5,natural science
1678,1678,7,natural science
1679,1679,3,natural science
1680,1680,3,social science
1681,1681,3,social science
1682,1682,4,natural science
1683,1683,10,language science
1684,1684,7,natural science
1685,1685,4,natural science
1686,1686,4,natural science
1687,1687,8,social science
1688,1688,3,social science
1689,1689,2,language science
1690,1690,6,language science
1691,1691,5,natural science
1692,1692,7,natural science
1693,1693,5,natural science
1694,1694,11,language science
1695,1695,11,language science
1696,1696,5,social science
1697,1697,6,natural science
1698,1698,4,natural science
1699,1699,4,natural science
1700,1700,4,social science
1701,1701,2,natural science
1702,1702,7,natural science
1703,1703,7,natural science
1704,1704,5,social science
1705,1705,7,natural science
1706,1706,6,social science
1707,1707,8,natural science
1708,1708,12,language science
1709,1709,11,language science
1710,1710,3,social science
1711,1711,8,social science
1712,1712,4,social science
1713,1713,7,natural science
1714,1714,8,natural science
1715,1715,4,natural science
1716,1716,8,natural science
1717,1717,4,natural science
1718,1718,8,natural science
1719,1719,4,natural science
1720,1720,7,natural science
1721,1721,3,natural science
1722,1722,5,social science
1723,1723,12,language science
1724,1724,11,language science
1725,1725,7,language science
1726,1726,7,language science
1727,1727,7,language science
1728,1728,3,social science
1729,1729,3,language science
1730,1730,8,natural science
1731,1731,3,natural science
1732,1732,6,natural science
1733,1733,3,social science
1734,1734,8,natural science
1735,1735,2,language science
1736,1736,12,language science
1737,1737,5,natural science
1738,1738,11,language science
1739,1739,8,language science
1740,1740,11,language science
1741,1741,6,social science
1742,1742,11,language science
1743,1743,7,natural science
1744,1744,4,natural science
1745,1745,10,language science
1746,1746,4,social science
1747,1747,11,language science
1748,1748,8,natural science
1749,1749,4,natural science
1750,1750,7,language science
1751,1751,5,natural science
1752,1752,8,social science
1753,1753,2,language science
1754,1754,7,natural science
1755,1755,8,natural science
1756,1756,4,social science
1757,1757,9,language science
1758,1758,5,natural science
1759,1759,4,social science
1760,1760,2,natural science
1761,1761,6,natural science
1762,1762,8,social science
1763,1763,2,natural science
1764,1764,6,natural science
1765,1765,8,social science
1766,1766,7,natural science
1767,1767,10,language science
1768,1768,6,natural science
1769,1769,2,language science
1770,1770,4,natural science
1771,1771,4,social science
1772,1772,11,language science
1773,1773,5,natural science
1774,1774,8,natural science
1775,1775,9,language science
1776,1776,3,social science
1777,1777,4,natural science
1778,1778,8,social science
1779,1779,8,natural science
1780,1780,8,natural science
1781,1781,2,natural science
1782,1782,2,language science
1783,1783,4,natural science
1784,1784,4,natural science
1785,1785,3,social science
1786,1786,4,language science
1787,1787,5,language science
1788,1788,3,language science
1789,1789,5,natural science
1790,1790,6,language science
1791,1791,4,natural science
1792,1792,3,natural science
1793,1793,4,natural science
1794,1794,4,natural science
1795,1795,10,language science
1796,1796,3,natural science
1797,1797,3,language science
1798,1798,6,natural science
1799,1799,3,natural science
1800,1800,4,language science
1801,1801,3,natural science
1802,1802,12,language science
1803,1803,4,natural science
1804,1804,7,social science
1805,1805,2,social science
1806,1806,5,social science
1807,1807,4,natural science
1808,1808,3,natural science
1809,1809,6,natural science
1810,1810,5,social science
1811,1811,3,natural science
1812,1812,4,social science
1813,1813,3,language science
1814,1814,5,language science
1815,1815,4,natural science
1816,1816,7,natural science
1817,1817,5,social science
1818,1818,5,social science
1819,1819,4,social science
1820,1820,3,natural science
1821,1821,4,language science
1822,1822,7,language science
1823,1823,10,language science
1824,1824,11,language science
1825,1825,4,social science
1826,1826,7,social science
1827,1827,2,natural science
1828,1828,4,natural science
1829,1829,10,language science
1830,1830,6,natural science
1831,1831,4,social science
1832,1832,5,social science
1833,1833,6,natural science
1834,1834,2,language science
1835,1835,3,social science
1836,1836,7,natural science
1837,1837,8,natural science
1838,1838,8,natural science
1839,1839,4,language science
1840,1840,3,language science
1841,1841,6,natural science
1842,1842,6,natural science
1843,1843,8,language science
1844,1844,2,natural science
1845,1845,6,natural science
1846,1846,5,natural science
1847,1847,3,natural science
1848,1848,3,natural science
1849,1849,4,natural science
1850,1850,6,social science
1851,1851,5,natural science
1852,1852,4,natural science
1853,1853,5,natural science
1854,1854,5,natural science
1855,1855,5,social science
1856,1856,5,language science
1857,1857,5,natural science
1858,1858,10,language science
1859,1859,6,natural science
1860,1860,12,language science
1861,1861,7,natural science
1862,1862,12,language science
1863,1863,4,natural science
1864,1864,1,language science
1865,1865,7,natural science
1866,1866,8,natural science
1867,1867,5,social science
1868,1868,5,natural science
1869,1869,4,social science
1870,1870,7,social science
1871,1871,11,language science
1872,1872,3,natural science
1873,1873,7,language science
1874,1874,5,natural science
1875,1875,3,social science
1876,1876,7,natural science
1877,1877,5,natural science
1878,1878,8,natural science
1879,1879,8,social science
1880,1880,5,natural science
1881,1881,4,natural science
1882,1882,4,natural science
1883,1883,3,natural science
1884,1884,8,natural science
1885,1885,5,social science
1886,1886,5,natural science
1887,1887,4,social science
1888,1888,9,language science
1889,1889,6,natural science
1890,1890,4,language science
1891,1891,3,language science
1892,1892,3,natural science
1893,1893,3,natural science
1894,1894,7,natural science
1895,1895,5,social science
1896,1896,4,natural science
1897,1897,4,social science
1898,1898,9,language science
1899,1899,4,natural science
1900,1900,3,natural science
1901,1901,6,natural science
1902,1902,4,natural science
1903,1903,8,natural science
1904,1904,3,social science
1905,1905,6,natural science
1906,1906,8,natural science
1907,1907,4,natural science
1908,1908,8,natural science
1909,1909,8,social science
1910,1910,3,social science
1911,1911,4,social science
1912,1912,7,natural science
1913,1913,7,social science
1914,1914,8,natural science
1915,1915,7,social science
1916,1916,2,natural science
1917,1917,7,natural science
1918,1918,11,language science
1919,1919,7,natural science
1920,1920,4,natural science
1921,1921,8,natural science
1922,1922,3,social science
1923,1923,6,language science
1924,1924,8,natural science
1925,1925,8,natural science
1926,1926,6,natural science
1927,1927,7,natural science
1928,1928,2,language science
1929,1929,4,natural science
1930,1930,6,social science
1931,1931,4,natural science
1932,1932,11,language science
1933,1933,8,language science
1934,1934,5,natural science
1935,1935,2,natural science
1936,1936,4,natural science
1937,1937,6,natural science
1938,1938,7,natural science
1939,1939,7,language science
1940,1940,5,social science
1941,1941,4,language science
1942,1942,7,natural science
1943,1943,3,natural science
1944,1944,12,language science
1945,1945,5,natural science
1946,1946,6,language science
1947,1947,4,natural science
1948,1948,10,language science
1949,1949,5,natural science
1950,1950,7,social science
1951,1951,5,social science
1952,1952,5,natural science
1953,1953,4,natural science
1954,1954,4,language science
1955,1955,6,natural science
1956,1956,5,natural science
1957,1957,6,social science
1958,1958,11,language science
1959,1959,7,natural science
1960,1960,5,natural science
1961,1961,3,social science
1962,1962,6,social science
1963,1963,7,natural science
1964,1964,5,natural science
1965,1965,3,natural science
1966,1966,11,language science
1967,1967,4,natural science
1968,1968,4,natural science
1969,1969,8,natural science
1970,1970,4,social science
1971,1971,8,natural science
1972,1972,4,language science
1973,1973,4,language science
1974,1974,8,social science
1975,1975,8,social science
1976,1976,5,social science
1977,1977,5,natural science
1978,1978,9,language science
1979,1979,3,social science
1980,1980,8,natural science
1981,1981,3,language science
1982,1982,5,natural science
1983,1983,6,natural science
1984,1984,5,natural science
1985,1985,2,natural science
1986,1986,7,natural science
1987,1987,2,natural science
1988,1988,4,natural science
1989,1989,7,natural science
1990,1990,5,natural science
1991,1991,4,social science
1992,1992,8,natural science
1993,1993,4,language science
1994,1994,2,natural science
1995,1995,5,natural science
1996,1996,7,social science
1997,1997,6,natural science
1998,1998,4,social science
1999,1999,6,natural science
2000,2000,7,language science
2001,2001,3,social science
2002,2002,7,language science
2003,2003,4,language science
2004,2004,9,language science
2005,2005,3,natural science
2006,2006,6,natural science
2007,2007,6,natural science
2008,2008,4,natural science
2009,2009,4,natural science
2010,2010,3,natural science
2011,2011,7,natural science
2012,2012,4,natural science
2013,2013,7,natural science
2014,2014,8,social science
2015,2015,4,natural science
2016,2016,7,natural science
2017,2017,3,natural science
2018,2018,11,language science
2019,2019,4,social science
2020,2020,5,social science
2021,2021,7,natural science
2022,2022,2,language science
2023,2023,8,social science
2024,2024,8,natural science
2025,2025,6,natural science
2026,2026,7,language science
2027,2027,5,social science
2028,2028,5,natural science
2029,2029,5,natural science
2030,2030,8,language science
2031,2031,7,natural science
2032,2032,4,natural science
2033,2033,9,language science
2034,2034,3,natural science
2035,2035,7,social science
2036,2036,10,language science
2037,2037,3,natural science
2038,2038,8,language science
2039,2039,4,natural science
2040,2040,7,natural science
2041,2041,4,social science
2042,2042,2,natural science
2043,2043,7,social science
2044,2044,2,natural science
2045,2045,7,language science
2046,2046,5,social science
2047,2047,5,natural science
2048,2048,4,language science
2049,2049,11,language science
2050,2050,3,natural science
2051,2051,6,natural science
2052,2052,5,natural science
2053,2053,4,natural science
2054,2054,3,natural science
2055,2055,4,social science
2056,2056,6,natural science
2057,2057,5,natural science
2058,2058,4,language science
2059,2059,7,natural science
2060,2060,3,natural science
2061,2061,7,social science
2062,2062,8,language science
2063,2063,3,natural science
2064,2064,7,natural science
2065,2065,6,natural science
2066,2066,3,natural science
2067,2067,1,language science
2068,2068,2,natural science
2069,2069,4,social science
2070,2070,6,natural science
2071,2071,4,social science
2072,2072,7,natural science
2073,2073,3,natural science
2074,2074,3,social science
2075,2075,6,natural science
2076,2076,8,social science
2077,2077,2,social science
2078,2078,9,language science
2079,2079,10,language science
2080,2080,3,natural science
2081,2081,5,natural science
2082,2082,5,language science
2083,2083,7,natural science
2084,2084,12,language science
2085,2085,3,natural science
2086,2086,2,natural science
2087,2087,3,natural science
2088,2088,11,language science
2089,2089,10,language science
2090,2090,3,language science
2091,2091,5,language science
2092,2092,10,language science
2093,2093,4,social science
2094,2094,2,natural science
2095,2095,8,social science
2096,2096,7,natural science
2097,2097,5,natural science
2098,2098,2,natural science
2099,2099,1,language science
2100,2100,8,natural science
2101,2101,2,language science
2102,2102,6,language science
2103,2103,2,natural science
2104,2104,3,language science
2105,2105,5,natural science
2106,2106,4,language science
2107,2107,7,natural science
2108,2108,5,natural science
2109,2109,4,natural science
2110,2110,4,social science
2111,2111,6,natural science
2112,2112,10,language science
2113,2113,4,natural science
2114,2114,6,natural science
2115,2115,5,natural science
2116,2116,4,natural science
2117,2117,3,social science
2118,2118,7,language science
2119,2119,2,language science
2120,2120,7,language science
2121,2121,4,natural science
2122,2122,2,language science
2123,2123,6,language science
2124,2124,8,natural science
2125,2125,6,language science
2126,2126,9,language science
2127,2127,2,natural science
2128,2128,6,natural science
2129,2129,5,natural science
2130,2130,4,natural science
2131,2131,10,language science
2132,2132,5,social science
2133,2133,2,language science
2134,2134,4,natural science
2135,2135,6,language science
2136,2136,4,social science
2137,2137,7,natural science
2138,2138,7,language science
2139,2139,5,social science
2140,2140,7,natural science
2141,2141,7,social science
2142,2142,1,language science
2143,2143,5,natural science
2144,2144,7,natural science
2145,2145,6,natural science
2146,2146,5,social science
2147,2147,4,natural science
2148,2148,3,natural science
2149,2149,2,natural science
2150,2150,3,natural science
2151,2151,4,social science
2152,2152,7,natural science
2153,2153,7,social science
2154,2154,3,natural science
2155,2155,4,social science
2156,2156,8,social science
2157,2157,3,social science
2158,2158,6,natural science
2159,2159,5,natural science
2160,2160,5,natural science
2161,2161,6,natural science
2162,2162,4,natural science
2163,2163,4,natural science
2164,2164,6,natural science
2165,2165,3,natural science
2166,2166,4,language science
2167,2167,7,natural science
2168,2168,5,social science
2169,2169,5,natural science
2170,2170,8,natural science
2171,2171,9,language science
2172,2172,2,language science
2173,2173,6,natural science
2174,2174,4,social science
2175,2175,8,natural science
2176,2176,2,natural science
2177,2177,8,natural science
2178,2178,3,language science
2179,2179,10,language science
2180,2180,2,natural science
2181,2181,5,natural science
2182,2182,9,language science
2183,2183,6,natural science
2184,2184,6,language science
2185,2185,6,social science
2186,2186,6,social science
2187,2187,4,social science
2188,2188,6,natural science
2189,2189,6,natural science
2190,2190,2,natural science
2191,2191,5,natural science
2192,2192,7,natural science
2193,2193,4,social science
2194,2194,7,natural science
2195,2195,6,natural science
2196,2196,6,natural science
2197,2197,8,natural science
2198,2198,7,natural science
2199,2199,5,natural science
2200,2200,7,natural science
2201,2201,5,social science
2202,2202,8,natural science
2203,2203,6,social science
2204,2204,5,language science
2205,2205,10,language science
2206,2206,4,language science
2207,2207,8,natural science
2208,2208,10,language science
2209,2209,8,social science
2210,2210,2,natural science
2211,2211,5,natural science
2212,2212,8,natural science
2213,2213,3,natural science
2214,2214,4,natural science
2215,2215,5,natural science
2216,2216,2,natural science
2217,2217,8,natural science
2218,2218,5,natural science
2219,2219,7,natural science
2220,2220,5,social science
2221,2221,12,language science
2222,2222,6,natural science
2223,2223,8,social science
2224,2224,8,natural science
2225,2225,2,natural science
2226,2226,2,social science
2227,2227,5,social science
2228,2228,2,natural science
2229,2229,3,natural science
2230,2230,2,natural science
2231,2231,8,natural science
2232,2232,5,language science
2233,2233,5,natural science
2234,2234,6,natural science
2235,2235,11,language science
2236,2236,9,language science
2237,2237,3,language science
2238,2238,4,natural science
2239,2239,10,language science
2240,2240,9,language science
2241,2241,4,natural science
2242,2242,12,language science
2243,2243,5,natural science
2244,2244,7,language science
2245,2245,3,natural science
2246,2246,4,natural science
2247,2247,3,language science
2248,2248,3,language science
2249,2249,5,natural science
2250,2250,7,natural science
2251,2251,9,language science
2252,2252,3,language science
2253,2253,12,language science
2254,2254,7,social science
2255,2255,6,language science
2256,2256,5,natural science
2257,2257,5,social science
2258,2258,5,social science
2259,2259,7,social science
2260,2260,8,language science
2261,2261,3,social science
2262,2262,5,natural science
2263,2263,7,natural science
2264,2264,6,natural science
2265,2265,9,language science
2266,2266,3,natural science
2267,2267,6,natural science
2268,2268,8,social science
2269,2269,5,language science
2270,2270,8,natural science
2271,2271,6,natural science
2272,2272,4,natural science
2273,2273,6,social science
2274,2274,8,social science
2275,2275,5,natural science
2276,2276,8,natural science
2277,2277,4,natural science
2278,2278,5,natural science
2279,2279,9,language science
2280,2280,4,natural science
2281,2281,3,social science
2282,2282,6,natural science
2283,2283,4,social science
2284,2284,2,natural science
2285,2285,6,social science
2286,2286,7,natural science
2287,2287,4,natural science
2288,2288,3,social science
2289,2289,3,natural science
2290,2290,7,social science
2291,2291,5,social science
2292,2292,8,natural science
2293,2293,11,language science
2294,2294,6,natural science
2295,2295,7,natural science
2296,2296,2,social science
2297,2297,4,natural science
2298,2298,12,language science
2299,2299,6,social science
2300,2300,7,language science
2301,2301,6,language science
2302,2302,3,social science
2303,2303,7,language science
2304,2304,5,natural science
2305,2305,8,natural science
2306,2306,8,natural science
2307,2307,3,natural science
2308,2308,3,natural science
2309,2309,4,language science
2310,2310,6,natural science
2311,2311,2,natural science
2312,2312,5,social science
2313,2313,12,language science
2314,2314,4,natural science
2315,2315,5,natural science
2316,2316,2,natural science
2317,2317,8,natural science
2318,2318,5,natural science
2319,2319,6,natural science
2320,2320,5,natural science
2321,2321,4,natural science
2322,2322,2,natural science
2323,2323,6,social science
2324,2324,8,natural science
2325,2325,5,social science
2326,2326,6,natural science
2327,2327,3,natural science
2328,2328,3,social science
2329,2329,3,language science
2330,2330,12,language science
2331,2331,3,natural science
2332,2332,2,natural science
2333,2333,4,language science
2334,2334,7,language science
2335,2335,8,social science
2336,2336,3,natural science
2337,2337,3,social science
2338,2338,7,social science
2339,2339,7,natural science
2340,2340,6,natural science
2341,2341,3,social science
2342,2342,5,social science
2343,2343,6,social science
2344,2344,4,natural science
2345,2345,9,language science
2346,2346,8,social science
2347,2347,3,natural science
2348,2348,7,natural science
2349,2349,11,language science
2350,2350,10,language science
2351,2351,3,natural science
2352,2352,4,natural science
2353,2353,2,language science
2354,2354,4,natural science
2355,2355,3,social science
2356,2356,2,language science
2357,2357,3,language science
2358,2358,5,social science
2359,2359,8,natural science
2360,2360,4,natural science
2361,2361,5,social science
2362,2362,11,language science
2363,2363,4,natural science
2364,2364,8,language science
2365,2365,5,natural science
2366,2366,5,social science
2367,2367,8,social science
2368,2368,8,natural science
2369,2369,3,natural science
2370,2370,8,language science
2371,2371,8,social science
2372,2372,4,natural science
2373,2373,2,social science
2374,2374,11,language science
2375,2375,4,natural science
2376,2376,4,social science
2377,2377,10,language science
2378,2378,11,language science
2379,2379,4,social science
2380,2380,3,natural science
2381,2381,4,social science
2382,2382,8,natural science
2383,2383,3,social science
2384,2384,4,natural science
2385,2385,8,natural science
2386,2386,7,language science
2387,2387,8,natural science
2388,2388,4,social science
2389,2389,8,natural science
2390,2390,11,language science
2391,2391,8,natural science
2392,2392,8,natural science
2393,2393,3,social science
2394,2394,1,language science
2395,2395,2,social science
2396,2396,3,language science
2397,2397,11,language science
2398,2398,8,natural science
2399,2399,6,social science
2400,2400,4,natural science
2401,2401,8,social science
2402,2402,8,social science
2403,2403,3,natural science
2404,2404,3,natural science
2405,2405,12,language science
2406,2406,4,natural science
2407,2407,5,social science
2408,2408,3,language science
2409,2409,4,natural science
2410,2410,3,natural science
2411,2411,8,natural science
2412,2412,4,language science
2413,2413,8,natural science
2414,2414,6,natural science
2415,2415,7,natural science
2416,2416,7,natural science
2417,2417,9,language science
2418,2418,9,language science
2419,2419,4,natural science
2420,2420,3,natural science
2421,2421,6,natural science
2422,2422,8,social science
2423,2423,12,language science
2424,2424,8,social science
2425,2425,9,language science
2426,2426,6,natural science
2427,2427,6,natural science
2428,2428,3,language science
2429,2429,5,natural science
2430,2430,8,natural science
2431,2431,3,natural science
2432,2432,2,language science
2433,2433,6,natural science
2434,2434,7,natural science
2435,2435,8,natural science
2436,2436,5,social science
2437,2437,3,natural science
2438,2438,8,language science
2439,2439,7,natural science
2440,2440,7,language science
2441,2441,5,social science
2442,2442,3,natural science
2443,2443,3,language science
2444,2444,8,language science
2445,2445,2,social science
2446,2446,8,natural science
2447,2447,8,language science
2448,2448,5,natural science
2449,2449,6,language science
2450,2450,8,natural science
2451,2451,5,social science
2452,2452,5,language science
2453,2453,4,social science
2454,2454,4,natural science
2455,2455,5,social science
2456,2456,5,social science
2457,2457,8,language science
2458,2458,8,natural science
2459,2459,6,natural science
2460,2460,6,social science
2461,2461,2,language science
2462,2462,7,natural science
2463,2463,8,natural science
2464,2464,7,natural science
2465,2465,4,natural science
2466,2466,5,language science
2467,2467,4,language science
2468,2468,4,natural science
2469,2469,2,natural science
2470,2470,6,natural science
2471,2471,3,language science
2472,2472,9,language science
2473,2473,3,social science
2474,2474,2,natural science
2475,2475,8,natural science
2476,2476,2,natural science
2477,2477,2,natural science
2478,2478,3,natural science
2479,2479,4,natural science
2480,2480,5,natural science
2481,2481,5,social science
2482,2482,3,natural science
2483,2483,6,natural science
2484,2484,2,natural science
2485,2485,5,natural science
2486,2486,2,language science
2487,2487,5,social science
2488,2488,7,natural science
2489,2489,4,social science
2490,2490,2,natural science
2491,2491,11,language science
2492,2492,7,natural science
2493,2493,4,social science
2494,2494,2,language science
2495,2495,4,natural science
2496,2496,6,language science
2497,2497,4,natural science
2498,2498,4,natural science
2499,2499,3,social science
2500,2500,9,language science
2501,2501,11,language science
2502,2502,3,social science
2503,2503,4,natural science
2504,2504,3,natural science
2505,2505,6,language science
2506,2506,7,natural science
2507,2507,2,language science
2508,2508,4,natural science
2509,2509,6,natural science
2510,2510,7,natural science
2511,2511,8,social science
2512,2512,12,language science
2513,2513,3,natural science
2514,2514,7,social science
2515,2515,6,natural science
2516,2516,4,social science
2517,2517,7,natural science
2518,2518,4,natural science
2519,2519,3,natural science
2520,2520,7,natural science
2521,2521,3,natural science
2522,2522,6,language science
2523,2523,8,natural science
2524,2524,5,social science
2525,2525,6,social science
2526,2526,3,natural science
2527,2527,5,social science
2528,2528,6,natural science
2529,2529,2,natural science
2530,2530,6,natural science
2531,2531,3,natural science
2532,2532,2,social science
2533,2533,3,natural science
2534,2534,4,natural science
2535,2535,2,language science
2536,2536,3,natural science
2537,2537,4,social science
2538,2538,8,social science
2539,2539,5,social science
2540,2540,3,natural science
2541,2541,2,natural science
2542,2542,8,natural science
2543,2543,3,natural science
2544,2544,2,social science
2545,2545,2,natural science
2546,2546,8,natural science
2547,2547,3,natural science
2548,2548,7,natural science
2549,2549,7,natural science
2550,2550,3,social science
2551,2551,8,language science
2552,2552,6,natural science
2553,2553,4,natural science
2554,2554,3,natural science
2555,2555,8,natural science
2556,2556,4,natural science
2557,2557,8,natural science
2558,2558,7,natural science
2559,2559,4,natural science
2560,2560,3,natural science
2561,2561,5,natural science
2562,2562,5,natural science
2563,2563,4,social science
2564,2564,6,language science
2565,2565,6,natural science
2566,2566,4,natural science
2567,2567,5,language science
2568,2568,8,natural science
2569,2569,9,language science
2570,2570,8,social science
2571,2571,8,natural science
2572,2572,2,social science
2573,2573,2,language science
2574,2574,8,social science
2575,2575,4,natural science
2576,2576,5,natural science
2577,2577,12,language science
2578,2578,2,social science
2579,2579,2,natural science
2580,2580,3,natural science
2581,2581,6,social science
2582,2582,9,language science
2583,2583,6,social science
2584,2584,8,natural science
2585,2585,7,language science
2586,2586,2,language science
2587,2587,3,social science
2588,2588,2,language science
2589,2589,7,natural science
2590,2590,3,natural science
2591,2591,5,social science
2592,2592,8,natural science
2593,2593,4,natural science
2594,2594,12,language science
2595,2595,6,natural science
2596,2596,11,language science
2597,2597,9,language science
2598,2598,8,natural science
2599,2599,6,natural science
2600,2600,8,natural science
2601,2601,10,language science
2602,2602,5,natural science
2603,2603,4,social science
2604,2604,7,natural science
2605,2605,3,natural science
2606,2606,8,natural science
2607,2607,3,natural science
2608,2608,5,natural science
2609,2609,2,natural science
2610,2610,6,natural science
2611,2611,8,social science
2612,2612,5,natural science
2613,2613,7,natural science
2614,2614,3,natural science
2615,2615,2,language science
2616,2616,6,natural science
2617,2617,7,language science
2618,2618,6,natural science
2619,2619,10,language science
2620,2620,3,language science
2621,2621,2,language science
2622,2622,8,natural science
2623,2623,5,natural science
2624,2624,5,natural science
2625,2625,7,social science
2626,2626,5,social science
2627,2627,6,language science
2628,2628,6,natural science
2629,2629,8,natural science
2630,2630,7,social science
2631,2631,3,natural science
2632,2632,3,language science
2633,2633,6,language science
2634,2634,4,natural science
2635,2635,2,social science
2636,2636,6,language science
2637,2637,3,social science
2638,2638,4,natural science
2639,2639,7,natural science
2640,2640,4,social science
2641,2641,4,language science
2642,2642,3,natural science
2643,2643,8,natural science
2644,2644,8,natural science
2645,2645,11,language science
2646,2646,4,natural science
2647,2647,6,language science
2648,2648,7,social science
2649,2649,2,natural science
2650,2650,3,natural science
2651,2651,11,language science
2652,2652,6,language science
2653,2653,9,language science
2654,2654,7,natural science
2655,2655,2,social science
2656,2656,3,natural science
2657,2657,6,natural science
2658,2658,5,natural science
2659,2659,5,natural science
2660,2660,4,social science
2661,2661,7,natural science
2662,2662,6,natural science
2663,2663,2,natural science
2664,2664,5,social science
2665,2665,4,social science
2666,2666,9,language science
2667,2667,3,natural science
2668,2668,3,natural science
2669,2669,3,language science
2670,2670,11,language science
2671,2671,6,natural science
2672,2672,4,natural science
2673,2673,5,social science
2674,2674,7,natural science
2675,2675,2,language science
2676,2676,3,language science
2677,2677,5,social science
2678,2678,5,natural science
2679,2679,7,natural science
2680,2680,11,language science
2681,2681,11,language science
2682,2682,5,social science
2683,2683,11,language science
2684,2684,6,natural science
2685,2685,5,social science
2686,2686,6,language science
2687,2687,5,natural science
2688,2688,4,language science
2689,2689,3,natural science
2690,2690,8,natural science
2691,2691,3,natural science
2692,2692,2,natural science
2693,2693,3,natural science
2694,2694,3,natural science
2695,2695,5,social science
2696,2696,8,language science
2697,2697,4,natural science
2698,2698,4,natural science
2699,2699,8,language science
2700,2700,8,natural science
2701,2701,3,natural science
2702,2702,8,natural science
2703,2703,2,natural science
2704,2704,2,natural science
2705,2705,2,social science
2706,2706,4,natural science
2707,2707,4,natural science
2708,2708,8,social science
2709,2709,4,social science
2710,2710,5,natural science
2711,2711,4,natural science
2712,2712,7,natural science
2713,2713,5,social science
2714,2714,5,natural science
2715,2715,7,natural science
2716,2716,6,social science
2717,2717,6,natural science
2718,2718,3,social science
2719,2719,6,social science
2720,2720,6,social science
2721,2721,6,language science
2722,2722,8,natural science
2723,2723,5,natural science
2724,2724,7,natural science
2725,2725,5,language science
2726,2726,4,social science
2727,2727,8,natural science
2728,2728,5,language science
2729,2729,5,social science
2730,2730,5,social science
2731,2731,2,natural science
2732,2732,4,natural science
2733,2733,6,language science
2734,2734,3,social science
2735,2735,11,language science
2736,2736,8,social science
2737,2737,6,social science
2738,2738,3,natural science
2739,2739,4,natural science
2740,2740,3,natural science
2741,2741,3,natural science
2742,2742,5,natural science
2743,2743,3,natural science
2744,2744,3,natural science
2745,2745,5,natural science
2746,2746,4,natural science
2747,2747,3,social science
2748,2748,7,natural science
2749,2749,2,social science
2750,2750,8,natural science
2751,2751,4,natural science
2752,2752,3,language science
2753,2753,3,social science
2754,2754,7,natural science
2755,2755,8,language science
2756,2756,3,natural science
2757,2757,4,natural science
2758,2758,9,language science
2759,2759,2,natural science
2760,2760,4,natural science
2761,2761,7,natural science
2762,2762,7,natural science
2763,2763,6,natural science
2764,2764,7,language science
2765,2765,9,language science
2766,2766,2,natural science
2767,2767,4,social science
2768,2768,4,natural science
2769,2769,6,natural science
2770,2770,5,social science
2771,2771,6,natural science
2772,2772,5,natural science
2773,2773,5,social science
2774,2774,3,social science
2775,2775,6,natural science
2776,2776,1,language science
2777,2777,6,natural science
2778,2778,11,language science
2779,2779,6,natural science
2780,2780,6,natural science
2781,2781,8,social science
2782,2782,6,natural science
2783,2783,8,natural science
2784,2784,3,language science
2785,2785,3,natural science
2786,2786,2,natural science
2787,2787,4,language science
2788,2788,8,natural science
2789,2789,4,natural science
2790,2790,5,natural science
2791,2791,4,language science
2792,2792,4,natural science
2793,2793,3,natural science
2794,2794,8,natural science
2795,2795,5,social science
2796,2796,4,natural science
2797,2797,8,social science
2798,2798,10,language science
2799,2799,3,social science
2800,2800,12,language science
2801,2801,5,natural science
2802,2802,4,natural science
2803,2803,6,natural science
2804,2804,8,natural science
2805,2805,4,language science
2806,2806,3,natural science
2807,2807,2,natural science
2808,2808,5,natural science
2809,2809,7,natural science
2810,2810,8,natural science
2811,2811,7,natural science
2812,2812,4,natural science
2813,2813,4,natural science
2814,2814,7,natural science
2815,2815,3,social science
2816,2816,4,social science
2817,2817,9,language science
2818,2818,3,social science
2819,2819,4,natural science
2820,2820,3,language science
2821,2821,4,natural science
2822,2822,3,natural science
2823,2823,5,social science
2824,2824,5,social science
2825,2825,6,natural science
2826,2826,4,natural science
2827,2827,6,language science
2828,2828,5,social science
2829,2829,5,natural science
2830,2830,4,social science
2831,2831,5,natural science
2832,2832,7,language science
2833,2833,4,language science
2834,2834,3,natural science
2835,2835,10,language science
2836,2836,5,social science
2837,2837,8,social science
2838,2838,5,natural science
2839,2839,5,social science
2840,2840,9,language science
2841,2841,12,language science
2842,2842,2,language science
2843,2843,8,natural science
2844,2844,7,language science
2845,2845,8,natural science
2846,2846,7,natural science
2847,2847,5,language science
2848,2848,7,natural science
2849,2849,3,natural science
2850,2850,2,natural science
2851,2851,4,natural science
2852,2852,12,language science
2853,2853,7,social science
2854,2854,3,social science
2855,2855,8,natural science
2856,2856,5,social science
2857,2857,11,language science
2858,2858,5,language science
2859,2859,5,natural science
2860,2860,8,natural science
2861,2861,4,natural science
2862,2862,5,language science
2863,2863,5,natural science
2864,2864,4,social science
2865,2865,9,language science
2866,2866,8,language science
2867,2867,7,social science
2868,2868,4,natural science
2869,2869,10,language science
2870,2870,7,natural science
2871,2871,5,natural science
2872,2872,1,language science
2873,2873,8,social science
2874,2874,3,natural science
2875,2875,4,language science
2876,2876,3,natural science
2877,2877,3,natural science
2878,2878,5,natural science
2879,2879,2,language science
2880,2880,3,social science
2881,2881,7,natural science
2882,2882,3,natural science
2883,2883,8,language science
2884,2884,3,social science
2885,2885,9,language science
2886,2886,6,natural science
2887,2887,4,social science
2888,2888,6,natural science
2889,2889,6,natural science
2890,2890,4,natural science
2891,2891,3,natural science
2892,2892,6,language science
2893,2893,7,language science
2894,2894,5,social science
2895,2895,8,language science
2896,2896,6,natural science
2897,2897,4,social science
2898,2898,7,social science
2899,2899,3,language science
2900,2900,7,natural science
2901,2901,5,natural science
2902,2902,5,social science
2903,2903,4,natural science
2904,2904,7,language science
2905,2905,3,language science
2906,2906,12,language science
2907,2907,8,natural science
2908,2908,5,natural science
2909,2909,7,natural science
2910,2910,5,natural science
2911,2911,5,social science
2912,2912,8,natural science
2913,2913,6,natural science
2914,2914,11,language science
2915,2915,6,natural science
2916,2916,4,natural science
2917,2917,7,social science
2918,2918,4,social science
2919,2919,8,natural science
2920,2920,4,language science
2921,2921,6,natural science
2922,2922,3,social science
2923,2923,7,natural science
2924,2924,8,natural science
2925,2925,12,language science
2926,2926,4,language science
2927,2927,4,language science
2928,2928,3,social science
2929,2929,4,language science
2930,2930,7,natural science
2931,2931,4,natural science
2932,2932,3,language science
2933,2933,7,social science
2934,2934,2,natural science
2935,2935,6,natural science
2936,2936,8,social science
2937,2937,8,natural science
2938,2938,3,natural science
2939,2939,6,natural science
2940,2940,4,natural science
2941,2941,7,social science
2942,2942,4,natural science
2943,2943,4,natural science
2944,2944,3,language science
2945,2945,8,social science
2946,2946,6,language science
2947,2947,8,natural science
2948,2948,3,social science
2949,2949,8,natural science
2950,2950,6,language science
2951,2951,8,natural science
2952,2952,10,language science
2953,2953,4,natural science
2954,2954,5,natural science
2955,2955,3,language science
2956,2956,5,language science
2957,2957,2,social science
2958,2958,9,language science
2959,2959,6,social science
2960,2960,8,social science
2961,2961,4,language science
2962,2962,6,social science
2963,2963,4,social science
2964,2964,5,natural science
2965,2965,5,natural science
2966,2966,8,social science
2967,2967,3,natural science
2968,2968,8,language science
2969,2969,7,natural science
2970,2970,10,language science
2971,2971,4,natural science
2972,2972,5,language science
2973,2973,8,natural science
2974,2974,4,language science
2975,2975,8,natural science
2976,2976,7,social science
2977,2977,11,language science
2978,2978,6,social science
2979,2979,7,social science
2980,2980,6,natural science
2981,2981,8,natural science
2982,2982,5,natural science
2983,2983,6,natural science
2984,2984,5,natural science
2985,2985,7,natural science
2986,2986,12,language science
2987,2987,12,language science
2988,2988,6,natural science
2989,2989,5,natural science
2990,2990,7,natural science
2991,2991,4,natural science
2992,2992,8,natural science
2993,2993,5,social science
2994,2994,5,social science
2995,2995,8,natural science
2996,2996,7,natural science
2997,2997,8,natural science
2998,2998,6,language science
2999,2999,2,natural science
3000,3000,6,language science
3001,3001,7,social science
3002,3002,3,natural science
3003,3003,7,social science
3004,3004,4,natural science
3005,3005,2,natural science
3006,3006,6,language science
3007,3007,5,natural science
3008,3008,7,natural science
3009,3009,6,language science
3010,3010,7,social science
3011,3011,12,language science
3012,3012,4,natural science
3013,3013,7,natural science
3014,3014,4,natural science
3015,3015,8,natural science
3016,3016,3,natural science
3017,3017,7,language science
3018,3018,8,social science
3019,3019,3,natural science
3020,3020,6,natural science
3021,3021,7,natural science
3022,3022,5,social science
3023,3023,5,natural science
3024,3024,4,natural science
3025,3025,11,language science
3026,3026,4,social science
3027,3027,5,social science
3028,3028,7,natural science
3029,3029,5,social science
3030,3030,10,language science
3031,3031,5,natural science
3032,3032,3,natural science
3033,3033,8,natural science
3034,3034,3,natural science
3035,3035,10,language science
3036,3036,8,natural science
3037,3037,4,natural science
3038,3038,12,language science
3039,3039,6,language science
3040,3040,11,language science
3041,3041,8,natural science
3042,3042,8,social science
3043,3043,8,natural science
3044,3044,2,natural science
3045,3045,4,language science
3046,3046,7,natural science
3047,3047,6,social science
3048,3048,5,language science
3049,3049,8,natural science
3050,3050,3,natural science
3051,3051,7,language science
3052,3052,7,language science
3053,3053,5,social science
3054,3054,8,natural science
3055,3055,4,natural science
3056,3056,10,language science
3057,3057,2,language science
3058,3058,4,social science
3059,3059,4,social science
3060,3060,6,natural science
3061,3061,11,language science
3062,3062,3,social science
3063,3063,8,natural science
3064,3064,3,language science
3065,3065,3,language science
3066,3066,6,natural science
3067,3067,7,language science
3068,3068,11,language science
3069,3069,2,natural science
3070,3070,9,language science
3071,3071,9,language science
3072,3072,3,natural science
3073,3073,3,natural science
3074,3074,7,natural science
3075,3075,7,language science
3076,3076,11,language science
3077,3077,6,natural science
3078,3078,5,language science
3079,3079,3,natural science
3080,3080,6,natural science
3081,3081,6,natural science
3082,3082,8,social science
3083,3083,7,natural science
3084,3084,3,natural science
3085,3085,6,natural science
3086,3086,6,natural science
3087,3087,9,language science
3088,3088,3,natural science
3089,3089,6,social science
3090,3090,4,natural science
3091,3091,7,natural science
3092,3092,7,natural science
3093,3093,5,social science
3094,3094,5,natural science
3095,3095,6,natural science
3096,3096,3,natural science
3097,3097,3,natural science
3098,3098,4,natural science
3099,3099,2,natural science
3100,3100,3,natural science
3101,3101,8,social science
3102,3102,8,natural science
3103,3103,9,language science
3104,3104,4,social science
3105,3105,2,natural science
3106,3106,4,natural science
3107,3107,3,social science
3108,3108,8,social science
3109,3109,4,natural science
3110,3110,7,natural science
3111,3111,2,natural science
3112,3112,2,natural science
3113,3113,6,natural science
3114,3114,6,language science
3115,3115,6,natural science
3116,3116,10,language science
3117,3117,3,social science
3118,3118,8,natural science
3119,3119,4,natural science
3120,3120,8,language science
3121,3121,4,social science
3122,3122,6,social science
3123,3123,5,social science
3124,3124,2,social science
3125,3125,5,natural science
3126,3126,2,natural science
3127,3127,6,social science
3128,3128,11,language science
3129,3129,6,language science
3130,3130,4,natural science
3131,3131,2,language science
3132,3132,3,social science
3133,3133,6,natural science
3134,3134,5,natural science
3135,3135,11,language science
3136,3136,4,natural science
3137,3137,7,natural science
3138,3138,7,social science
3139,3139,6,social science
3140,3140,12,language science
3141,3141,9,language science
3142,3142,4,social science
3143,3143,4,language science
3144,3144,2,social science
3145,3145,3,natural science
3146,3146,8,natural science
3147,3147,6,natural science
3148,3148,2,natural science
3149,3149,10,language science
3150,3150,3,language science
3151,3151,7,language science
3152,3152,2,natural science
3153,3153,7,natural science
3154,3154,6,natural science
3155,3155,3,social science
3156,3156,4,natural science
3157,3157,9,language science
3158,3158,5,social science
3159,3159,11,language science
3160,3160,3,natural science
3161,3161,6,language science
3162,3162,7,natural science
3163,3163,6,language science
3164,3164,8,natural science
3165,3165,2,natural science
3166,3166,6,natural science
3167,3167,2,natural science
3168,3168,4,language science
3169,3169,7,social science
3170,3170,8,natural science
3171,3171,3,natural science
3172,3172,4,natural science
3173,3173,7,language science
3174,3174,5,social science
3175,3175,4,social science
3176,3176,8,natural science
3177,3177,8,natural science
3178,3178,6,language science
3179,3179,2,natural science
3180,3180,5,social science
3181,3181,2,natural science
3182,3182,6,social science
3183,3183,6,language science
3184,3184,8,natural science
3185,3185,5,natural science
3186,3186,6,social science
3187,3187,11,language science
3188,3188,10,language science
3189,3189,7,natural science
3190,3190,5,natural science
3191,3191,5,social science
3192,3192,6,social science
3193,3193,6,natural science
3194,3194,5,natural science
3195,3195,6,language science
3196,3196,4,social science
3197,3197,6,natural science
3198,3198,2,natural science
3199,3199,4,social science
3200,3200,3,language science
3201,3201,10,language science
3202,3202,3,natural science
3203,3203,5,social science
3204,3204,3,natural science
3205,3205,2,natural science
3206,3206,5,natural science
3207,3207,3,natural science
3208,3208,7,social science
3209,3209,5,natural science
3210,3210,2,language science
3211,3211,5,natural science
3212,3212,1,language science
3213,3213,6,natural science
3214,3214,4,social science
3215,3215,6,natural science
3216,3216,12,language science
3217,3217,3,natural science
3218,3218,5,social science
3219,3219,7,natural science
3220,3220,9,language science
3221,3221,6,social science
3222,3222,7,language science
3223,3223,8,natural science
3224,3224,6,language science
3225,3225,11,language science
3226,3226,8,natural science
3227,3227,12,language science
3228,3228,8,natural science
3229,3229,4,social science
3230,3230,3,natural science
3231,3231,2,natural science
3232,3232,4,social science
3233,3233,3,natural science
3234,3234,6,social science
3235,3235,7,natural science
3236,3236,4,natural science
3237,3237,5,natural science
3238,3238,10,language science
3239,3239,2,natural science
3240,3240,2,language science
3241,3241,10,language science
3242,3242,6,natural science
3243,3243,8,language science
3244,3244,8,natural science
3245,3245,7,social science
3246,3246,8,language science
3247,3247,3,language science
3248,3248,6,natural science
3249,3249,7,natural science
3250,3250,3,social science
3251,3251,4,natural science
3252,3252,6,language science
3253,3253,4,language science
3254,3254,2,social science
3255,3255,6,natural science
3256,3256,8,natural science
3257,3257,2,natural science
3258,3258,6,language science
3259,3259,8,social science
3260,3260,5,natural science
3261,3261,3,natural science
3262,3262,3,natural science
3263,3263,3,natural science
3264,3264,3,social science
3265,3265,6,social science
3266,3266,5,social science
3267,3267,3,natural science
3268,3268,10,language science
3269,3269,2,natural science
3270,3270,5,natural science
3271,3271,3,social science
3272,3272,7,natural science
3273,3273,5,language science
3274,3274,4,language science
3275,3275,7,language science
3276,3276,5,social science
3277,3277,5,natural science
3278,3278,4,natural science
3279,3279,10,language science
3280,3280,2,natural science
3281,3281,7,natural science
3282,3282,6,natural science
3283,3283,2,language science
3284,3284,3,social science
3285,3285,8,social science
3286,3286,4,natural science
3287,3287,4,natural science
3288,3288,7,natural science
3289,3289,8,natural science
3290,3290,3,natural science
3291,3291,8,language science
3292,3292,4,social science
3293,3293,4,natural science
3294,3294,4,natural science
3295,3295,6,natural science
3296,3296,3,natural science
3297,3297,8,natural science
3298,3298,8,natural science
3299,3299,5,natural science
3300,3300,6,language science
3301,3301,3,natural science
3302,3302,8,natural science
3303,3303,8,natural science
3304,3304,3,natural science
3305,3305,8,language science
3306,3306,5,natural science
3307,3307,3,natural science
3308,3308,8,natural science
3309,3309,4,natural science
3310,3310,7,natural science
3311,3311,5,language science
3312,3312,4,social science
3313,3313,9,language science
3314,3314,5,social science
3315,3315,12,language science
3316,3316,7,language science
3317,3317,4,language science
3318,3318,4,language science
3319,3319,7,natural science
3320,3320,5,social science
3321,3321,4,social science
3322,3322,11,language science
3323,3323,2,natural science
3324,3324,6,language science
3325,3325,5,natural science
3326,3326,9,language science
3327,3327,2,natural science
3328,3328,3,natural science
3329,3329,7,language science
3330,3330,7,natural science
3331,3331,6,natural science
3332,3332,7,natural science
3333,3333,8,language science
3334,3334,7,social science
3335,3335,7,natural science
3336,3336,4,natural science
3337,3337,3,natural science
3338,3338,5,natural science
3339,3339,4,social science
3340,3340,2,natural science
3341,3341,8,social science
3342,3342,8,natural science
3343,3343,6,natural science
3344,3344,2,social science
3345,3345,1,language science
3346,3346,5,social science
3347,3347,8,language science
3348,3348,8,language science
3349,3349,3,natural science
3350,3350,6,natural science
3351,3351,4,language science
3352,3352,12,language science
3353,3353,3,language science
3354,3354,3,natural science
3355,3355,7,natural science
3356,3356,8,natural science
3357,3357,5,social science
3358,3358,8,natural science
3359,3359,4,natural science
3360,3360,4,language science
3361,3361,8,natural science
3362,3362,6,language science
3363,3363,4,language science
3364,3364,2,natural science
3365,3365,8,language science
3366,3366,5,natural science
3367,3367,10,language science
3368,3368,3,natural science
3369,3369,7,social science
3370,3370,8,natural science
3371,3371,3,natural science
3372,3372,4,natural science
3373,3373,8,social science
3374,3374,5,natural science
3375,3375,5,natural science
3376,3376,7,natural science
3377,3377,8,natural science
3378,3378,4,natural science
3379,3379,3,natural science
3380,3380,3,natural science
3381,3381,2,language science
3382,3382,8,natural science
3383,3383,3,natural science
3384,3384,3,natural science
3385,3385,8,social science
3386,3386,4,language science
3387,3387,4,natural science
3388,3388,2,natural science
3389,3389,4,natural science
3390,3390,7,social science
3391,3391,4,natural science
3392,3392,2,language science
3393,3393,7,natural science
3394,3394,7,natural science
3395,3395,7,natural science
3396,3396,7,language science
3397,3397,5,social science
3398,3398,7,social science
3399,3399,5,social science
3400,3400,5,language science
3401,3401,6,social science
3402,3402,5,social science
3403,3403,4,language science
3404,3404,4,natural science
3405,3405,2,natural science
3406,3406,4,language science
3407,3407,5,natural science
3408,3408,8,social science
3409,3409,2,social science
3410,3410,3,natural science
3411,3411,5,natural science
3412,3412,6,natural science
3413,3413,11,language science
3414,3414,7,natural science
3415,3415,6,social science
3416,3416,9,language science
3417,3417,8,natural science
3418,3418,2,social science
3419,3419,10,language science
3420,3420,5,natural science
3421,3421,5,language science
3422,3422,3,natural science
3423,3423,5,natural science
3424,3424,6,social science
3425,3425,3,natural science
3426,3426,3,natural science
3427,3427,3,natural science
3428,3428,3,natural science
3429,3429,2,language science
3430,3430,10,language science
3431,3431,4,language science
3432,3432,6,language science
3433,3433,7,natural science
3434,3434,4,natural science
3435,3435,10,language science
3436,3436,7,social science
3437,3437,8,natural science
3438,3438,4,natural science
3439,3439,3,social science
3440,3440,12,language science
3441,3441,4,natural science
3442,3442,8,language science
3443,3443,4,natural science
3444,3444,3,social science
3445,3445,7,natural science
3446,3446,6,language science
3447,3447,7,natural science
3448,3448,4,natural science
3449,3449,4,language science
3450,3450,6,natural science
3451,3451,10,language science
3452,3452,9,language science
3453,3453,8,natural science
3454,3454,7,language science
3455,3455,5,social science
3456,3456,4,language science
3457,3457,11,language science
3458,3458,4,natural science
3459,3459,4,natural science
3460,3460,8,language science
3461,3461,4,social science
3462,3462,7,social science
3463,3463,6,language science
3464,3464,8,natural science
3465,3465,5,natural science
3466,3466,9,language science
3467,3467,3,natural science
3468,3468,3,social science
3469,3469,4,natural science
3470,3470,8,natural science
3471,3471,3,natural science
3472,3472,2,natural science
3473,3473,7,natural science
3474,3474,5,social science
3475,3475,4,natural science
3476,3476,2,natural science
3477,3477,7,social science
3478,3478,2,social science
3479,3479,3,natural science
3480,3480,5,language science
3481,3481,8,natural science
3482,3482,8,natural science
3483,3483,7,social science
3484,3484,5,natural science
3485,3485,5,social science
3486,3486,3,natural science
3487,3487,3,language science
3488,3488,4,natural science
3489,3489,3,natural science
3490,3490,2,natural science
3491,3491,5,social science
3492,3492,3,language science
3493,3493,6,natural science
3494,3494,7,social science
3495,3495,6,social science
3496,3496,8,natural science
3497,3497,3,language science
3498,3498,2,natural science
3499,3499,3,natural science
3500,3500,5,social science
3501,3501,3,natural science
3502,3502,3,language science
3503,3503,12,language science
3504,3504,8,natural science
3505,3505,8,language science
3506,3506,4,social science
3507,3507,8,natural science
3508,3508,3,language science
3509,3509,2,language science
3510,3510,4,natural science
3511,3511,12,language science
3512,3512,3,natural science
3513,3513,5,social science
3514,3514,6,natural science
3515,3515,2,language science
3516,3516,2,social science
3517,3517,6,natural science
3518,3518,8,natural science
3519,3519,11,language science
3520,3520,3,language science
3521,3521,3,social science
3522,3522,6,natural science
3523,3523,3,natural science
3524,3524,6,natural science
3525,3525,5,language science
3526,3526,8,language science
3527,3527,2,natural science
3528,3528,2,social science
3529,3529,3,natural science
3530,3530,7,natural science
3531,3531,2,natural science
3532,3532,7,natural science
3533,3533,4,natural science
3534,3534,5,natural science
3535,3535,8,natural science
3536,3536,3,natural science
3537,3537,2,natural science
3538,3538,9,language science
3539,3539,11,language science
3540,3540,3,natural science
3541,3541,7,social science
3542,3542,3,language science
3543,3543,4,language science
3544,3544,3,natural science
3545,3545,3,natural science
3546,3546,6,natural science
3547,3547,8,social science
3548,3548,6,natural science
3549,3549,8,language science
3550,3550,5,natural science
3551,3551,4,natural science
3552,3552,3,language science
3553,3553,6,natural science
3554,3554,4,natural science
3555,3555,12,language science
3556,3556,9,language science
3557,3557,2,natural science
3558,3558,10,language science
3559,3559,2,natural science
3560,3560,4,natural science
3561,3561,2,natural science
3562,3562,3,natural science
3563,3563,4,social science
3564,3564,7,natural science
3565,3565,3,natural science
3566,3566,6,natural science
3567,3567,8,natural science
3568,3568,7,social science
3569,3569,7,language science
3570,3570,2,natural science
3571,3571,12,language science
3572,3572,3,natural science
3573,3573,6,social science
3574,3574,7,language science
3575,3575,10,language science
3576,3576,3,natural science
3577,3577,6,language science
3578,3578,7,social science
3579,3579,11,language science
3580,3580,8,language science
3581,3581,5,natural science
3582,3582,2,language science
3583,3583,5,social science
3584,3584,4,natural science
3585,3585,6,natural science
3586,3586,2,natural science
3587,3587,5,natural science
3588,3588,5,social science
3589,3589,2,natural science
3590,3590,4,natural science
3591,3591,6,natural science
3592,3592,8,social science
3593,3593,4,natural science
3594,3594,5,social science
3595,3595,5,social science
3596,3596,10,language science
3597,3597,2,natural science
3598,3598,8,language science
3599,3599,10,language science
3600,3600,4,natural science
3601,3601,7,social science
3602,3602,6,natural science
3603,3603,8,natural science
3604,3604,3,social science
3605,3605,2,natural science
3606,3606,8,natural science
3607,3607,7,natural science
3608,3608,5,natural science
3609,3609,7,natural science
3610,3610,11,language science
3611,3611,8,language science
3612,3612,8,social science
3613,3613,7,natural science
3614,3614,10,language science
3615,3615,6,natural science
3616,3616,5,natural science
3617,3617,7,natural science
3618,3618,2,natural science
3619,3619,4,natural science
3620,3620,3,natural science
3621,3621,2,natural science
3622,3622,8,language science
3623,3623,7,natural science
3624,3624,8,natural science
3625,3625,7,natural science
3626,3626,5,social science
3627,3627,5,natural science
3628,3628,4,social science
3629,3629,6,natural science
3630,3630,6,natural science
3631,3631,3,natural science
3632,3632,6,natural science
3633,3633,5,language science
3634,3634,6,social science
3635,3635,7,language science
3636,3636,6,natural science
3637,3637,6,language science
3638,3638,8,natural science
3639,3639,6,language science
3640,3640,8,natural science
3641,3641,6,natural science
3642,3642,3,natural science
3643,3643,6,natural science
3644,3644,3,language science
3645,3645,8,social science
3646,3646,3,natural science
3647,3647,6,natural science
3648,3648,6,natural science
3649,3649,3,language science
3650,3650,4,social science
3651,3651,3,social science
3652,3652,8,natural science
3653,3653,4,natural science
3654,3654,3,social science
3655,3655,7,social science
3656,3656,6,social science
3657,3657,6,natural science
3658,3658,4,social science
3659,3659,3,social science
3660,3660,3,natural science
3661,3661,4,language science
3662,3662,3,social science
3663,3663,7,natural science
3664,3664,8,natural science
3665,3665,7,language science
3666,3666,7,natural science
3667,3667,7,social science
3668,3668,5,social science
3669,3669,6,natural science
3670,3670,4,natural science
3671,3671,8,natural science
3672,3672,11,language science
3673,3673,8,natural science
3674,3674,11,language science
3675,3675,3,natural science
3676,3676,7,social science
3677,3677,2,natural science
3678,3678,7,natural science
3679,3679,5,social science
3680,3680,5,natural science
3681,3681,3,natural science
3682,3682,7,natural science
3683,3683,6,natural science
3684,3684,3,natural science
3685,3685,9,language science
3686,3686,3,natural science
3687,3687,8,social science
3688,3688,7,natural science
3689,3689,8,natural science
3690,3690,7,natural science
3691,3691,6,natural science
3692,3692,6,language science
3693,3693,8,natural science
3694,3694,5,language science
3695,3695,7,natural science
3696,3696,10,language science
3697,3697,4,natural science
3698,3698,4,natural science
3699,3699,4,natural science
3700,3700,7,natural science
3701,3701,5,natural science
3702,3702,6,natural science
3703,3703,7,natural science
3704,3704,3,natural science
3705,3705,12,language science
3706,3706,11,language science
3707,3707,5,language science
3708,3708,8,social science
3709,3709,5,language science
3710,3710,6,natural science
3711,3711,7,language science
3712,3712,8,natural science
3713,3713,10,language science
3714,3714,10,language science
3715,3715,6,natural science
3716,3716,8,natural science
3717,3717,5,natural science
3718,3718,4,social science
3719,3719,3,natural science
3720,3720,5,social science
3721,3721,6,natural science
3722,3722,7,natural science
3723,3723,6,language science
3724,3724,3,social science
3725,3725,8,natural science
3726,3726,8,natural science
3727,3727,5,social science
3728,3728,3,language science
3729,3729,4,natural science
3730,3730,7,natural science
3731,3731,7,natural science
3732,3732,6,natural science
3733,3733,4,natural science
3734,3734,3,social science
3735,3735,9,language science
3736,3736,8,language science
3737,3737,3,social science
3738,3738,3,language science
3739,3739,4,language science
3740,3740,4,natural science
3741,3741,4,natural science
3742,3742,6,natural science
3743,3743,3,natural science
3744,3744,8,language science
3745,3745,3,social science
3746,3746,8,natural science
3747,3747,2,language science
3748,3748,4,natural science
3749,3749,4,social science
3750,3750,6,natural science
3751,3751,8,social science
3752,3752,5,social science
3753,3753,6,natural science
3754,3754,7,natural science
3755,3755,4,social science
3756,3756,6,natural science
3757,3757,7,natural science
3758,3758,7,natural science
3759,3759,5,social science
3760,3760,2,natural science
3761,3761,8,social science
3762,3762,5,social science
3763,3763,4,social science
3764,3764,3,natural science
3765,3765,4,natural science
3766,3766,9,language science
3767,3767,7,natural science
3768,3768,7,language science
3769,3769,5,language science
3770,3770,7,natural science
3771,3771,7,natural science
3772,3772,4,natural science
3773,3773,4,natural science
3774,3774,7,natural science
3775,3775,7,natural science
3776,3776,8,social science
3777,3777,7,language science
3778,3778,3,natural science
3779,3779,5,social science
3780,3780,6,natural science
3781,3781,6,natural science
3782,3782,4,social science
3783,3783,6,natural science
3784,3784,5,natural science
3785,3785,7,natural science
3786,3786,5,language science
3787,3787,10,language science
3788,3788,2,natural science
3789,3789,7,natural science
3790,3790,5,natural science
3791,3791,12,language science
3792,3792,3,language science
3793,3793,7,natural science
3794,3794,8,language science
3795,3795,2,natural science
3796,3796,4,natural science
3797,3797,12,language science
3798,3798,2,natural science
3799,3799,3,natural science
3800,3800,5,social science
3801,3801,7,social science
3802,3802,8,natural science
3803,3803,12,language science
3804,3804,6,social science
3805,3805,4,natural science
3806,3806,7,natural science
3807,3807,5,natural science
3808,3808,3,natural science
3809,3809,6,natural science
3810,3810,2,social science
3811,3811,6,natural science
3812,3812,2,natural science
3813,3813,7,natural science
3814,3814,5,natural science
3815,3815,6,natural science
3816,3816,6,natural science
3817,3817,4,natural science
3818,3818,2,natural science
3819,3819,6,natural science
3820,3820,8,natural science
3821,3821,3,social science
3822,3822,4,natural science
3823,3823,8,natural science
3824,3824,5,natural science
3825,3825,5,natural science
3826,3826,2,language science
3827,3827,3,natural science
3828,3828,5,language science
3829,3829,2,natural science
3830,3830,7,language science
3831,3831,8,language science
3832,3832,6,language science
3833,3833,8,social science
3834,3834,8,language science
3835,3835,4,natural science
3836,3836,2,language science
3837,3837,6,language science
3838,3838,6,natural science
3839,3839,2,natural science
3840,3840,2,language science
3841,3841,11,language science
3842,3842,8,natural science
3843,3843,4,language science
3844,3844,4,language science
3845,3845,7,natural science
3846,3846,3,natural science
3847,3847,5,natural science
3848,3848,7,language science
3849,3849,8,language science
3850,3850,7,natural science
3851,3851,5,natural science
3852,3852,10,language science
3853,3853,3,social science
3854,3854,7,natural science
3855,3855,4,language science
3856,3856,7,natural science
3857,3857,3,natural science
3858,3858,9,language science
3859,3859,7,natural science
3860,3860,9,language science
3861,3861,3,language science
3862,3862,10,language science
3863,3863,8,social science
3864,3864,10,language science
3865,3865,2,language science
3866,3866,7,natural science
3867,3867,5,social science
3868,3868,11,language science
3869,3869,7,language science
3870,3870,11,language science
3871,3871,5,natural science
3872,3872,4,social science
3873,3873,8,natural science
3874,3874,6,natural science
3875,3875,9,language science
3876,3876,5,natural science
3877,3877,4,social science
3878,3878,4,natural science
3879,3879,5,social science
3880,3880,8,natural science
3881,3881,8,natural science
3882,3882,2,natural science
3883,3883,7,social science
3884,3884,6,natural science
3885,3885,3,social science
3886,3886,9,language science
3887,3887,4,natural science
3888,3888,2,natural science
3889,3889,4,natural science
3890,3890,4,social science
3891,3891,6,natural science
3892,3892,4,natural science
3893,3893,4,social science
3894,3894,8,natural science
3895,3895,8,social science
3896,3896,10,language science
3897,3897,4,natural science
3898,3898,8,natural science
3899,3899,12,language science
3900,3900,5,social science
3901,3901,5,social science
3902,3902,6,natural science
3903,3903,8,social science
3904,3904,5,natural science
3905,3905,5,natural science
3906,3906,2,natural science
3907,3907,8,language science
3908,3908,2,natural science
3909,3909,4,natural science
3910,3910,3,social science
3911,3911,4,social science
3912,3912,8,natural science
3913,3913,3,social science
3914,3914,5,natural science
3915,3915,8,natural science
3916,3916,12,language science
3917,3917,2,natural science
3918,3918,3,language science
3919,3919,7,natural science
3920,3920,5,natural science
3921,3921,4,social science
3922,3922,8,natural science
3923,3923,8,social science
3924,3924,5,natural science
3925,3925,4,natural science
3926,3926,7,language science
3927,3927,7,natural science
3928,3928,5,social science
3929,3929,8,social science
3930,3930,3,language science
3931,3931,3,language science
3932,3932,10,language science
3933,3933,5,natural science
3934,3934,7,natural science
3935,3935,4,language science
3936,3936,7,social science
3937,3937,5,natural science
3938,3938,10,language science
3939,3939,5,natural science
3940,3940,7,language science
3941,3941,5,natural science
3942,3942,5,natural science
3943,3943,7,social science
3944,3944,7,language science
3945,3945,9,language science
3946,3946,3,natural science
3947,3947,7,natural science
3948,3948,4,natural science
3949,3949,3,natural science
3950,3950,2,natural science
3951,3951,5,social science
3952,3952,4,natural science
3953,3953,2,natural science
3954,3954,8,social science
3955,3955,4,natural science
3956,3956,11,language science
3957,3957,6,natural science
3958,3958,3,natural science
3959,3959,5,natural science
3960,3960,5,natural science
3961,3961,6,language science
3962,3962,7,social science
3963,3963,11,language science
3964,3964,3,natural science
3965,3965,4,natural science
3966,3966,2,natural science
3967,3967,8,natural science
3968,3968,8,natural science
3969,3969,5,social science
3970,3970,9,language science
3971,3971,6,language science
3972,3972,6,social science
3973,3973,2,natural science
3974,3974,6,language science
3975,3975,4,social science
3976,3976,3,natural science
3977,3977,7,language science
3978,3978,2,natural science
3979,3979,8,natural science
3980,3980,2,natural science
3981,3981,4,natural science
3982,3982,12,language science
3983,3983,5,natural science
3984,3984,4,natural science
3985,3985,10,language science
3986,3986,7,social science
3987,3987,3,social science
3988,3988,3,natural science
3989,3989,3,language science
3990,3990,8,social science
3991,3991,5,natural science
3992,3992,5,language science
3993,3993,10,language science
3994,3994,5,natural science
3995,3995,5,natural science
3996,3996,3,language science
3997,3997,5,natural science
3998,3998,5,social science
3999,3999,2,natural science
4000,4000,2,natural science
4001,4001,8,natural science
4002,4002,7,natural science
4003,4003,4,natural science
4004,4004,4,language science
4005,4005,7,natural science
4006,4006,4,natural science
4007,4007,2,natural science
4008,4008,11,language science
4009,4009,4,natural science
4010,4010,3,natural science
4011,4011,5,natural science
4012,4012,8,natural science
4013,4013,10,language science
4014,4014,3,social science
4015,4015,5,language science
4016,4016,5,social science
4017,4017,11,language science
4018,4018,4,social science
4019,4019,5,natural science
4020,4020,8,language science
4021,4021,4,natural science
4022,4022,2,social science
4023,4023,4,social science
4024,4024,6,natural science
4025,4025,7,natural science
4026,4026,8,natural science
4027,4027,4,natural science
4028,4028,6,language science
4029,4029,4,language science
4030,4030,3,natural science
4031,4031,5,language science
4032,4032,8,language science
4033,4033,6,natural science
4034,4034,3,language science
4035,4035,5,natural science
4036,4036,8,natural science
4037,4037,7,natural science
4038,4038,4,natural science
4039,4039,12,language science
4040,4040,6,natural science
4041,4041,4,natural science
4042,4042,2,natural science
4043,4043,2,language science
4044,4044,5,social science
4045,4045,10,language science
4046,4046,7,social science
4047,4047,3,social science
4048,4048,5,natural science
4049,4049,5,natural science
4050,4050,3,social science
4051,4051,6,natural science
4052,4052,6,social science
4053,4053,8,natural science
4054,4054,6,natural science
4055,4055,7,natural science
4056,4056,6,natural science
4057,4057,7,natural science
4058,4058,5,natural science
4059,4059,8,natural science
4060,4060,6,natural science
4061,4061,8,language science
4062,4062,5,language science
4063,4063,6,language science
4064,4064,6,social science
4065,4065,9,language science
4066,4066,4,natural science
4067,4067,3,social science
4068,4068,3,natural science
4069,4069,1,language science
4070,4070,4,social science
4071,4071,4,social science
4072,4072,8,social science
4073,4073,5,natural science
4074,4074,9,language science
4075,4075,7,natural science
4076,4076,9,language science
4077,4077,6,natural science
4078,4078,6,natural science
4079,4079,3,natural science
4080,4080,4,natural science
4081,4081,5,social science
4082,4082,2,natural science
4083,4083,2,language science
4084,4084,6,social science
4085,4085,8,natural science
4086,4086,3,language science
4087,4087,7,natural science
4088,4088,11,language science
4089,4089,8,natural science
4090,4090,8,language science
4091,4091,8,language science
4092,4092,3,language science
4093,4093,8,social science
4094,4094,8,natural science
4095,4095,4,language science
4096,4096,2,natural science
4097,4097,11,language science
4098,4098,7,language science
4099,4099,8,social science
4100,4100,8,natural science
4101,4101,5,language science
4102,4102,7,language science
4103,4103,4,natural science
4104,4104,3,natural science
4105,4105,7,natural science
4106,4106,8,language science
4107,4107,2,natural science
4108,4108,4,natural science
4109,4109,5,natural science
4110,4110,5,natural science
4111,4111,5,natural science
4112,4112,2,language science
4113,4113,6,natural science
4114,4114,4,natural science
4115,4115,4,language science
4116,4116,11,language science
4117,4117,7,natural science
4118,4118,6,natural science
4119,4119,7,social science
4120,4120,8,social science
4121,4121,5,natural science
4122,4122,8,language science
4123,4123,5,social science
4124,4124,8,social science
4125,4125,7,language science
4126,4126,4,natural science
4127,4127,4,language science
4128,4128,7,natural science
4129,4129,3,language science
4130,4130,7,language science
4131,4131,4,natural science
4132,4132,3,natural science
4133,4133,7,social science
4134,4134,11,language science
4135,4135,6,social science
4136,4136,6,language science
4137,4137,4,social science
4138,4138,7,natural science
4139,4139,3,natural science
4140,4140,3,natural science
4141,4141,8,natural science
4142,4142,2,natural science
4143,4143,5,social science
4144,4144,7,natural science
4145,4145,2,natural science
4146,4146,3,natural science
4147,4147,2,social science
4148,4148,10,language science
4149,4149,11,language science
4150,4150,7,social science
4151,4151,10,language science
4152,4152,7,natural science
4153,4153,8,social science
4154,4154,4,natural science
4155,4155,4,language science
4156,4156,4,natural science
4157,4157,2,language science
4158,4158,2,natural science
4159,4159,6,social science
4160,4160,7,natural science
4161,4161,10,language science
4162,4162,3,language science
4163,4163,5,natural science
4164,4164,6,natural science
4165,4165,4,language science
4166,4166,7,natural science
4167,4167,4,natural science
4168,4168,6,natural science
4169,4169,4,natural science
4170,4170,8,natural science
4171,4171,4,language science
4172,4172,6,language science
4173,4173,4,social science
4174,4174,3,natural science
4175,4175,5,natural science
4176,4176,4,natural science
4177,4177,7,language science
4178,4178,3,language science
4179,4179,4,language science
4180,4180,8,language science
4181,4181,2,language science
4182,4182,8,language science
4183,4183,6,natural science
4184,4184,6,social science
4185,4185,3,social science
4186,4186,5,natural science
4187,4187,4,natural science
4188,4188,9,language science
4189,4189,4,social science
4190,4190,5,social science
4191,4191,7,natural science
4192,4192,2,natural science
4193,4193,2,natural science
4194,4194,5,natural science
4195,4195,9,language science
4196,4196,4,social science
4197,4197,5,social science
4198,4198,6,social science
4199,4199,8,natural science
4200,4200,5,social science
4201,4201,4,natural science
4202,4202,6,language science
4203,4203,7,natural science
4204,4204,4,social science
4205,4205,2,natural science
4206,4206,8,language science
4207,4207,12,language science
4208,4208,8,natural science
4209,4209,4,natural science
4210,4210,3,natural science
4211,4211,9,language science
4212,4212,4,social science
4213,4213,7,natural science
4214,4214,3,natural science
4215,4215,6,language science
4216,4216,3,natural science
4217,4217,6,natural science
4218,4218,5,natural science
4219,4219,4,natural science
4220,4220,5,social science
4221,4221,6,natural science
4222,4222,3,social science
4223,4223,7,natural science
4224,4224,2,social science
4225,4225,6,natural science
4226,4226,6,natural science
4227,4227,4,natural science
4228,4228,8,natural science
4229,4229,6,natural science
4230,4230,9,language science
4231,4231,8,social science
4232,4232,3,language science
4233,4233,4,natural science
4234,4234,6,social science
4235,4235,7,natural science
4236,4236,6,social science
4237,4237,3,social science
4238,4238,4,language science
4239,4239,3,natural science
4240,4240,8,natural science
4241,4241,3,natural science
4242,4242,6,language science
4243,4243,8,language science
4244,4244,10,language science
4245,4245,8,natural science
4246,4246,3,natural science
4247,4247,12,language science
4248,4248,6,natural science
4249,4249,4,natural science
4250,4250,12,language science
4251,4251,2,natural science
4252,4252,9,language science
4253,4253,7,natural science
4254,4254,2,natural science
4255,4255,5,language science
4256,4256,12,language science
4257,4257,4,natural science
4258,4258,7,natural science
4259,4259,11,language science
4260,4260,3,natural science
4261,4261,3,natural science
4262,4262,5,natural science
4263,4263,7,natural science
4264,4264,7,natural science
4265,4265,3,social science
4266,4266,3,language science
4267,4267,6,natural science
4268,4268,8,natural science
4269,4269,2,language science
4270,4270,4,natural science
4271,4271,7,social science
4272,4272,4,natural science
4273,4273,7,natural science
4274,4274,5,language science
4275,4275,6,social science
4276,4276,5,natural science
4277,4277,3,language science
4278,4278,7,natural science
4279,4279,5,social science
4280,4280,7,natural science
4281,4281,8,language science
4282,4282,4,natural science
4283,4283,5,social science
4284,4284,12,language science
4285,4285,3,natural science
4286,4286,3,social science
4287,4287,3,social science
4288,4288,3,natural science
4289,4289,7,natural science
4290,4290,5,social science
4291,4291,4,social science
4292,4292,7,natural science
4293,4293,6,language science
4294,4294,3,natural science
4295,4295,6,social science
4296,4296,4,natural science
4297,4297,3,natural science
4298,4298,8,natural science
4299,4299,3,social science
4300,4300,2,natural science
4301,4301,5,social science
4302,4302,6,natural science
4303,4303,7,natural science
4304,4304,4,natural science
4305,4305,2,natural science
4306,4306,4,natural science
4307,4307,4,natural science
4308,4308,11,language science
4309,4309,8,language science
4310,4310,12,language science
4311,4311,3,natural science
4312,4312,5,language science
4313,4313,5,language science
4314,4314,6,natural science
4315,4315,3,language science
4316,4316,7,natural science
4317,4317,6,social science
4318,4318,8,natural science
4319,4319,3,natural science
4320,4320,5,social science
4321,4321,9,language science
4322,4322,7,language science
4323,4323,3,social science
4324,4324,3,natural science
4325,4325,2,natural science
4326,4326,8,social science
4327,4327,10,language science
4328,4328,3,natural science
4329,4329,5,social science
4330,4330,6,social science
4331,4331,5,natural science
4332,4332,4,natural science
4333,4333,3,natural science
4334,4334,8,language science
4335,4335,7,natural science
4336,4336,7,social science
4337,4337,7,language science
4338,4338,5,social science
4339,4339,5,natural science
4340,4340,3,natural science
4341,4341,3,social science
4342,4342,8,natural science
4343,4343,3,natural science
4344,4344,3,natural science
4345,4345,6,language science
4346,4346,5,natural science
4347,4347,7,natural science
4348,4348,9,language science
4349,4349,11,language science
4350,4350,2,natural science
4351,4351,8,natural science
4352,4352,8,natural science
4353,4353,3,natural science
4354,4354,2,social science
4355,4355,5,natural science
4356,4356,2,natural science
4357,4357,6,natural science
4358,4358,2,natural science
4359,4359,7,natural science
4360,4360,4,social science
4361,4361,3,social science
4362,4362,3,natural science
4363,4363,6,social science
4364,4364,5,social science
4365,4365,5,language science
4366,4366,3,language science
4367,4367,4,natural science
4368,4368,12,language science
4369,4369,4,social science
4370,4370,4,social science
4371,4371,6,social science
4372,4372,3,language science
4373,4373,2,natural science
4374,4374,5,natural science
4375,4375,6,natural science
4376,4376,9,language science
4377,4377,4,language science
4378,4378,6,language science
4379,4379,7,natural science
4380,4380,6,natural science
4381,4381,7,natural science
4382,4382,7,language science
4383,4383,8,language science
4384,4384,11,language science
4385,4385,6,natural science
4386,4386,3,language science
4387,4387,7,language science
4388,4388,8,social science
4389,4389,4,natural science
4390,4390,10,language science
4391,4391,8,social science
4392,4392,6,language science
4393,4393,5,natural science
4394,4394,3,natural science
4395,4395,5,natural science
4396,4396,10,language science
4397,4397,7,natural science
4398,4398,4,language science
4399,4399,8,natural science
4400,4400,3,natural science
4401,4401,8,natural science
4402,4402,5,natural science
4403,4403,8,natural science
4404,4404,8,natural science
4405,4405,8,natural science
4406,4406,7,language science
4407,4407,8,natural science
4408,4408,5,language science
4409,4409,5,natural science
4410,4410,3,language science
4411,4411,3,natural science
4412,4412,6,natural science
4413,4413,4,natural science
4414,4414,5,natural science
4415,4415,7,social science
4416,4416,6,social science
4417,4417,7,social science
4418,4418,8,natural science
4419,4419,3,natural science
4420,4420,5,natural science
4421,4421,4,social science
4422,4422,10,language science
4423,4423,4,natural science
4424,4424,5,natural science
4425,4425,8,language science
4426,4426,3,natural science
4427,4427,5,natural science
4428,4428,6,social science
4429,4429,4,language science
4430,4430,3,natural science
4431,4431,7,natural science
4432,4432,4,social science
4433,4433,4,natural science
4434,4434,5,natural science
4435,4435,5,natural science
4436,4436,8,language science
4437,4437,4,natural science
4438,4438,8,language science
4439,4439,4,natural science
4440,4440,4,natural science
4441,4441,3,natural science
4442,4442,6,natural science
4443,4443,5,social science
4444,4444,3,natural science
4445,4445,5,natural science
4446,4446,12,language science
4447,4447,8,natural science
4448,4448,6,language science
4449,4449,3,social science
4450,4450,7,social science
4451,4451,8,natural science
4452,4452,7,natural science
4453,4453,5,social science
4454,4454,8,social science
4455,4455,7,natural science
4456,4456,3,natural science
4457,4457,3,natural science
4458,4458,10,language science
4459,4459,8,social science
4460,4460,5,natural science
4461,4461,11,language science
4462,4462,8,social science
4463,4463,3,natural science
4464,4464,3,language science
4465,4465,5,natural science
4466,4466,3,language science
4467,4467,6,natural science
4468,4468,3,natural science
4469,4469,3,natural science
4470,4470,2,language science
4471,4471,8,natural science
4472,4472,7,social science
4473,4473,6,natural science
4474,4474,4,social science
4475,4475,4,natural science
4476,4476,10,language science
4477,4477,8,natural science
4478,4478,6,social science
4479,4479,5,social science
4480,4480,6,natural science
4481,4481,5,natural science
4482,4482,6,natural science
4483,4483,10,language science
4484,4484,6,social science
4485,4485,2,natural science
4486,4486,8,natural science
4487,4487,11,language science
4488,4488,8,natural science
4489,4489,7,natural science
4490,4490,6,natural science
4491,4491,4,natural science
4492,4492,6,natural science
4493,4493,6,language science
4494,4494,4,social science
4495,4495,4,language science
4496,4496,10,language science
4497,4497,5,social science
4498,4498,6,language science
4499,4499,2,natural science
4500,4500,7,natural science
4501,4501,2,social science
4502,4502,5,natural science
4503,4503,5,social science
4504,4504,8,natural science
4505,4505,3,social science
4506,4506,3,natural science
4507,4507,4,social science
4508,4508,6,natural science
4509,4509,7,natural science
4510,4510,4,social science
4511,4511,4,social science
4512,4512,4,natural science
4513,4513,6,language science
4514,4514,7,natural science
4515,4515,11,language science
4516,4516,3,social science
4517,4517,8,language science
4518,4518,9,language science
4519,4519,7,social science
4520,4520,3,natural science
4521,4521,6,language science
4522,4522,6,natural science
4523,4523,6,natural science
4524,4524,7,language science
4525,4525,7,natural science
4526,4526,8,language science
4527,4527,3,natural science
4528,4528,10,language science
4529,4529,7,natural science
4530,4530,3,social science
4531,4531,5,social science
4532,4532,5,natural science
4533,4533,3,social science
4534,4534,10,language science
4535,4535,8,natural science
4536,4536,8,natural science
4537,4537,8,social science
4538,4538,6,social science
4539,4539,7,social science
4540,4540,5,natural science
4541,4541,4,natural science
4542,4542,4,natural science
4543,4543,4,natural science
4544,4544,3,natural science
4545,4545,4,social science
4546,4546,5,social science
4547,4547,4,natural science
4548,4548,6,natural science
4549,4549,2,natural science
4550,4550,3,social science
4551,4551,2,natural science
4552,4552,5,natural science
4553,4553,3,natural science
4554,4554,4,natural science
4555,4555,2,social science
4556,4556,6,natural science
4557,4557,4,social science
4558,4558,7,natural science
4559,4559,3,natural science
4560,4560,3,language science
4561,4561,5,language science
4562,4562,5,social science
4563,4563,11,language science
4564,4564,4,natural science
4565,4565,4,language science
4566,4566,5,social science
4567,4567,10,language science
4568,4568,8,language science
4569,4569,6,natural science
4570,4570,3,language science
4571,4571,4,social science
4572,4572,6,natural science
4573,4573,8,natural science
4574,4574,3,natural science
4575,4575,8,natural science
4576,4576,4,natural science
4577,4577,2,natural science
4578,4578,8,social science
4579,4579,4,natural science
4580,4580,3,social science
4581,4581,4,natural science
4582,4582,2,language science
4583,4583,2,language science
4584,4584,5,social science
4585,4585,2,natural science
4586,4586,6,natural science
4587,4587,5,language science
4588,4588,6,language science
4589,4589,2,social science
4590,4590,6,language science
4591,4591,6,social science
4592,4592,8,social science
4593,4593,7,social science
4594,4594,5,natural science
4595,4595,2,natural science
4596,4596,4,natural science
4597,4597,3,natural science
4598,4598,4,social science
4599,4599,7,social science
4600,4600,5,language science
4601,4601,8,natural science
4602,4602,4,natural science
4603,4603,8,natural science
4604,4604,8,natural science
4605,4605,10,language science
4606,4606,5,natural science
4607,4607,6,language science
4608,4608,3,natural science
4609,4609,8,natural science
4610,4610,7,natural science
4611,4611,10,language science
4612,4612,5,natural science
4613,4613,8,language science
4614,4614,1,language science
4615,4615,3,natural science
4616,4616,5,social science
4617,4617,4,natural science
4618,4618,2,natural science
4619,4619,7,language science
4620,4620,4,language science
4621,4621,3,language science
4622,4622,4,natural science
4623,4623,4,natural science
4624,4624,3,natural science
4625,4625,2,social science
4626,4626,4,natural science
4627,4627,4,social science
4628,4628,2,natural science
4629,4629,5,natural science
4630,4630,9,language science
4631,4631,8,social science
4632,4632,7,natural science
4633,4633,7,natural science
4634,4634,6,natural science
4635,4635,4,natural science
4636,4636,8,social science
4637,4637,4,natural science
4638,4638,7,social science
4639,4639,8,natural science
4640,4640,8,natural science
4641,4641,2,natural science
4642,4642,7,natural science
4643,4643,2,natural science
4644,4644,5,natural science
4645,4645,8,natural science
4646,4646,4,natural science
4647,4647,2,natural science
4648,4648,5,natural science
4649,4649,3,natural science
4650,4650,11,language science
4651,4651,3,social science
4652,4652,5,social science
4653,4653,3,language science
4654,4654,4,language science
4655,4655,5,social science
4656,4656,7,social science
4657,4657,6,social science
4658,4658,4,natural science
4659,4659,4,language science
4660,4660,8,natural science
4661,4661,8,natural science
4662,4662,8,natural science
4663,4663,2,natural science
4664,4664,4,language science
4665,4665,4,natural science
4666,4666,3,natural science
4667,4667,3,social science
4668,4668,3,natural science
4669,4669,4,natural science
4670,4670,3,natural science
4671,4671,5,natural science
4672,4672,7,language science
4673,4673,4,natural science
4674,4674,7,language science
4675,4675,4,natural science
4676,4676,3,natural science
4677,4677,4,natural science
4678,4678,2,language science
4679,4679,4,language science
4680,4680,7,language science
4681,4681,7,natural science
4682,4682,12,language science
4683,4683,6,language science
4684,4684,5,natural science
4685,4685,7,natural science
4686,4686,2,language science
4687,4687,4,natural science
4688,4688,5,natural science
4689,4689,3,natural science
4690,4690,6,social science
4691,4691,5,language science
4692,4692,11,language science
4693,4693,7,social science
4694,4694,9,language science
4695,4695,5,social science
4696,4696,5,natural science
4697,4697,4,social science
4698,4698,7,natural science
4699,4699,6,language science
4700,4700,10,language science
4701,4701,3,language science
4702,4702,8,language science
4703,4703,8,natural science
4704,4704,7,natural science
4705,4705,4,natural science
4706,4706,3,natural science
4707,4707,4,social science
4708,4708,3,natural science
4709,4709,3,social science
4710,4710,9,language science
4711,4711,9,language science
4712,4712,6,social science
4713,4713,8,natural science
4714,4714,3,natural science
4715,4715,7,natural science
4716,4716,5,natural science
4717,4717,5,natural science
4718,4718,3,social science
4719,4719,5,social science
4720,4720,4,social science
4721,4721,4,natural science
4722,4722,7,natural science
4723,4723,2,language science
4724,4724,6,natural science
4725,4725,7,natural science
4726,4726,4,language science
4727,4727,4,social science
4728,4728,8,natural science
4729,4729,5,social science
4730,4730,3,natural science
4731,4731,4,natural science
4732,4732,5,natural science
4733,4733,5,natural science
4734,4734,4,natural science
4735,4735,6,natural science
4736,4736,5,language science
4737,4737,5,natural science
4738,4738,5,social science
4739,4739,7,natural science
4740,4740,6,natural science
4741,4741,2,natural science
4742,4742,5,natural science
4743,4743,2,natural science
4744,4744,3,natural science
4745,4745,4,language science
4746,4746,2,natural science
4747,4747,3,natural science
4748,4748,8,language science
4749,4749,7,natural science
4750,4750,7,language science
4751,4751,3,social science
4752,4752,7,language science
4753,4753,4,social science
4754,4754,11,language science
4755,4755,5,language science
4756,4756,11,language science
4757,4757,8,natural science
4758,4758,4,social science
4759,4759,3,natural science
4760,4760,8,natural science
4761,4761,7,natural science
4762,4762,6,natural science
4763,4763,8,social science
4764,4764,5,language science
4765,4765,5,social science
4766,4766,7,natural science
4767,4767,3,natural science
4768,4768,5,natural science
4769,4769,7,natural science
4770,4770,4,natural science
4771,4771,6,natural science
4772,4772,4,natural science
4773,4773,3,language science
4774,4774,10,language science
4775,4775,8,natural science
4776,4776,5,language science
4777,4777,7,natural science
4778,4778,12,language science
4779,4779,3,language science
4780,4780,8,natural science
4781,4781,7,natural science
4782,4782,5,natural science
4783,4783,5,social science
4784,4784,5,natural science
4785,4785,5,social science
4786,4786,8,language science
4787,4787,8,natural science
4788,4788,7,natural science
4789,4789,6,natural science
4790,4790,6,natural science
4791,4791,2,natural science
4792,4792,7,natural science
4793,4793,3,social science
4794,4794,5,natural science
4795,4795,5,natural science
4796,4796,7,natural science
4797,4797,8,social science
4798,4798,6,natural science
4799,4799,4,natural science
4800,4800,9,language science
4801,4801,3,social science
4802,4802,4,natural science
4803,4803,3,social science
4804,4804,7,natural science
4805,4805,5,natural science
4806,4806,3,social science
4807,4807,3,natural science
4808,4808,7,natural science
4809,4809,3,social science
4810,4810,7,natural science
4811,4811,7,social science
4812,4812,3,natural science
4813,4813,3,social science
4814,4814,8,natural science
4815,4815,4,natural science
4816,4816,10,language science
4817,4817,7,social science
4818,4818,5,social science
4819,4819,3,language science
4820,4820,7,language science
4821,4821,4,natural science
4822,4822,8,natural science
4823,4823,3,natural science
4824,4824,9,language science
4825,4825,5,natural science
4826,4826,7,natural science
4827,4827,3,natural science
4828,4828,4,social science
4829,4829,11,language science
4830,4830,5,natural science
4831,4831,8,natural science
4832,4832,7,natural science
4833,4833,8,natural science
4834,4834,5,natural science
4835,4835,4,natural science
4836,4836,8,social science
4837,4837,5,natural science
4838,4838,3,natural science
4839,4839,6,natural science
4840,4840,4,natural science
4841,4841,7,social science
4842,4842,7,social science
4843,4843,4,social science
4844,4844,4,natural science
4845,4845,4,language science
4846,4846,5,social science
4847,4847,4,natural science
4848,4848,5,language science
4849,4849,5,language science
4850,4850,2,natural science
4851,4851,8,natural science
4852,4852,3,natural science
4853,4853,7,natural science
4854,4854,5,social science
4855,4855,7,language science
4856,4856,5,social science
4857,4857,7,natural science
4858,4858,6,social science
4859,4859,11,language science
4860,4860,6,natural science
4861,4861,11,language science
4862,4862,3,natural science
4863,4863,6,natural science
4864,4864,10,language science
4865,4865,7,natural science
4866,4866,10,language science
4867,4867,4,natural science
4868,4868,9,language science
4869,4869,7,language science
4870,4870,9,language science
4871,4871,8,language science
4872,4872,8,social science
4873,4873,6,natural science
4874,4874,6,natural science
4875,4875,6,social science
4876,4876,5,natural science
4877,4877,4,language science
4878,4878,5,natural science
4879,4879,4,social science
4880,4880,11,language science
4881,4881,7,social science
4882,4882,5,social science
4883,4883,4,natural science
4884,4884,12,language science
4885,4885,3,social science
4886,4886,2,language science
4887,4887,7,natural science
4888,4888,8,social science
4889,4889,4,natural science
4890,4890,4,natural science
4891,4891,2,natural science
4892,4892,7,social science
4893,4893,8,language science
4894,4894,8,language science
4895,4895,4,language science
4896,4896,10,language science
4897,4897,4,social science
4898,4898,5,social science
4899,4899,4,natural science
4900,4900,5,natural science
4901,4901,2,language science
4902,4902,5,language science
4903,4903,3,language science
4904,4904,3,social science
4905,4905,4,natural science
4906,4906,10,language science
4907,4907,8,natural science
4908,4908,2,language science
4909,4909,7,social science
4910,4910,7,social science
4911,4911,4,language science
4912,4912,8,social science
4913,4913,4,natural science
4914,4914,2,natural science
4915,4915,6,social science
4916,4916,4,natural science
4917,4917,5,natural science
4918,4918,7,social science
4919,4919,7,natural science
4920,4920,4,natural science
4921,4921,7,natural science
4922,4922,7,language science
4923,4923,2,social science
4924,4924,7,natural science
4925,4925,4,social science
4926,4926,5,social science
4927,4927,8,natural science
4928,4928,4,language science
4929,4929,4,natural science
4930,4930,7,natural science
4931,4931,8,natural science
4932,4932,4,natural science
4933,4933,3,natural science
4934,4934,11,language science
4935,4935,5,natural science
4936,4936,8,natural science
4937,4937,8,natural science
4938,4938,5,social science
4939,4939,5,social science
4940,4940,3,natural science
4941,4941,4,natural science
4942,4942,4,social science
4943,4943,4,social science
4944,4944,8,natural science
4945,4945,5,social science
4946,4946,12,language science
4947,4947,6,natural science
4948,4948,3,language science
4949,4949,2,natural science
4950,4950,2,social science
4951,4951,5,natural science
4952,4952,7,social science
4953,4953,3,social science
4954,4954,8,social science
4955,4955,5,language science
4956,4956,7,natural science
4957,4957,5,natural science
4958,4958,7,natural science
4959,4959,7,natural science
4960,4960,7,language science
4961,4961,3,natural science
4962,4962,3,natural science
4963,4963,8,natural science
4964,4964,6,natural science
4965,4965,4,natural science
4966,4966,7,natural science
4967,4967,3,natural science
4968,4968,3,natural science
4969,4969,2,social science
4970,4970,6,social science
4971,4971,5,social science
4972,4972,4,natural science
4973,4973,5,social science
4974,4974,8,natural science
4975,4975,9,language science
4976,4976,8,natural science
4977,4977,7,language science
4978,4978,3,language science
4979,4979,3,natural science
4980,4980,4,natural science
4981,4981,5,language science
4982,4982,6,natural science
4983,4983,4,natural science
4984,4984,10,language science
4985,4985,2,natural science
4986,4986,7,natural science
4987,4987,8,natural science
4988,4988,5,natural science
4989,4989,3,language science
4990,4990,4,natural science
4991,4991,4,language science
4992,4992,3,natural science
4993,4993,6,natural science
4994,4994,6,social science
4995,4995,4,language science
4996,4996,5,natural science
4997,4997,8,natural science
4998,4998,7,language science
4999,4999,4,social science
5000,5000,7,natural science
5001,5001,6,natural science
5002,5002,8,language science
5003,5003,8,natural science
5004,5004,7,natural science
5005,5005,4,natural science
5006,5006,5,natural science
5007,5007,4,natural science
5008,5008,2,language science
5009,5009,4,natural science
5010,5010,11,language science
5011,5011,8,natural science
5012,5012,2,social science
5013,5013,7,natural science
5014,5014,7,natural science
5015,5015,3,social science
5016,5016,7,social science
5017,5017,4,natural science
5018,5018,5,natural science
5019,5019,4,natural science
5020,5020,7,natural science
5021,5021,4,natural science
5022,5022,5,natural science
5023,5023,5,natural science
5024,5024,6,natural science
5025,5025,8,natural science
5026,5026,12,language science
5027,5027,6,natural science
5028,5028,5,natural science
5029,5029,5,social science
5030,5030,5,natural science
5031,5031,8,social science
5032,5032,3,natural science
5033,5033,6,natural science
5034,5034,10,language science
5035,5035,7,natural science
5036,5036,5,language science
5037,5037,11,language science
5038,5038,7,natural science
5039,5039,9,language science
5040,5040,8,language science
5041,5041,8,natural science
5042,5042,3,natural science
5043,5043,4,natural science
5044,5044,4,social science
5045,5045,3,natural science
5046,5046,12,language science
5047,5047,3,natural science
5048,5048,9,language science
5049,5049,7,natural science
5050,5050,9,language science
5051,5051,5,language science
5052,5052,5,natural science
5053,5053,6,language science
5054,5054,3,natural science
5055,5055,11,language science
5056,5056,4,natural science
5057,5057,6,natural science
5058,5058,10,language science
5059,5059,5,natural science
5060,5060,8,natural science
5061,5061,2,natural science
5062,5062,6,language science
5063,5063,3,natural science
5064,5064,8,natural science
5065,5065,12,language science
5066,5066,2,social science
5067,5067,3,social science
5068,5068,4,natural science
5069,5069,5,social science
5070,5070,5,natural science
5071,5071,4,natural science
5072,5072,9,language science
5073,5073,7,natural science
5074,5074,8,natural science
5075,5075,4,natural science
5076,5076,8,social science
5077,5077,8,natural science
5078,5078,8,social science
5079,5079,7,social science
5080,5080,7,social science
5081,5081,4,social science
5082,5082,2,natural science
5083,5083,3,social science
5084,5084,4,natural science
5085,5085,3,natural science
5086,5086,4,language science
5087,5087,2,natural science
5088,5088,8,natural science
5089,5089,4,natural science
5090,5090,4,social science
5091,5091,5,language science
5092,5092,7,natural science
5093,5093,5,social science
5094,5094,4,natural science
5095,5095,5,social science
5096,5096,7,language science
5097,5097,8,natural science
5098,5098,8,natural science
5099,5099,6,natural science
5100,5100,12,language science
5101,5101,5,social science
5102,5102,7,natural science
5103,5103,2,natural science
5104,5104,7,natural science
5105,5105,2,natural science
5106,5106,5,social science
5107,5107,4,social science
5108,5108,7,natural science
5109,5109,12,language science
5110,5110,12,language science
5111,5111,7,social science
5112,5112,7,natural science
5113,5113,3,social science
5114,5114,7,natural science
5115,5115,6,natural science
5116,5116,8,natural science
5117,5117,6,natural science
5118,5118,5,natural science
5119,5119,3,social science
5120,5120,5,social science
5121,5121,5,natural science
5122,5122,6,language science
5123,5123,4,language science
5124,5124,8,natural science
5125,5125,8,natural science
5126,5126,2,social science
5127,5127,4,social science
5128,5128,8,natural science
5129,5129,3,natural science
5130,5130,12,language science
5131,5131,4,social science
5132,5132,4,natural science
5133,5133,6,social science
5134,5134,5,social science
5135,5135,4,language science
5136,5136,8,natural science
5137,5137,10,language science
5138,5138,5,natural science
5139,5139,3,social science
5140,5140,2,natural science
5141,5141,4,natural science
5142,5142,11,language science
5143,5143,5,language science
5144,5144,2,natural science
5145,5145,12,language science
5146,5146,7,natural science
5147,5147,7,language science
5148,5148,3,social science
5149,5149,5,natural science
5150,5150,4,language science
5151,5151,3,natural science
5152,5152,2,natural science
5153,5153,8,natural science
5154,5154,2,language science
5155,5155,4,natural science
5156,5156,11,language science
5157,5157,8,natural science
5158,5158,4,natural science
5159,5159,7,language science
5160,5160,7,language science
5161,5161,7,natural science
5162,5162,2,language science
5163,5163,9,language science
5164,5164,4,natural science
5165,5165,2,language science
5166,5166,7,natural science
5167,5167,7,natural science
5168,5168,5,language science
5169,5169,11,language science
5170,5170,6,natural science
5171,5171,8,natural science
5172,5172,6,natural science
5173,5173,3,natural science
5174,5174,9,language science
5175,5175,5,social science
5176,5176,5,language science
5177,5177,6,natural science
5178,5178,4,natural science
5179,5179,5,natural science
5180,5180,2,natural science
5181,5181,4,natural science
5182,5182,8,social science
5183,5183,3,social science
5184,5184,4,language science
5185,5185,6,natural science
5186,5186,9,language science
5187,5187,3,social science
5188,5188,5,natural science
5189,5189,7,natural science
5190,5190,10,language science
5191,5191,8,language science
5192,5192,2,natural science
5193,5193,3,social science
5194,5194,3,social science
5195,5195,4,language science
5196,5196,6,social science
5197,5197,5,language science
5198,5198,7,natural science
5199,5199,8,social science
5200,5200,2,natural science
5201,5201,8,natural science
5202,5202,6,social science
5203,5203,5,social science
5204,5204,2,natural science
5205,5205,4,natural science
5206,5206,2,natural science
5207,5207,4,natural science
5208,5208,7,natural science
5209,5209,12,language science
5210,5210,3,natural science
5211,5211,8,social science
5212,5212,2,natural science
5213,5213,9,language science
5214,5214,4,natural science
5215,5215,4,social science
5216,5216,4,social science
5217,5217,7,natural science
5218,5218,6,natural science
5219,5219,6,language science
5220,5220,3,language science
5221,5221,4,social science
5222,5222,7,language science
5223,5223,3,natural science
5224,5224,8,natural science
5225,5225,10,language science
5226,5226,8,language science
5227,5227,7,language science
5228,5228,5,social science
5229,5229,3,natural science
5230,5230,4,natural science
5231,5231,7,natural science
5232,5232,2,natural science
5233,5233,3,language science
5234,5234,8,natural science
5235,5235,8,social science
5236,5236,6,natural science
5237,5237,4,language science
5238,5238,7,natural science
5239,5239,3,language science
5240,5240,3,social science
5241,5241,4,natural science
5242,5242,5,social science
5243,5243,3,natural science
5244,5244,6,natural science
5245,5245,5,social science
5246,5246,5,natural science
5247,5247,3,natural science
5248,5248,8,language science
5249,5249,11,language science
5250,5250,6,natural science
5251,5251,8,natural science
5252,5252,4,natural science
5253,5253,3,social science
5254,5254,5,natural science
5255,5255,4,social science
5256,5256,4,social science
5257,5257,7,social science
5258,5258,5,social science
5259,5259,7,natural science
5260,5260,1,language science
5261,5261,8,natural science
5262,5262,4,natural science
5263,5263,3,natural science
5264,5264,4,natural science
5265,5265,5,social science
5266,5266,3,natural science
5267,5267,5,social science
5268,5268,4,natural science
5269,5269,6,natural science
5270,5270,3,language science
5271,5271,3,natural science
5272,5272,7,natural science
5273,5273,3,natural science
5274,5274,5,natural science
5275,5275,7,social science
5276,5276,4,social science
5277,5277,2,language science
5278,5278,7,social science
5279,5279,8,natural science
5280,5280,6,natural science
5281,5281,9,language science
5282,5282,5,language science
5283,5283,3,natural science
5284,5284,6,language science
5285,5285,4,natural science
5286,5286,3,natural science
5287,5287,7,natural science
5288,5288,3,natural science
5289,5289,4,natural science
5290,5290,5,social science
5291,5291,8,natural science
5292,5292,5,natural science
5293,5293,5,social science
5294,5294,8,natural science
5295,5295,5,natural science
5296,5296,4,social science
5297,5297,4,natural science
5298,5298,7,language science
5299,5299,2,natural science
5300,5300,6,natural science
5301,5301,5,natural science
5302,5302,8,language science
5303,5303,11,language science
5304,5304,3,language science
5305,5305,8,natural science
5306,5306,8,natural science
5307,5307,9,language science
5308,5308,4,social science
5309,5309,5,social science
5310,5310,12,language science
5311,5311,5,natural science
5312,5312,7,social science
5313,5313,4,language science
5314,5314,3,natural science
5315,5315,4,natural science
5316,5316,6,natural science
5317,5317,4,social science
5318,5318,4,social science
5319,5319,7,natural science
5320,5320,7,natural science
5321,5321,8,language science
5322,5322,7,natural science
5323,5323,3,language science
5324,5324,5,natural science
5325,5325,9,language science
5326,5326,3,natural science
5327,5327,8,natural science
5328,5328,4,natural science
5329,5329,4,natural science
5330,5330,4,natural science
5331,5331,5,social science
5332,5332,5,social science
5333,5333,12,language science
5334,5334,2,natural science
5335,5335,7,natural science
5336,5336,3,social science
5337,5337,11,language science
5338,5338,4,natural science
5339,5339,5,natural science
5340,5340,5,natural science
5341,5341,7,language science
5342,5342,2,natural science
5343,5343,2,natural science
5344,5344,6,natural science
5345,5345,10,language science
5346,5346,11,language science
5347,5347,8,natural science
5348,5348,4,language science
5349,5349,2,social science
5350,5350,5,natural science
5351,5351,4,natural science
5352,5352,6,natural science
5353,5353,4,natural science
5354,5354,5,language science
5355,5355,7,language science
5356,5356,9,language science
5357,5357,8,natural science
5358,5358,2,social science
5359,5359,3,natural science
5360,5360,7,natural science
5361,5361,2,natural science
5362,5362,7,natural science
5363,5363,5,social science
5364,5364,6,natural science
5365,5365,7,social science
5366,5366,3,social science
5367,5367,5,social science
5368,5368,6,natural science
5369,5369,4,language science
5370,5370,4,natural science
5371,5371,2,natural science
5372,5372,7,social science
5373,5373,6,language science
5374,5374,7,social science
5375,5375,9,language science
5376,5376,7,natural science
5377,5377,2,natural science
5378,5378,3,language science
5379,5379,9,language science
5380,5380,2,natural science
5381,5381,7,natural science
5382,5382,5,natural science
5383,5383,6,social science
5384,5384,5,natural science
5385,5385,5,natural science
5386,5386,8,language science
5387,5387,10,language science
5388,5388,2,natural science
5389,5389,3,social science
5390,5390,12,language science
5391,5391,7,natural science
5392,5392,3,language science
5393,5393,7,natural science
5394,5394,10,language science
5395,5395,3,natural science
5396,5396,5,language science
5397,5397,8,language science
5398,5398,3,natural science
5399,5399,6,social science
5400,5400,2,natural science
5401,5401,2,natural science
5402,5402,8,natural science
5403,5403,4,social science
5404,5404,4,social science
5405,5405,7,natural science
5406,5406,7,social science
5407,5407,3,natural science
5408,5408,5,natural science
5409,5409,4,natural science
5410,5410,4,natural science
5411,5411,3,natural science
5412,5412,6,social science
5413,5413,7,natural science
5414,5414,3,natural science
5415,5415,8,natural science
5416,5416,8,language science
5417,5417,6,language science
5418,5418,3,natural science
5419,5419,8,natural science
5420,5420,4,language science
5421,5421,5,natural science
5422,5422,3,natural science
5423,5423,2,natural science
5424,5424,7,natural science
5425,5425,5,natural science
5426,5426,2,social science
5427,5427,12,language science
5428,5428,10,language science
5429,5429,3,language science
5430,5430,5,language science
5431,5431,4,language science
5432,5432,3,language science
5433,5433,7,language science
5434,5434,8,language science
5435,5435,5,natural science
5436,5436,7,natural science
5437,5437,7,natural science
5438,5438,4,language science
5439,5439,4,natural science
5440,5440,8,natural science
5441,5441,8,natural science
5442,5442,4,language science
5443,5443,8,social science
5444,5444,3,natural science
5445,5445,8,natural science
5446,5446,3,natural science
5447,5447,7,social science
5448,5448,6,natural science
5449,5449,2,language science
5450,5450,3,natural science
5451,5451,7,natural science
5452,5452,2,natural science
5453,5453,7,natural science
5454,5454,4,language science
5455,5455,11,language science
5456,5456,4,natural science
5457,5457,4,language science
5458,5458,7,natural science
5459,5459,3,natural science
5460,5460,2,natural science
5461,5461,3,natural science
5462,5462,8,natural science
5463,5463,7,natural science
5464,5464,5,natural science
5465,5465,7,language science
5466,5466,6,natural science
5467,5467,3,natural science
5468,5468,6,natural science
5469,5469,4,natural science
5470,5470,8,language science
5471,5471,3,natural science
5472,5472,3,language science
5473,5473,6,natural science
5474,5474,2,natural science
5475,5475,4,natural science
5476,5476,2,natural science
5477,5477,6,natural science
5478,5478,4,natural science
5479,5479,11,language science
5480,5480,5,language science
5481,5481,4,social science
5482,5482,4,social science
5483,5483,1,language science
5484,5484,3,natural science
5485,5485,2,natural science
5486,5486,2,natural science
5487,5487,9,language science
5488,5488,4,natural science
5489,5489,10,language science
5490,5490,7,social science
5491,5491,7,language science
5492,5492,5,social science
5493,5493,4,language science
5494,5494,4,social science
5495,5495,6,natural science
5496,5496,2,social science
5497,5497,7,natural science
5498,5498,7,natural science
5499,5499,8,social science
5500,5500,8,natural science
5501,5501,6,social science
5502,5502,6,natural science
5503,5503,5,natural science
5504,5504,3,natural science
5505,5505,12,language science
5506,5506,3,natural science
5507,5507,7,social science
5508,5508,4,social science
5509,5509,7,natural science
5510,5510,12,language science
5511,5511,5,natural science
5512,5512,5,natural science
5513,5513,3,social science
5514,5514,4,natural science
5515,5515,8,natural science
5516,5516,4,social science
5517,5517,5,natural science
5518,5518,2,language science
5519,5519,9,language science
5520,5520,4,natural science
5521,5521,4,natural science
5522,5522,6,social science
5523,5523,7,natural science
5524,5524,6,language science
5525,5525,3,natural science
5526,5526,5,social science
5527,5527,6,language science
5528,5528,9,language science
5529,5529,3,language science
5530,5530,5,language science
5531,5531,6,natural science
5532,5532,5,natural science
5533,5533,6,language science
5534,5534,3,social science
5535,5535,2,natural science
5536,5536,7,natural science
5537,5537,3,natural science
5538,5538,3,social science
5539,5539,11,language science
5540,5540,7,language science
5541,5541,9,language science
5542,5542,4,natural science
5543,5543,7,natural science
5544,5544,4,natural science
5545,5545,8,natural science
5546,5546,3,natural science
5547,5547,7,social science
5548,5548,8,natural science
5549,5549,4,natural science
5550,5550,4,natural science
5551,5551,2,language science
5552,5552,10,language science
5553,5553,3,language science
5554,5554,7,natural science
5555,5555,4,natural science
5556,5556,7,natural science
5557,5557,7,natural science
5558,5558,4,language science
5559,5559,3,natural science
5560,5560,6,natural science
5561,5561,9,language science
5562,5562,2,social science
5563,5563,10,language science
5564,5564,3,natural science
5565,5565,4,social science
5566,5566,2,language science
5567,5567,7,language science
5568,5568,11,language science
5569,5569,7,natural science
5570,5570,8,natural science
5571,5571,2,language science
5572,5572,7,natural science
5573,5573,5,social science
5574,5574,2,natural science
5575,5575,7,natural science
5576,5576,2,social science
5577,5577,5,natural science
5578,5578,3,natural science
5579,5579,6,natural science
5580,5580,7,social science
5581,5581,12,language science
5582,5582,5,social science
5583,5583,7,natural science
5584,5584,3,language science
5585,5585,5,social science
5586,5586,7,natural science
5587,5587,12,language science
5588,5588,6,language science
5589,5589,8,language science
5590,5590,7,natural science
5591,5591,5,natural science
5592,5592,10,language science
5593,5593,3,language science
5594,5594,4,natural science
5595,5595,4,natural science
5596,5596,5,natural science
5597,5597,8,language science
5598,5598,5,social science
5599,5599,3,language science
5600,5600,6,social science
5601,5601,3,natural science
5602,5602,2,natural science
5603,5603,6,natural science
5604,5604,4,social science
5605,5605,7,natural science
5606,5606,2,natural science
5607,5607,3,natural science
5608,5608,6,natural science
5609,5609,4,natural science
5610,5610,3,language science
5611,5611,6,natural science
5612,5612,5,natural science
5613,5613,4,social science
5614,5614,3,natural science
5615,5615,7,language science
5616,5616,5,natural science
5617,5617,5,natural science
5618,5618,6,natural science
5619,5619,5,natural science
5620,5620,7,language science
5621,5621,8,social science
5622,5622,7,language science
5623,5623,3,natural science
5624,5624,8,natural science
5625,5625,6,language science
5626,5626,4,language science
5627,5627,8,language science
5628,5628,8,social science
5629,5629,3,natural science
5630,5630,8,natural science
5631,5631,4,natural science
5632,5632,5,social science
5633,5633,4,natural science
5634,5634,3,language science
5635,5635,4,social science
5636,5636,6,natural science
5637,5637,6,natural science
5638,5638,6,natural science
5639,5639,10,language science
5640,5640,6,language science
5641,5641,8,natural science
5642,5642,7,social science
5643,5643,5,natural science
5644,5644,6,language science
5645,5645,8,natural science
5646,5646,4,social science
5647,5647,5,natural science
5648,5648,7,natural science
5649,5649,11,language science
5650,5650,5,social science
5651,5651,5,natural science
5652,5652,8,natural science
5653,5653,2,natural science
5654,5654,5,natural science
5655,5655,4,natural science
5656,5656,4,natural science
5657,5657,3,natural science
5658,5658,4,social science
5659,5659,5,natural science
5660,5660,3,language science
5661,5661,8,social science
5662,5662,7,natural science
5663,5663,6,natural science
5664,5664,5,natural science
5665,5665,4,social science
5666,5666,7,natural science
5667,5667,3,social science
5668,5668,5,natural science
5669,5669,3,natural science
5670,5670,9,language science
5671,5671,12,language science
5672,5672,5,natural science
5673,5673,7,natural science
5674,5674,7,natural science
5675,5675,8,language science
5676,5676,3,language science
5677,5677,4,language science
5678,5678,4,natural science
5679,5679,6,social science
5680,5680,3,natural science
5681,5681,7,natural science
5682,5682,3,natural science
5683,5683,1,language science
5684,5684,2,language science
5685,5685,3,social science
5686,5686,4,natural science
5687,5687,4,social science
5688,5688,4,natural science
5689,5689,8,natural science
5690,5690,5,social science
5691,5691,3,natural science
5692,5692,10,language science
5693,5693,4,natural science
5694,5694,4,social science
5695,5695,3,natural science
5696,5696,7,social science
5697,5697,5,social science
5698,5698,8,language science
5699,5699,10,language science
5700,5700,5,natural science
5701,5701,2,natural science
5702,5702,7,language science
5703,5703,3,natural science
5704,5704,4,natural science
5705,5705,2,natural science
5706,5706,8,natural science
5707,5707,8,language science
5708,5708,3,social science
5709,5709,7,natural science
5710,5710,5,natural science
5711,5711,3,language science
5712,5712,12,language science
5713,5713,3,language science
5714,5714,8,language science
5715,5715,7,social science
5716,5716,5,language science
5717,5717,7,natural science
5718,5718,2,natural science
5719,5719,7,natural science
5720,5720,11,language science
5721,5721,4,language science
5722,5722,10,language science
5723,5723,12,language science
5724,5724,3,natural science
5725,5725,4,natural science
5726,5726,7,natural science
5727,5727,2,natural science
5728,5728,8,natural science
5729,5729,4,natural science
5730,5730,9,language science
5731,5731,3,social science
5732,5732,5,natural science
5733,5733,3,natural science
5734,5734,3,language science
5735,5735,2,natural science
5736,5736,3,social science
5737,5737,4,social science
5738,5738,2,language science
5739,5739,8,natural science
5740,5740,3,natural science
5741,5741,4,social science
5742,5742,7,natural science
5743,5743,5,natural science
5744,5744,12,language science
5745,5745,2,natural science
5746,5746,8,natural science
5747,5747,12,language science
5748,5748,3,social science
5749,5749,10,language science
5750,5750,7,natural science
5751,5751,4,social science
5752,5752,8,social science
5753,5753,5,social science
5754,5754,9,language science
5755,5755,5,social science
5756,5756,3,natural science
5757,5757,4,natural science
5758,5758,5,natural science
5759,5759,3,natural science
5760,5760,7,natural science
5761,5761,3,language science
5762,5762,4,social science
5763,5763,4,social science
5764,5764,3,language science
5765,5765,3,natural science
5766,5766,5,language science
5767,5767,4,natural science
5768,5768,5,natural science
5769,5769,11,language science
5770,5770,5,natural science
5771,5771,4,language science
5772,5772,2,natural science
5773,5773,6,natural science
5774,5774,7,natural science
5775,5775,8,language science
5776,5776,2,social science
5777,5777,6,natural science
5778,5778,3,social science
5779,5779,7,natural science
5780,5780,3,natural science
5781,5781,6,natural science
5782,5782,3,natural science
5783,5783,8,natural science
5784,5784,3,social science
5785,5785,7,natural science
5786,5786,7,natural science
5787,5787,3,language science
5788,5788,3,natural science
5789,5789,4,natural science
5790,5790,6,natural science
5791,5791,3,natural science
5792,5792,12,language science
5793,5793,2,natural science
5794,5794,5,natural science
5795,5795,5,social science
5796,5796,4,natural science
5797,5797,4,social science
5798,5798,4,natural science
5799,5799,8,language science
5800,5800,7,natural science
5801,5801,5,social science
5802,5802,12,language science
5803,5803,7,natural science
5804,5804,3,social science
5805,5805,8,social science
5806,5806,3,social science
5807,5807,7,natural science
5808,5808,3,language science
5809,5809,6,natural science
5810,5810,5,natural science
5811,5811,6,natural science
5812,5812,6,natural science
5813,5813,6,natural science
5814,5814,11,language science
5815,5815,3,social science
5816,5816,8,social science
5817,5817,2,language science
5818,5818,6,social science
5819,5819,5,social science
5820,5820,8,natural science
5821,5821,5,social science
5822,5822,4,social science
5823,5823,8,language science
5824,5824,4,language science
5825,5825,2,language science
5826,5826,8,natural science
5827,5827,4,natural science
5828,5828,7,natural science
5829,5829,9,language science
5830,5830,3,natural science
5831,5831,5,natural science
5832,5832,4,language science
5833,5833,7,natural science
5834,5834,2,language science
5835,5835,3,natural science
5836,5836,6,social science
5837,5837,4,social science
5838,5838,5,social science
5839,5839,4,natural science
5840,5840,6,natural science
5841,5841,5,natural science
5842,5842,7,social science
5843,5843,4,natural science
5844,5844,8,social science
5845,5845,7,language science
5846,5846,4,natural science
5847,5847,9,language science
5848,5848,3,social science
5849,5849,7,natural science
5850,5850,3,natural science
5851,5851,3,language science
5852,5852,7,social science
5853,5853,4,social science
5854,5854,4,social science
5855,5855,5,social science
5856,5856,4,language science
5857,5857,3,natural science
5858,5858,9,language science
5859,5859,11,language science
5860,5860,6,social science
5861,5861,2,natural science
5862,5862,8,social science
5863,5863,8,natural science
5864,5864,6,natural science
5865,5865,8,natural science
5866,5866,5,language science
5867,5867,5,social science
5868,5868,4,social science
5869,5869,3,natural science
5870,5870,2,language science
5871,5871,5,natural science
5872,5872,8,natural science
5873,5873,6,natural science
5874,5874,8,social science
5875,5875,2,natural science
5876,5876,4,natural science
5877,5877,4,social science
5878,5878,10,language science
5879,5879,6,social science
5880,5880,3,social science
5881,5881,4,language science
5882,5882,2,natural science
5883,5883,3,social science
5884,5884,8,natural science
5885,5885,8,language science
5886,5886,4,natural science
5887,5887,5,language science
5888,5888,3,natural science
5889,5889,4,natural science
5890,5890,4,social science
5891,5891,5,social science
5892,5892,3,natural science
5893,5893,9,language science
5894,5894,8,natural science
5895,5895,5,natural science
5896,5896,6,natural science
5897,5897,8,natural science
5898,5898,8,natural science
5899,5899,4,natural science
5900,5900,7,language science
5901,5901,6,language science
5902,5902,3,language science
5903,5903,8,language science
5904,5904,4,natural science
5905,5905,7,natural science
5906,5906,6,language science
5907,5907,3,natural science
5908,5908,4,social science
5909,5909,4,natural science
5910,5910,4,natural science
5911,5911,2,language science
5912,5912,6,natural science
5913,5913,2,natural science
5914,5914,3,natural science
5915,5915,10,language science
5916,5916,7,natural science
5917,5917,2,language science
5918,5918,7,natural science
5919,5919,8,language science
5920,5920,5,natural science
5921,5921,8,natural science
5922,5922,7,natural science
5923,5923,12,language science
5924,5924,8,social science
5925,5925,4,natural science
5926,5926,9,language science
5927,5927,4,natural science
5928,5928,3,natural science
5929,5929,5,language science
5930,5930,10,language science
5931,5931,5,natural science
5932,5932,3,social science
5933,5933,6,natural science
5934,5934,5,social science
5935,5935,8,natural science
5936,5936,5,natural science
5937,5937,12,language science
5938,5938,3,social science
5939,5939,8,language science
5940,5940,5,social science
5941,5941,7,natural science
5942,5942,4,natural science
5943,5943,6,natural science
5944,5944,8,natural science
5945,5945,6,language science
5946,5946,10,language science
5947,5947,10,language science
5948,5948,7,natural science
5949,5949,4,natural science
5950,5950,10,language science
5951,5951,4,natural science
5952,5952,5,language science
5953,5953,3,social science
5954,5954,9,language science
5955,5955,4,social science
5956,5956,7,natural science
5957,5957,5,natural science
5958,5958,12,language science
5959,5959,5,language science
5960,5960,8,language science
5961,5961,7,language science
5962,5962,7,language science
5963,5963,4,natural science
5964,5964,5,social science
5965,5965,4,social science
5966,5966,7,social science
5967,5967,8,natural science
5968,5968,2,natural science
5969,5969,4,language science
5970,5970,5,natural science
5971,5971,2,natural science
5972,5972,5,social science
5973,5973,5,natural science
5974,5974,5,natural science
5975,5975,3,natural science
5976,5976,5,natural science
5977,5977,9,language science
5978,5978,7,natural science
5979,5979,7,natural science
5980,5980,6,natural science
5981,5981,3,social science
5982,5982,2,natural science
5983,5983,8,language science
5984,5984,5,natural science
5985,5985,4,natural science
5986,5986,4,natural science
5987,5987,2,language science
5988,5988,5,language science
5989,5989,8,natural science
5990,5990,6,natural science
5991,5991,5,natural science
5992,5992,6,natural science
5993,5993,4,natural science
5994,5994,6,natural science
5995,5995,3,natural science
5996,5996,2,language science
5997,5997,2,language science
5998,5998,4,social science
5999,5999,10,language science
6000,6000,3,natural science
6001,6001,6,natural science
6002,6002,7,natural science
6003,6003,8,social science
6004,6004,6,social science
6005,6005,2,natural science
6006,6006,3,social science
6007,6007,3,natural science
6008,6008,5,social science
6009,6009,5,social science
6010,6010,8,social science
6011,6011,3,social science
6012,6012,9,language science
6013,6013,4,natural science
6014,6014,3,language science
6015,6015,4,language science
6016,6016,11,language science
6017,6017,7,natural science
6018,6018,6,natural science
6019,6019,4,natural science
6020,6020,5,natural science
6021,6021,5,language science
6022,6022,4,natural science
6023,6023,3,natural science
6024,6024,7,natural science
6025,6025,7,language science
6026,6026,8,natural science
6027,6027,8,natural science
6028,6028,2,natural science
6029,6029,11,language science
6030,6030,2,language science
6031,6031,7,language science
6032,6032,5,social science
6033,6033,7,natural science
6034,6034,2,natural science
6035,6035,3,natural science
6036,6036,5,natural science
6037,6037,7,language science
6038,6038,5,natural science
6039,6039,3,natural science
6040,6040,5,natural science
6041,6041,2,natural science
6042,6042,8,natural science
6043,6043,7,natural science
6044,6044,6,natural science
6045,6045,7,social science
6046,6046,7,language science
6047,6047,6,language science
6048,6048,5,natural science
6049,6049,7,social science
6050,6050,5,natural science
6051,6051,6,social science
6052,6052,2,natural science
6053,6053,10,language science
6054,6054,5,natural science
6055,6055,2,language science
6056,6056,4,natural science
6057,6057,7,natural science
6058,6058,4,language science
6059,6059,2,natural science
6060,6060,5,natural science
6061,6061,11,language science
6062,6062,6,natural science
6063,6063,12,language science
6064,6064,6,natural science
6065,6065,7,natural science
6066,6066,3,social science
6067,6067,8,natural science
6068,6068,5,social science
6069,6069,11,language science
6070,6070,2,natural science
6071,6071,4,language science
6072,6072,6,natural science
6073,6073,5,natural science
6074,6074,4,natural science
6075,6075,7,natural science
6076,6076,5,natural science
6077,6077,8,social science
6078,6078,5,natural science
6079,6079,5,natural science
6080,6080,3,natural science
6081,6081,6,language science
6082,6082,6,language science
6083,6083,3,language science
6084,6084,4,natural science
6085,6085,7,language science
6086,6086,8,natural science
6087,6087,5,social science
6088,6088,3,social science
6089,6089,3,language science
6090,6090,10,language science
6091,6091,6,natural science
6092,6092,3,language science
6093,6093,3,natural science
6094,6094,10,language science
6095,6095,10,language science
6096,6096,8,natural science
6097,6097,4,social science
6098,6098,4,social science
6099,6099,8,natural science
6100,6100,8,natural science
6101,6101,6,natural science
6102,6102,7,natural science
6103,6103,4,social science
6104,6104,6,language science
6105,6105,4,natural science
6106,6106,3,social science
6107,6107,6,language science
6108,6108,4,natural science
6109,6109,3,language science
6110,6110,8,natural science
6111,6111,5,natural science
6112,6112,5,social science
6113,6113,2,social science
6114,6114,10,language science
6115,6115,3,natural science
6116,6116,8,language science
6117,6117,5,social science
6118,6118,8,natural science
6119,6119,8,natural science
6120,6120,6,social science
6121,6121,4,natural science
6122,6122,7,natural science
6123,6123,5,natural science
6124,6124,4,natural science
6125,6125,6,natural science
6126,6126,3,natural science
6127,6127,6,language science
6128,6128,6,social science
6129,6129,5,social science
6130,6130,5,natural science
6131,6131,5,natural science
6132,6132,6,social science
6133,6133,2,natural science
6134,6134,6,natural science
6135,6135,3,natural science
6136,6136,8,natural science
6137,6137,2,natural science
6138,6138,4,language science
6139,6139,6,language science
6140,6140,12,language science
6141,6141,6,natural science
6142,6142,5,natural science
6143,6143,7,natural science
6144,6144,3,natural science
6145,6145,3,social science
6146,6146,6,natural science
6147,6147,8,natural science
6148,6148,8,natural science
6149,6149,4,natural science
6150,6150,2,language science
6151,6151,3,natural science
6152,6152,7,natural science
6153,6153,5,natural science
6154,6154,7,natural science
6155,6155,4,natural science
6156,6156,5,natural science
6157,6157,5,natural science
6158,6158,8,natural science
6159,6159,2,natural science
6160,6160,4,natural science
6161,6161,6,language science
6162,6162,8,language science
6163,6163,6,language science
6164,6164,8,natural science
6165,6165,8,natural science
6166,6166,6,natural science
6167,6167,4,natural science
6168,6168,5,natural science
6169,6169,4,natural science
6170,6170,6,natural science
6171,6171,2,social science
6172,6172,7,social science
6173,6173,7,language science
6174,6174,6,natural science
6175,6175,3,natural science
6176,6176,3,natural science
6177,6177,5,natural science
6178,6178,7,social science
6179,6179,12,language science
6180,6180,2,natural science
6181,6181,6,natural science
6182,6182,8,natural science
6183,6183,3,language science
6184,6184,7,natural science
6185,6185,4,natural science
6186,6186,5,language science
6187,6187,5,language science
6188,6188,3,language science
6189,6189,7,natural science
6190,6190,2,language science
6191,6191,6,natural science
6192,6192,4,social science
6193,6193,10,language science
6194,6194,8,natural science
6195,6195,5,natural science
6196,6196,5,natural science
6197,6197,2,natural science
6198,6198,8,natural science
6199,6199,8,natural science
6200,6200,11,language science
6201,6201,8,natural science
6202,6202,6,natural science
6203,6203,5,natural science
6204,6204,7,language science
6205,6205,6,language science
6206,6206,10,language science
6207,6207,5,social science
6208,6208,3,natural science
6209,6209,2,natural science
6210,6210,3,natural science
6211,6211,5,natural science
6212,6212,8,natural science
6213,6213,7,social science
6214,6214,9,language science
6215,6215,8,natural science
6216,6216,11,language science
6217,6217,7,language science
6218,6218,7,social science
6219,6219,6,natural science
6220,6220,5,natural science
6221,6221,2,social science
6222,6222,3,natural science
6223,6223,2,natural science
6224,6224,7,natural science
6225,6225,3,natural science
6226,6226,4,language science
6227,6227,5,social science
6228,6228,4,natural science
6229,6229,7,natural science
6230,6230,7,language science
6231,6231,2,natural science
6232,6232,9,language science
6233,6233,8,social science
6234,6234,4,natural science
6235,6235,4,social science
6236,6236,6,language science
6237,6237,3,natural science
6238,6238,12,language science
6239,6239,5,language science
6240,6240,4,natural science
6241,6241,6,natural science
6242,6242,7,natural science
6243,6243,8,social science
6244,6244,8,natural science
6245,6245,6,natural science
6246,6246,3,social science
6247,6247,9,language science
6248,6248,3,language science
6249,6249,3,natural science
6250,6250,4,natural science
6251,6251,3,social science
6252,6252,9,language science
6253,6253,10,language science
6254,6254,3,natural science
6255,6255,5,social science
6256,6256,5,natural science
6257,6257,7,natural science
6258,6258,7,natural science
6259,6259,4,natural science
6260,6260,4,social science
6261,6261,5,natural science
6262,6262,9,language science
6263,6263,3,social science
6264,6264,3,language science
6265,6265,2,natural science
6266,6266,6,natural science
6267,6267,2,language science
6268,6268,4,natural science
6269,6269,2,natural science
6270,6270,8,language science
6271,6271,7,natural science
6272,6272,6,natural science
6273,6273,4,social science
6274,6274,8,language science
6275,6275,7,language science
6276,6276,10,language science
6277,6277,7,language science
6278,6278,12,language science
6279,6279,12,language science
6280,6280,5,natural science
6281,6281,5,natural science
6282,6282,5,language science
6283,6283,5,language science
6284,6284,7,language science
6285,6285,3,social science
6286,6286,6,social science
6287,6287,8,social science
6288,6288,4,natural science
6289,6289,6,natural science
6290,6290,2,natural science
6291,6291,3,natural science
6292,6292,5,social science
6293,6293,4,natural science
6294,6294,4,natural science
6295,6295,5,language science
6296,6296,7,natural science
6297,6297,7,language science
6298,6298,8,natural science
6299,6299,3,social science
6300,6300,3,natural science
6301,6301,5,language science
6302,6302,6,natural science
6303,6303,6,natural science
6304,6304,4,natural science
6305,6305,5,natural science
6306,6306,7,social science
6307,6307,3,language science
6308,6308,3,natural science
6309,6309,4,natural science
6310,6310,7,language science
6311,6311,7,social science
6312,6312,7,language science
6313,6313,5,natural science
6314,6314,4,natural science
6315,6315,5,natural science
6316,6316,10,language science
6317,6317,3,natural science
6318,6318,6,natural science
6319,6319,8,natural science
6320,6320,7,language science
6321,6321,4,natural science
6322,6322,5,natural science
6323,6323,4,natural science
6324,6324,8,language science
6325,6325,7,natural science
6326,6326,5,social science
6327,6327,7,natural science
6328,6328,6,social science
6329,6329,5,natural science
6330,6330,7,language science
6331,6331,4,social science
6332,6332,5,natural science
6333,6333,4,language science
6334,6334,3,social science
6335,6335,3,natural science
6336,6336,4,natural science
6337,6337,7,natural science
6338,6338,5,social science
6339,6339,4,language science
6340,6340,4,natural science
6341,6341,9,language science
6342,6342,5,natural science
6343,6343,4,social science
6344,6344,5,social science
6345,6345,5,natural science
6346,6346,3,natural science
6347,6347,7,natural science
6348,6348,8,natural science
6349,6349,4,natural science
6350,6350,6,language science
6351,6351,4,natural science
6352,6352,4,natural science
6353,6353,5,natural science
6354,6354,6,language science
6355,6355,8,natural science
6356,6356,4,social science
6357,6357,2,natural science
6358,6358,4,natural science
6359,6359,4,natural science
6360,6360,6,natural science
6361,6361,3,natural science
6362,6362,5,natural science
6363,6363,3,social science
6364,6364,7,natural science
6365,6365,5,social science
6366,6366,7,language science
6367,6367,7,natural science
6368,6368,4,natural science
6369,6369,12,language science
6370,6370,5,social science
6371,6371,7,natural science
6372,6372,4,social science
6373,6373,8,natural science
6374,6374,3,language science
6375,6375,5,natural science
6376,6376,4,natural science
6377,6377,6,social science
6378,6378,4,language science
6379,6379,4,language science
6380,6380,7,natural science
6381,6381,4,natural science
6382,6382,11,language science
6383,6383,7,social science
6384,6384,7,natural science
6385,6385,5,social science
6386,6386,4,language science
6387,6387,2,social science
6388,6388,2,natural science
6389,6389,6,natural science
6390,6390,11,language science
6391,6391,5,social science
6392,6392,9,language science
6393,6393,7,natural science
6394,6394,10,language science
6395,6395,8,social science
6396,6396,7,natural science
6397,6397,2,language science
6398,6398,6,natural science
6399,6399,12,language science
6400,6400,5,social science
6401,6401,8,natural science
6402,6402,5,natural science
6403,6403,7,natural science
6404,6404,9,language science
6405,6405,8,language science
6406,6406,3,social science
6407,6407,4,language science
6408,6408,8,social science
6409,6409,4,natural science
6410,6410,7,natural science
6411,6411,4,natural science
6412,6412,7,social science
6413,6413,4,natural science
6414,6414,3,natural science
6415,6415,8,language science
6416,6416,6,natural science
6417,6417,7,language science
6418,6418,7,language science
6419,6419,3,natural science
6420,6420,11,language science
6421,6421,4,natural science
6422,6422,6,natural science
6423,6423,10,language science
6424,6424,8,social science
6425,6425,3,language science
6426,6426,8,social science
6427,6427,6,natural science
6428,6428,4,social science
6429,6429,4,natural science
6430,6430,4,natural science
6431,6431,5,natural science
6432,6432,7,natural science
6433,6433,6,natural science
6434,6434,8,natural science
6435,6435,5,language science
6436,6436,4,language science
6437,6437,4,language science
6438,6438,6,social science
6439,6439,4,social science
6440,6440,3,natural science
6441,6441,7,social science
6442,6442,3,natural science
6443,6443,3,natural science
6444,6444,5,social science
6445,6445,5,social science
6446,6446,7,natural science
6447,6447,4,social science
6448,6448,3,natural science
6449,6449,3,social science
6450,6450,3,natural science
6451,6451,3,natural science
6452,6452,4,natural science
6453,6453,5,language science
6454,6454,7,natural science
6455,6455,9,language science
6456,6456,5,natural science
6457,6457,7,natural science
6458,6458,4,language science
6459,6459,3,natural science
6460,6460,7,language science
6461,6461,2,natural science
6462,6462,5,social science
6463,6463,7,natural science
6464,6464,11,language science
6465,6465,5,social science
6466,6466,6,natural science
6467,6467,2,language science
6468,6468,10,language science
6469,6469,6,natural science
6470,6470,6,natural science
6471,6471,3,natural science
6472,6472,3,language science
6473,6473,7,natural science
6474,6474,2,natural science
6475,6475,2,natural science
6476,6476,6,natural science
6477,6477,8,natural science
6478,6478,6,natural science
6479,6479,11,language science
6480,6480,3,natural science
6481,6481,4,social science
6482,6482,4,language science
6483,6483,8,natural science
6484,6484,12,language science
6485,6485,4,natural science
6486,6486,2,natural science
6487,6487,5,social science
6488,6488,4,social science
6489,6489,4,natural science
6490,6490,2,natural science
6491,6491,4,social science
6492,6492,8,natural science
6493,6493,2,natural science
6494,6494,6,natural science
6495,6495,10,language science
6496,6496,5,natural science
6497,6497,5,social science
6498,6498,4,natural science
6499,6499,6,natural science
6500,6500,3,natural science
6501,6501,6,social science
6502,6502,4,natural science
6503,6503,6,social science
6504,6504,6,natural science
6505,6505,8,language science
6506,6506,6,natural science
6507,6507,7,natural science
6508,6508,2,natural science
6509,6509,2,natural science
6510,6510,5,social science
6511,6511,4,natural science
6512,6512,3,natural science
6513,6513,8,social science
6514,6514,6,social science
6515,6515,4,social science
6516,6516,8,natural science
6517,6517,4,natural science
6518,6518,3,natural science
6519,6519,7,natural science
6520,6520,7,natural science
6521,6521,3,natural science
6522,6522,5,social science
6523,6523,8,natural science
6524,6524,7,natural science
6525,6525,4,natural science
6526,6526,2,natural science
6527,6527,12,language science
6528,6528,5,natural science
6529,6529,5,social science
6530,6530,4,social science
6531,6531,6,natural science
6532,6532,8,natural science
6533,6533,6,natural science
6534,6534,4,natural science
6535,6535,7,natural science
6536,6536,5,language science
6537,6537,9,language science
6538,6538,3,natural science
6539,6539,7,social science
6540,6540,7,language science
6541,6541,3,social science
6542,6542,2,natural science
6543,6543,2,language science
6544,6544,5,social science
6545,6545,7,natural science
6546,6546,4,social science
6547,6547,2,natural science
6548,6548,4,natural science
6549,6549,4,natural science
6550,6550,2,natural science
6551,6551,11,language science
6552,6552,6,natural science
6553,6553,3,natural science
6554,6554,3,social science
6555,6555,3,natural science
6556,6556,5,social science
6557,6557,5,natural science
6558,6558,4,social science
6559,6559,11,language science
6560,6560,6,natural science
6561,6561,10,language science
6562,6562,4,language science
6563,6563,8,natural science
6564,6564,7,natural science
6565,6565,12,language science
6566,6566,5,natural science
6567,6567,5,natural science
6568,6568,2,natural science
6569,6569,5,natural science
6570,6570,11,language science
6571,6571,3,social science
6572,6572,6,language science
6573,6573,6,natural science
6574,6574,4,natural science
6575,6575,4,natural science
6576,6576,5,social science
6577,6577,2,natural science
6578,6578,8,social science
6579,6579,4,social science
6580,6580,9,language science
6581,6581,8,natural science
6582,6582,7,natural science
6583,6583,4,natural science
6584,6584,4,natural science
6585,6585,10,language science
6586,6586,5,natural science
6587,6587,4,natural science
6588,6588,4,social science
6589,6589,7,natural science
6590,6590,3,natural science
6591,6591,5,natural science
6592,6592,8,language science
6593,6593,5,natural science
6594,6594,5,social science
6595,6595,7,natural science
6596,6596,2,natural science
6597,6597,4,natural science
6598,6598,4,natural science
6599,6599,7,natural science
6600,6600,7,language science
6601,6601,2,social science
6602,6602,2,language science
6603,6603,4,language science
6604,6604,7,language science
6605,6605,6,social science
6606,6606,8,social science
6607,6607,5,social science
6608,6608,6,natural science
6609,6609,3,natural science
6610,6610,1,language science
6611,6611,5,language science
6612,6612,5,social science
6613,6613,4,natural science
6614,6614,10,language science
6615,6615,8,social science
6616,6616,6,social science
6617,6617,2,natural science
6618,6618,2,natural science
6619,6619,2,language science
6620,6620,8,natural science
6621,6621,3,social science
6622,6622,8,natural science
6623,6623,8,natural science
6624,6624,4,natural science
6625,6625,4,natural science
6626,6626,5,social science
6627,6627,3,social science
6628,6628,4,natural science
6629,6629,7,natural science
6630,6630,4,natural science
6631,6631,4,social science
6632,6632,6,natural science
6633,6633,7,language science
6634,6634,2,natural science
6635,6635,2,natural science
6636,6636,2,natural science
6637,6637,9,language science
6638,6638,4,natural science
6639,6639,11,language science
6640,6640,2,natural science
6641,6641,3,social science
6642,6642,8,natural science
6643,6643,5,social science
6644,6644,4,natural science
6645,6645,3,natural science
6646,6646,5,natural science
6647,6647,2,natural science
6648,6648,3,language science
6649,6649,3,social science
6650,6650,7,natural science
6651,6651,3,natural science
6652,6652,7,language science
6653,6653,7,natural science
6654,6654,5,social science
6655,6655,5,social science
6656,6656,10,language science
6657,6657,3,social science
6658,6658,5,language science
6659,6659,2,natural science
6660,6660,5,natural science
6661,6661,2,natural science
6662,6662,4,language science
6663,6663,7,natural science
6664,6664,3,natural science
6665,6665,9,language science
6666,6666,7,natural science
6667,6667,3,language science
6668,6668,6,language science
6669,6669,4,language science
6670,6670,5,social science
6671,6671,11,language science
6672,6672,2,natural science
6673,6673,7,natural science
6674,6674,3,social science
6675,6675,5,natural science
6676,6676,8,social science
6677,6677,3,language science
6678,6678,2,language science
6679,6679,5,language science
6680,6680,8,natural science
6681,6681,10,language science
6682,6682,8,language science
6683,6683,8,natural science
6684,6684,9,language science
6685,6685,3,social science
6686,6686,4,natural science
6687,6687,6,language science
6688,6688,10,language science
6689,6689,7,natural science
6690,6690,5,natural science
6691,6691,3,language science
6692,6692,7,natural science
6693,6693,10,language science
6694,6694,3,language science
6695,6695,3,natural science
6696,6696,4,social science
6697,6697,7,natural science
6698,6698,6,language science
6699,6699,6,natural science
6700,6700,2,natural science
6701,6701,5,natural science
6702,6702,3,natural science
6703,6703,4,social science
6704,6704,5,natural science
6705,6705,3,social science
6706,6706,7,language science
6707,6707,10,language science
6708,6708,7,language science
6709,6709,7,natural science
6710,6710,6,natural science
6711,6711,2,natural science
6712,6712,6,natural science
6713,6713,8,natural science
6714,6714,8,natural science
6715,6715,2,language science
6716,6716,5,social science
6717,6717,4,social science
6718,6718,7,natural science
6719,6719,7,language science
6720,6720,8,social science
6721,6721,6,natural science
6722,6722,11,language science
6723,6723,6,social science
6724,6724,6,social science
6725,6725,8,social science
6726,6726,3,natural science
6727,6727,4,social science
6728,6728,5,natural science
6729,6729,7,natural science
6730,6730,5,natural science
6731,6731,5,social science
6732,6732,3,language science
6733,6733,3,social science
6734,6734,5,social science
6735,6735,7,natural science
6736,6736,3,natural science
6737,6737,4,natural science
6738,6738,6,social science
6739,6739,5,natural science
6740,6740,5,natural science
6741,6741,3,natural science
6742,6742,6,natural science
6743,6743,5,natural science
6744,6744,9,language science
6745,6745,3,natural science
6746,6746,6,natural science
6747,6747,4,natural science
6748,6748,8,natural science
6749,6749,7,natural science
6750,6750,10,language science
6751,6751,4,natural science
6752,6752,6,natural science
6753,6753,4,language science
6754,6754,4,social science
6755,6755,9,language science
6756,6756,8,language science
6757,6757,8,natural science
6758,6758,2,natural science
6759,6759,5,natural science
6760,6760,3,social science
6761,6761,5,language science
6762,6762,6,natural science
6763,6763,5,natural science
6764,6764,6,language science
6765,6765,4,social science
6766,6766,7,natural science
6767,6767,2,natural science
6768,6768,4,natural science
6769,6769,3,language science
6770,6770,1,language science
6771,6771,4,natural science
6772,6772,5,natural science
6773,6773,3,natural science
6774,6774,5,language science
6775,6775,4,natural science
6776,6776,3,natural science
6777,6777,4,social science
6778,6778,10,language science
6779,6779,8,natural science
6780,6780,3,natural science
6781,6781,3,natural science
6782,6782,7,natural science
6783,6783,5,natural science
6784,6784,5,natural science
6785,6785,4,natural science
6786,6786,3,natural science
6787,6787,5,language science
6788,6788,4,natural science
6789,6789,4,language science
6790,6790,8,social science
6791,6791,8,social science
6792,6792,12,language science
6793,6793,7,natural science
6794,6794,7,natural science
6795,6795,11,language science
6796,6796,4,natural science
6797,6797,4,natural science
6798,6798,11,language science
6799,6799,4,natural science
6800,6800,7,natural science
6801,6801,11,language science
6802,6802,5,social science
6803,6803,5,natural science
6804,6804,6,natural science
6805,6805,1,language science
6806,6806,4,natural science
6807,6807,8,social science
6808,6808,3,natural science
6809,6809,12,language science
6810,6810,5,natural science
6811,6811,7,natural science
6812,6812,4,social science
6813,6813,3,social science
6814,6814,6,social science
6815,6815,4,social science
6816,6816,5,natural science
6817,6817,7,natural science
6818,6818,11,language science
6819,6819,5,language science
6820,6820,5,social science
6821,6821,3,language science
6822,6822,7,natural science
6823,6823,3,natural science
6824,6824,6,natural science
6825,6825,6,natural science
6826,6826,7,natural science
6827,6827,6,language science
6828,6828,6,natural science
6829,6829,4,language science
6830,6830,5,natural science
6831,6831,3,language science
6832,6832,5,social science
6833,6833,3,natural science
6834,6834,7,social science
6835,6835,6,natural science
6836,6836,7,natural science
6837,6837,2,natural science
6838,6838,3,natural science
6839,6839,4,natural science
6840,6840,6,language science
6841,6841,8,social science
6842,6842,2,language science
6843,6843,4,natural science
6844,6844,11,language science
6845,6845,4,natural science
6846,6846,5,natural science
6847,6847,5,language science
6848,6848,6,language science
6849,6849,10,language science
6850,6850,7,language science
6851,6851,5,natural science
6852,6852,4,natural science
6853,6853,5,social science
6854,6854,8,natural science
6855,6855,4,social science
6856,6856,7,natural science
6857,6857,4,social science
6858,6858,6,natural science
6859,6859,11,language science
6860,6860,8,natural science
6861,6861,2,language science
6862,6862,7,natural science
6863,6863,3,natural science
6864,6864,3,language science
6865,6865,6,natural science
6866,6866,7,natural science
6867,6867,7,language science
6868,6868,9,language science
6869,6869,8,language science
6870,6870,5,social science
6871,6871,5,social science
6872,6872,8,natural science
6873,6873,6,language science
6874,6874,8,natural science
6875,6875,4,language science
6876,6876,5,natural science
6877,6877,8,language science
6878,6878,5,natural science
6879,6879,5,social science
6880,6880,3,natural science
6881,6881,7,natural science
6882,6882,8,natural science
6883,6883,7,language science
6884,6884,3,natural science
6885,6885,2,natural science
6886,6886,6,natural science
6887,6887,4,natural science
6888,6888,2,natural science
6889,6889,4,natural science
6890,6890,9,language science
6891,6891,5,social science
6892,6892,8,language science
6893,6893,7,natural science
6894,6894,6,natural science
6895,6895,4,natural science
6896,6896,8,natural science
6897,6897,10,language science
6898,6898,3,natural science
6899,6899,3,natural science
6900,6900,8,natural science
6901,6901,3,natural science
6902,6902,6,social science
6903,6903,7,social science
6904,6904,8,social science
6905,6905,6,language science
6906,6906,8,natural science
6907,6907,3,social science
6908,6908,2,natural science
6909,6909,7,natural science
6910,6910,8,social science
6911,6911,9,language science
6912,6912,3,natural science
6913,6913,10,language science
6914,6914,11,language science
6915,6915,8,language science
6916,6916,7,natural science
6917,6917,4,social science
6918,6918,2,natural science
6919,6919,3,natural science
6920,6920,8,natural science
6921,6921,8,social science
6922,6922,8,natural science
6923,6923,7,language science
6924,6924,5,natural science
6925,6925,2,natural science
6926,6926,7,natural science
6927,6927,5,natural science
6928,6928,6,language science
6929,6929,10,language science
6930,6930,7,language science
6931,6931,5,natural science
6932,6932,6,natural science
6933,6933,4,language science
6934,6934,5,natural science
6935,6935,8,natural science
6936,6936,12,language science
6937,6937,8,social science
6938,6938,10,language science
6939,6939,5,natural science
6940,6940,5,social science
6941,6941,7,natural science
6942,6942,2,natural science
6943,6943,7,language science
6944,6944,7,natural science
6945,6945,4,social science
6946,6946,5,social science
6947,6947,7,natural science
6948,6948,9,language science
6949,6949,4,language science
6950,6950,11,language science
6951,6951,5,natural science
6952,6952,5,social science
6953,6953,9,language science
6954,6954,7,social science
6955,6955,8,natural science
6956,6956,3,natural science
6957,6957,2,language science
6958,6958,2,natural science
6959,6959,5,natural science
6960,6960,2,social science
6961,6961,2,social science
6962,6962,7,natural science
6963,6963,7,natural science
6964,6964,7,language science
6965,6965,8,natural science
6966,6966,4,social science
6967,6967,6,natural science
6968,6968,4,natural science
6969,6969,5,natural science
6970,6970,4,language science
6971,6971,6,natural science
6972,6972,5,natural science
6973,6973,3,language science
6974,6974,8,social science
6975,6975,10,language science
6976,6976,4,language science
6977,6977,3,language science
6978,6978,4,language science
6979,6979,2,social science
6980,6980,4,natural science
6981,6981,7,natural science
6982,6982,3,social science
6983,6983,3,natural science
6984,6984,10,language science
6985,6985,7,natural science
6986,6986,2,natural science
6987,6987,3,natural science
6988,6988,3,language science
6989,6989,6,natural science
6990,6990,6,language science
6991,6991,7,social science
6992,6992,4,language science
6993,6993,10,language science
6994,6994,4,natural science
6995,6995,8,natural science
6996,6996,7,natural science
6997,6997,5,natural science
6998,6998,7,natural science
6999,6999,11,language science
7000,7000,4,social science
7001,7001,6,natural science
7002,7002,6,natural science
7003,7003,4,social science
7004,7004,7,language science
7005,7005,8,social science
7006,7006,7,natural science
7007,7007,4,natural science
7008,7008,6,language science
7009,7009,7,natural science
7010,7010,2,natural science
7011,7011,3,natural science
7012,7012,6,natural science
7013,7013,4,social science
7014,7014,4,natural science
7015,7015,6,language science
7016,7016,10,language science
7017,7017,5,natural science
7018,7018,8,natural science
7019,7019,2,natural science
7020,7020,6,natural science
7021,7021,8,natural science
7022,7022,8,social science
7023,7023,3,social science
7024,7024,8,natural science
7025,7025,4,natural science
7026,7026,9,language science
7027,7027,5,social science
7028,7028,1,language science
7029,7029,7,language science
7030,7030,10,language science
7031,7031,4,social science
7032,7032,8,natural science
7033,7033,7,natural science
7034,7034,3,natural science
7035,7035,7,natural science
7036,7036,11,language science
7037,7037,2,natural science
7038,7038,4,natural science
7039,7039,7,natural science
7040,7040,6,language science
7041,7041,4,natural science
7042,7042,4,social science
7043,7043,7,natural science
7044,7044,7,language science
7045,7045,7,social science
7046,7046,7,social science
7047,7047,5,natural science
7048,7048,2,social science
7049,7049,5,language science
7050,7050,2,natural science
7051,7051,5,social science
7052,7052,7,natural science
7053,7053,7,natural science
7054,7054,5,language science
7055,7055,8,natural science
7056,7056,7,natural science
7057,7057,7,natural science
7058,7058,8,language science
7059,7059,3,natural science
7060,7060,7,natural science
7061,7061,6,language science
7062,7062,4,social science
7063,7063,2,natural science
7064,7064,6,natural science
7065,7065,4,social science
7066,7066,6,language science
7067,7067,8,natural science
7068,7068,5,language science
7069,7069,5,natural science
7070,7070,7,language science
7071,7071,4,natural science
7072,7072,8,language science
7073,7073,4,language science
7074,7074,5,natural science
7075,7075,7,natural science
7076,7076,2,social science
7077,7077,5,social science
7078,7078,10,language science
7079,7079,7,natural science
7080,7080,9,language science
7081,7081,7,social science
7082,7082,7,natural science
7083,7083,5,social science
7084,7084,4,natural science
7085,7085,4,natural science
7086,7086,8,social science
7087,7087,6,natural science
7088,7088,7,natural science
7089,7089,3,natural science
7090,7090,8,natural science
7091,7091,7,natural science
7092,7092,4,natural science
7093,7093,6,natural science
7094,7094,5,natural science
7095,7095,5,social science
7096,7096,8,natural science
7097,7097,10,language science
7098,7098,8,natural science
7099,7099,4,natural science
7100,7100,8,natural science
7101,7101,6,social science
7102,7102,3,natural science
7103,7103,2,natural science
7104,7104,4,natural science
7105,7105,3,natural science
7106,7106,7,language science
7107,7107,5,language science
7108,7108,7,natural science
7109,7109,8,natural science
7110,7110,6,language science
7111,7111,6,social science
7112,7112,5,social science
7113,7113,9,language science
7114,7114,5,language science
7115,7115,3,social science
7116,7116,2,natural science
7117,7117,5,language science
7118,7118,2,natural science
7119,7119,6,natural science
7120,7120,7,language science
7121,7121,2,natural science
7122,7122,5,social science
7123,7123,11,language science
7124,7124,5,language science
7125,7125,4,social science
7126,7126,7,natural science
7127,7127,7,natural science
7128,7128,6,natural science
7129,7129,6,natural science
7130,7130,5,social science
7131,7131,5,social science
7132,7132,3,natural science
7133,7133,6,natural science
7134,7134,5,natural science
7135,7135,6,natural science
7136,7136,8,language science
7137,7137,5,social science
7138,7138,12,language science
7139,7139,3,natural science
7140,7140,7,natural science
7141,7141,7,social science
7142,7142,12,language science
7143,7143,8,natural science
7144,7144,2,natural science
7145,7145,4,natural science
7146,7146,7,natural science
7147,7147,5,natural science
7148,7148,3,language science
7149,7149,4,natural science
7150,7150,3,natural science
7151,7151,11,language science
7152,7152,4,natural science
7153,7153,5,natural science
7154,7154,6,language science
7155,7155,3,natural science
7156,7156,8,natural science
7157,7157,4,natural science
7158,7158,6,natural science
7159,7159,2,natural science
7160,7160,6,language science
7161,7161,8,natural science
7162,7162,4,natural science
7163,7163,5,natural science
7164,7164,6,natural science
7165,7165,4,natural science
7166,7166,9,language science
7167,7167,5,natural science
7168,7168,6,language science
7169,7169,6,natural science
7170,7170,3,natural science
7171,7171,7,natural science
7172,7172,5,social science
7173,7173,7,natural science
7174,7174,7,natural science
7175,7175,3,social science
7176,7176,5,natural science
7177,7177,6,natural science
7178,7178,8,social science
7179,7179,8,language science
7180,7180,12,language science
7181,7181,12,language science
7182,7182,7,language science
7183,7183,8,natural science
7184,7184,8,natural science
7185,7185,4,natural science
7186,7186,4,natural science
7187,7187,5,natural science
7188,7188,6,language science
7189,7189,4,social science
7190,7190,1,language science
7191,7191,7,natural science
7192,7192,8,language science
7193,7193,9,language science
7194,7194,2,natural science
7195,7195,6,language science
7196,7196,2,language science
7197,7197,3,natural science
7198,7198,2,natural science
7199,7199,8,language science
7200,7200,12,language science
7201,7201,8,natural science
7202,7202,3,natural science
7203,7203,8,natural science
7204,7204,7,natural science
7205,7205,4,language science
7206,7206,3,language science
7207,7207,5,language science
7208,7208,8,natural science
7209,7209,7,social science
7210,7210,12,language science
7211,7211,4,natural science
7212,7212,9,language science
7213,7213,8,natural science
7214,7214,8,natural science
7215,7215,6,language science
7216,7216,4,social science
7217,7217,2,natural science
7218,7218,2,language science
7219,7219,3,language science
7220,7220,6,natural science
7221,7221,2,natural science
7222,7222,7,natural science
7223,7223,4,natural science
7224,7224,5,natural science
7225,7225,5,natural science
7226,7226,3,language science
7227,7227,8,language science
7228,7228,6,social science
7229,7229,4,social science
7230,7230,3,social science
7231,7231,11,language science
7232,7232,8,language science
7233,7233,12,language science
7234,7234,4,natural science
7235,7235,6,social science
7236,7236,8,natural science
7237,7237,5,social science
7238,7238,2,natural science
7239,7239,7,natural science
7240,7240,4,natural science
7241,7241,8,natural science
7242,7242,2,natural science
7243,7243,6,language science
7244,7244,6,social science
7245,7245,2,natural science
7246,7246,8,language science
7247,7247,12,language science
7248,7248,7,natural science
7249,7249,6,natural science
7250,7250,3,language science
7251,7251,10,language science
7252,7252,6,natural science
7253,7253,5,language science
7254,7254,3,natural science
7255,7255,8,natural science
7256,7256,7,natural science
7257,7257,6,natural science
7258,7258,5,social science
7259,7259,5,natural science
7260,7260,11,language science
7261,7261,4,language science
7262,7262,6,social science
7263,7263,5,natural science
7264,7264,5,natural science
7265,7265,8,social science
7266,7266,8,natural science
7267,7267,11,language science
7268,7268,7,social science
7269,7269,4,language science
7270,7270,2,language science
7271,7271,5,natural science
7272,7272,3,natural science
7273,7273,11,language science
7274,7274,8,social science
7275,7275,5,social science
7276,7276,4,language science
7277,7277,7,natural science
7278,7278,12,language science
7279,7279,5,natural science
7280,7280,4,social science
7281,7281,2,natural science
7282,7282,4,natural science
7283,7283,6,language science
7284,7284,8,language science
7285,7285,4,language science
7286,7286,5,language science
7287,7287,2,social science
7288,7288,7,social science
7289,7289,3,language science
7290,7290,5,language science
7291,7291,6,language science
7292,7292,9,language science
7293,7293,8,language science
7294,7294,8,social science
7295,7295,5,natural science
7296,7296,4,natural science
7297,7297,10,language science
7298,7298,12,language science
7299,7299,5,natural science
7300,7300,6,natural science
7301,7301,8,natural science
7302,7302,6,natural science
7303,7303,4,language science
7304,7304,4,natural science
7305,7305,3,social science
7306,7306,3,social science
7307,7307,7,natural science
7308,7308,7,natural science
7309,7309,3,natural science
7310,7310,7,natural science
7311,7311,6,language science
7312,7312,10,language science
7313,7313,9,language science
7314,7314,5,social science
7315,7315,2,social science
7316,7316,4,natural science
7317,7317,8,natural science
7318,7318,3,natural science
7319,7319,9,language science
7320,7320,8,language science
7321,7321,7,natural science
7322,7322,5,natural science
7323,7323,6,natural science
7324,7324,7,social science
7325,7325,4,language science
7326,7326,4,language science
7327,7327,4,social science
7328,7328,3,natural science
7329,7329,5,natural science
7330,7330,8,language science
7331,7331,10,language science
7332,7332,5,natural science
7333,7333,4,social science
7334,7334,11,language science
7335,7335,3,natural science
7336,7336,5,natural science
7337,7337,6,natural science
7338,7338,8,natural science
7339,7339,7,language science
7340,7340,5,natural science
7341,7341,5,social science
7342,7342,5,natural science
7343,7343,8,natural science
7344,7344,12,language science
7345,7345,7,natural science
7346,7346,3,social science
7347,7347,7,natural science
7348,7348,8,natural science
7349,7349,4,social science
7350,7350,6,language science
7351,7351,5,social science
7352,7352,6,natural science
7353,7353,5,language science
7354,7354,8,natural science
7355,7355,3,natural science
7356,7356,3,natural science
7357,7357,7,natural science
7358,7358,4,language science
7359,7359,3,natural science
7360,7360,12,language science
7361,7361,3,language science
7362,7362,3,natural science
7363,7363,8,natural science
7364,7364,3,natural science
7365,7365,4,language science
7366,7366,8,language science
7367,7367,3,natural science
7368,7368,8,social science
7369,7369,7,natural science
7370,7370,5,social science
7371,7371,2,language science
7372,7372,9,language science
7373,7373,4,natural science
7374,7374,2,language science
7375,7375,5,natural science
7376,7376,4,social science
7377,7377,7,language science
7378,7378,7,natural science
7379,7379,7,natural science
7380,7380,10,language science
7381,7381,8,language science
7382,7382,4,natural science
7383,7383,4,natural science
7384,7384,4,social science
7385,7385,7,natural science
7386,7386,9,language science
7387,7387,9,language science
7388,7388,10,language science
7389,7389,6,language science
7390,7390,10,language science
7391,7391,2,social science
7392,7392,3,natural science
7393,7393,3,social science
7394,7394,4,natural science
7395,7395,4,social science
7396,7396,8,social science
7397,7397,5,social science
7398,7398,11,language science
7399,7399,9,language science
7400,7400,5,natural science
7401,7401,11,language science
7402,7402,4,language science
7403,7403,2,natural science
7404,7404,3,natural science
7405,7405,2,natural science
7406,7406,4,natural science
7407,7407,4,natural science
7408,7408,5,natural science
7409,7409,6,natural science
7410,7410,7,language science
7411,7411,4,natural science
7412,7412,6,natural science
7413,7413,5,natural science
7414,7414,6,natural science
7415,7415,4,natural science
7416,7416,3,social science
7417,7417,7,natural science
7418,7418,5,social science
7419,7419,5,language science
7420,7420,7,language science
7421,7421,6,natural science
7422,7422,5,language science
7423,7423,7,social science
7424,7424,4,language science
7425,7425,5,natural science
7426,7426,8,natural science
7427,7427,2,natural science
7428,7428,8,natural science
7429,7429,10,language science
7430,7430,7,language science
7431,7431,8,language science
7432,7432,5,natural science
7433,7433,10,language science
7434,7434,10,language science
7435,7435,8,social science
7436,7436,7,language science
7437,7437,2,social science
7438,7438,6,language science
7439,7439,3,natural science
7440,7440,12,language science
7441,7441,11,language science
7442,7442,4,natural science
7443,7443,8,natural science
7444,7444,6,natural science
7445,7445,6,natural science
7446,7446,7,natural science
7447,7447,4,language science
7448,7448,7,natural science
7449,7449,8,language science
7450,7450,4,natural science
7451,7451,4,natural science
7452,7452,7,natural science
7453,7453,5,social science
7454,7454,4,social science
7455,7455,3,language science
7456,7456,12,language science
7457,7457,2,natural science
7458,7458,2,natural science
7459,7459,10,language science
7460,7460,5,natural science
7461,7461,2,natural science
7462,7462,5,natural science
7463,7463,3,language science
7464,7464,2,natural science
7465,7465,8,natural science
7466,7466,9,language science
7467,7467,2,language science
7468,7468,4,language science
7469,7469,2,language science
7470,7470,7,natural science
7471,7471,4,natural science
7472,7472,5,natural science
7473,7473,10,language science
7474,7474,7,natural science
7475,7475,2,language science
7476,7476,8,social science
7477,7477,10,language science
7478,7478,2,language science
7479,7479,5,natural science
7480,7480,4,language science
7481,7481,7,natural science
7482,7482,3,language science
7483,7483,3,natural science
7484,7484,4,natural science
7485,7485,7,natural science
7486,7486,8,social science
7487,7487,6,natural science
7488,7488,8,natural science
7489,7489,6,natural science
7490,7490,11,language science
7491,7491,4,natural science
7492,7492,8,natural science
7493,7493,11,language science
7494,7494,8,natural science
7495,7495,6,natural science
7496,7496,6,natural science
7497,7497,4,social science
7498,7498,11,language science
7499,7499,10,language science
7500,7500,7,natural science
7501,7501,8,natural science
7502,7502,7,natural science
7503,7503,3,natural science
7504,7504,6,natural science
7505,7505,4,natural science
7506,7506,7,natural science
7507,7507,3,natural science
7508,7508,6,language science
7509,7509,4,natural science
7510,7510,11,language science
7511,7511,5,natural science
7512,7512,2,natural science
7513,7513,3,natural science
7514,7514,4,social science
7515,7515,6,social science
7516,7516,4,natural science
7517,7517,4,social science
7518,7518,4,language science
7519,7519,4,social science
7520,7520,6,natural science
7521,7521,4,social science
7522,7522,4,natural science
7523,7523,5,language science
7524,7524,6,natural science
7525,7525,4,natural science
7526,7526,2,natural science
7527,7527,4,social science
7528,7528,3,natural science
7529,7529,7,language science
7530,7530,8,language science
7531,7531,7,social science
7532,7532,6,natural science
7533,7533,2,natural science
7534,7534,2,natural science
7535,7535,6,language science
7536,7536,6,language science
7537,7537,4,social science
7538,7538,3,natural science
7539,7539,5,natural science
7540,7540,5,social science
7541,7541,3,natural science
7542,7542,4,language science
7543,7543,8,social science
7544,7544,12,language science
7545,7545,5,natural science
7546,7546,5,social science
7547,7547,4,social science
7548,7548,6,natural science
7549,7549,5,natural science
7550,7550,4,social science
7551,7551,4,natural science
7552,7552,2,social science
7553,7553,5,natural science
7554,7554,11,language science
7555,7555,7,social science
7556,7556,3,natural science
7557,7557,3,natural science
7558,7558,5,natural science
7559,7559,3,social science
7560,7560,11,language science
7561,7561,5,natural science
7562,7562,4,natural science
7563,7563,6,natural science
7564,7564,4,language science
7565,7565,4,natural science
7566,7566,4,language science
7567,7567,4,natural science
7568,7568,3,social science
7569,7569,5,language science
7570,7570,4,social science
7571,7571,6,language science
7572,7572,5,natural science
7573,7573,7,natural science
7574,7574,5,natural science
7575,7575,4,natural science
7576,7576,4,natural science
7577,7577,8,natural science
7578,7578,9,language science
7579,7579,7,natural science
7580,7580,2,language science
7581,7581,5,social science
7582,7582,4,social science
7583,7583,6,natural science
7584,7584,7,language science
7585,7585,4,natural science
7586,7586,6,social science
7587,7587,5,natural science
7588,7588,5,natural science
7589,7589,2,language science
7590,7590,8,natural science
7591,7591,5,natural science
7592,7592,7,social science
7593,7593,5,language science
7594,7594,12,language science
7595,7595,4,natural science
7596,7596,12,language science
7597,7597,5,social science
7598,7598,7,natural science
7599,7599,4,social science
7600,7600,5,social science
7601,7601,4,social science
7602,7602,8,natural science
7603,7603,5,social science
7604,7604,8,social science
7605,7605,6,natural science
7606,7606,5,social science
7607,7607,5,natural science
7608,7608,8,natural science
7609,7609,2,natural science
7610,7610,4,natural science
7611,7611,7,natural science
7612,7612,8,natural science
7613,7613,9,language science
7614,7614,8,natural science
7615,7615,8,social science
7616,7616,3,natural science
7617,7617,12,language science
7618,7618,9,language science
7619,7619,4,language science
7620,7620,6,natural science
7621,7621,7,natural science
7622,7622,5,natural science
7623,7623,7,natural science
7624,7624,4,natural science
7625,7625,2,natural science
7626,7626,8,social science
7627,7627,8,social science
7628,7628,5,natural science
7629,7629,4,natural science
7630,7630,4,natural science
7631,7631,4,natural science
7632,7632,4,language science
7633,7633,3,natural science
7634,7634,3,social science
7635,7635,3,social science
7636,7636,3,social science
7637,7637,4,social science
7638,7638,7,natural science
7639,7639,5,natural science
7640,7640,6,language science
7641,7641,3,natural science
7642,7642,6,natural science
7643,7643,4,natural science
7644,7644,5,natural science
7645,7645,3,social science
7646,7646,5,social science
7647,7647,7,natural science
7648,7648,6,natural science
7649,7649,8,social science
7650,7650,6,natural science
7651,7651,3,language science
7652,7652,5,social science
7653,7653,7,natural science
7654,7654,5,natural science
7655,7655,3,natural science
7656,7656,9,language science
7657,7657,8,natural science
7658,7658,6,language science
7659,7659,10,language science
7660,7660,6,natural science
7661,7661,8,natural science
7662,7662,3,natural science
7663,7663,11,language science
7664,7664,10,language science
7665,7665,2,natural science
7666,7666,6,natural science
7667,7667,4,natural science
7668,7668,8,natural science
7669,7669,6,language science
7670,7670,4,natural science
7671,7671,8,natural science
7672,7672,4,natural science
7673,7673,6,natural science
7674,7674,5,language science
7675,7675,6,natural science
7676,7676,5,social science
7677,7677,2,natural science
7678,7678,11,language science
7679,7679,6,natural science
7680,7680,6,social science
7681,7681,5,social science
7682,7682,5,social science
7683,7683,9,language science
7684,7684,6,natural science
7685,7685,7,language science
7686,7686,8,natural science
7687,7687,7,social science
7688,7688,6,natural science
7689,7689,5,natural science
7690,7690,10,language science
7691,7691,11,language science
7692,7692,7,natural science
7693,7693,6,language science
7694,7694,7,language science
7695,7695,3,language science
7696,7696,3,social science
7697,7697,4,natural science
7698,7698,2,natural science
7699,7699,7,natural science
7700,7700,4,natural science
7701,7701,2,natural science
7702,7702,4,social science
7703,7703,3,social science
7704,7704,2,social science
7705,7705,9,language science
7706,7706,7,natural science
7707,7707,3,social science
7708,7708,4,natural science
7709,7709,5,language science
7710,7710,5,social science
7711,7711,4,natural science
7712,7712,3,social science
7713,7713,7,natural science
7714,7714,12,language science
7715,7715,7,language science
7716,7716,7,natural science
7717,7717,4,natural science
7718,7718,7,natural science
7719,7719,12,language science
7720,7720,11,language science
7721,7721,4,social science
7722,7722,5,natural science
7723,7723,8,natural science
7724,7724,6,natural science
7725,7725,9,language science
7726,7726,6,natural science
7727,7727,5,language science
7728,7728,3,social science
7729,7729,8,natural science
7730,7730,5,social science
7731,7731,8,natural science
7732,7732,2,language science
7733,7733,4,language science
7734,7734,4,natural science
7735,7735,2,language science
7736,7736,7,social science
7737,7737,1,language science
7738,7738,6,social science
7739,7739,7,natural science
7740,7740,7,language science
7741,7741,2,language science
7742,7742,4,natural science
7743,7743,5,natural science
7744,7744,8,natural science
7745,7745,3,natural science
7746,7746,6,natural science
7747,7747,8,natural science
7748,7748,6,natural science
7749,7749,4,natural science
7750,7750,4,natural science
7751,7751,4,natural science
7752,7752,4,natural science
7753,7753,8,social science
7754,7754,5,language science
7755,7755,8,natural science
7756,7756,5,natural science
7757,7757,5,natural science
7758,7758,3,social science
7759,7759,8,natural science
7760,7760,7,social science
7761,7761,7,natural science
7762,7762,7,language science
7763,7763,3,social science
7764,7764,3,social science
7765,7765,2,natural science
7766,7766,4,natural science
7767,7767,7,natural science
7768,7768,4,social science
7769,7769,5,social science
7770,7770,4,language science
7771,7771,6,natural science
7772,7772,10,language science
7773,7773,8,social science
7774,7774,4,social science
7775,7775,6,natural science
7776,7776,7,language science
7777,7777,5,natural science
7778,7778,9,language science
7779,7779,5,natural science
7780,7780,2,social science
7781,7781,9,language science
7782,7782,7,natural science
7783,7783,7,natural science
7784,7784,4,natural science
7785,7785,3,social science
7786,7786,6,natural science
7787,7787,7,natural science
7788,7788,4,social science
7789,7789,3,natural science
7790,7790,7,natural science
7791,7791,5,natural science
7792,7792,5,natural science
7793,7793,3,language science
7794,7794,8,natural science
7795,7795,5,natural science
7796,7796,6,natural science
7797,7797,4,social science
7798,7798,6,natural science
7799,7799,8,social science
7800,7800,5,natural science
7801,7801,3,natural science
7802,7802,2,natural science
7803,7803,3,natural science
7804,7804,3,natural science
7805,7805,5,language science
7806,7806,7,natural science
7807,7807,7,natural science
7808,7808,11,language science
7809,7809,6,language science
7810,7810,10,language science
7811,7811,4,natural science
7812,7812,2,language science
7813,7813,4,natural science
7814,7814,4,social science
7815,7815,3,language science
7816,7816,2,natural science
7817,7817,3,natural science
7818,7818,4,language science
7819,7819,4,social science
7820,7820,4,language science
7821,7821,3,natural science
7822,7822,2,natural science
7823,7823,6,language science
7824,7824,7,social science
7825,7825,8,language science
7826,7826,8,natural science
7827,7827,4,language science
7828,7828,3,natural science
7829,7829,4,social science
7830,7830,3,natural science
7831,7831,6,language science
7832,7832,6,natural science
7833,7833,5,language science
7834,7834,5,natural science
7835,7835,2,natural science
7836,7836,2,social science
7837,7837,6,social science
7838,7838,9,language science
7839,7839,6,language science
7840,7840,4,natural science
7841,7841,8,natural science
7842,7842,4,natural science
7843,7843,5,natural science
7844,7844,7,natural science
7845,7845,7,natural science
7846,7846,7,natural science
7847,7847,6,language science
7848,7848,6,natural science
7849,7849,7,social science
7850,7850,10,language science
7851,7851,5,social science
7852,7852,8,natural science
7853,7853,3,language science
7854,7854,6,natural science
7855,7855,2,social science
7856,7856,3,social science
7857,7857,7,natural science
7858,7858,4,natural science
7859,7859,2,natural science
7860,7860,6,language science
7861,7861,1,language science
7862,7862,5,social science
7863,7863,3,natural science
7864,7864,5,language science
7865,7865,3,social science
7866,7866,5,social science
7867,7867,7,natural science
7868,7868,5,natural science
7869,7869,7,natural science
7870,7870,8,natural science
7871,7871,4,natural science
7872,7872,11,language science
7873,7873,11,language science
7874,7874,5,natural science
7875,7875,8,language science
7876,7876,7,natural science
7877,7877,5,natural science
7878,7878,2,social science
7879,7879,2,language science
7880,7880,5,social science
7881,7881,8,language science
7882,7882,12,language science
7883,7883,3,language science
7884,7884,4,natural science
7885,7885,5,natural science
7886,7886,4,language science
7887,7887,3,natural science
7888,7888,7,natural science
7889,7889,7,social science
7890,7890,2,language science
7891,7891,3,social science
7892,7892,7,natural science
7893,7893,4,natural science
7894,7894,3,natural science
7895,7895,11,language science
7896,7896,4,natural science
7897,7897,7,social science
7898,7898,7,natural science
7899,7899,8,social science
7900,7900,9,language science
7901,7901,3,social science
7902,7902,10,language science
7903,7903,3,natural science
7904,7904,2,natural science
7905,7905,4,language science
7906,7906,11,language science
7907,7907,7,natural science
7908,7908,6,social science
7909,7909,4,natural science
7910,7910,2,natural science
7911,7911,7,natural science
7912,7912,7,natural science
7913,7913,5,natural science
7914,7914,3,natural science
7915,7915,3,language science
7916,7916,8,natural science
7917,7917,4,natural science
7918,7918,4,natural science
7919,7919,4,social science
7920,7920,4,social science
7921,7921,8,natural science
7922,7922,10,language science
7923,7923,6,natural science
7924,7924,5,language science
7925,7925,4,language science
7926,7926,7,natural science
7927,7927,5,natural science
7928,7928,5,natural science
7929,7929,6,natural science
7930,7930,5,social science
7931,7931,5,natural science
7932,7932,7,natural science
7933,7933,7,natural science
7934,7934,5,social science
7935,7935,7,natural science
7936,7936,3,natural science
7937,7937,4,natural science
7938,7938,8,language science
7939,7939,7,natural science
7940,7940,5,social science
7941,7941,5,natural science
7942,7942,4,social science
7943,7943,3,natural science
7944,7944,8,natural science
7945,7945,11,language science
7946,7946,4,language science
7947,7947,7,natural science
7948,7948,7,natural science
7949,7949,6,natural science
7950,7950,7,natural science
7951,7951,5,language science
7952,7952,4,social science
7953,7953,8,natural science
7954,7954,7,natural science
7955,7955,8,social science
7956,7956,6,natural science
7957,7957,3,natural science
7958,7958,3,natural science
7959,7959,4,language science
7960,7960,4,natural science
7961,7961,4,natural science
7962,7962,6,social science
7963,7963,11,language science
7964,7964,8,natural science
7965,7965,7,natural science
7966,7966,4,social science
7967,7967,3,social science
7968,7968,8,social science
7969,7969,9,language science
7970,7970,6,natural science
7971,7971,8,natural science
7972,7972,2,natural science
7973,7973,3,natural science
7974,7974,4,language science
7975,7975,7,natural science
7976,7976,2,social science
7977,7977,7,natural science
7978,7978,5,social science
7979,7979,4,natural science
7980,7980,3,natural science
7981,7981,4,natural science
7982,7982,4,natural science
7983,7983,2,social science
7984,7984,6,social science
7985,7985,4,language science
7986,7986,8,natural science
7987,7987,5,natural science
7988,7988,2,natural science
7989,7989,7,natural science
7990,7990,7,natural science
7991,7991,9,language science
7992,7992,10,language science
7993,7993,2,natural science
7994,7994,5,natural science
7995,7995,8,social science
7996,7996,6,language science
7997,7997,7,natural science
7998,7998,3,language science
7999,7999,4,natural science
8000,8000,3,social science
8001,8001,2,natural science
8002,8002,7,natural science
8003,8003,3,language science
8004,8004,7,social science
8005,8005,4,natural science
8006,8006,7,natural science
8007,8007,5,social science
8008,8008,4,social science
8009,8009,8,natural science
8010,8010,3,natural science
8011,8011,3,natural science
8012,8012,4,natural science
8013,8013,2,natural science
8014,8014,7,natural science
8015,8015,9,language science
8016,8016,5,social science
8017,8017,5,natural science
8018,8018,6,natural science
8019,8019,3,natural science
8020,8020,6,natural science
8021,8021,8,natural science
8022,8022,8,natural science
8023,8023,4,social science
8024,8024,7,language science
8025,8025,11,language science
8026,8026,3,social science
8027,8027,3,natural science
8028,8028,7,language science
8029,8029,11,language science
8030,8030,4,social science
8031,8031,6,natural science
8032,8032,6,social science
8033,8033,2,language science
8034,8034,11,language science
8035,8035,3,natural science
8036,8036,6,language science
8037,8037,8,natural science
8038,8038,8,social science
8039,8039,8,natural science
8040,8040,8,language science
8041,8041,3,social science
8042,8042,3,natural science
8043,8043,7,social science
8044,8044,3,language science
8045,8045,4,social science
8046,8046,3,language science
8047,8047,9,language science
8048,8048,4,natural science
8049,8049,7,social science
8050,8050,4,social science
8051,8051,5,natural science
8052,8052,4,natural science
8053,8053,5,natural science
8054,8054,8,language science
8055,8055,7,language science
8056,8056,3,natural science
8057,8057,7,natural science
8058,8058,7,social science
8059,8059,7,natural science
8060,8060,8,natural science
8061,8061,4,social science
8062,8062,10,language science
8063,8063,6,natural science
8064,8064,8,natural science
8065,8065,5,social science
8066,8066,2,natural science
8067,8067,6,natural science
8068,8068,7,natural science
8069,8069,8,natural science
8070,8070,7,natural science
8071,8071,11,language science
8072,8072,5,language science
8073,8073,5,social science
8074,8074,4,natural science
8075,8075,6,natural science
8076,8076,7,natural science
8077,8077,4,natural science
8078,8078,7,natural science
8079,8079,3,natural science
8080,8080,3,natural science
8081,8081,6,language science
8082,8082,10,language science
8083,8083,5,natural science
8084,8084,3,natural science
8085,8085,5,social science
8086,8086,2,natural science
8087,8087,7,language science
8088,8088,6,social science
8089,8089,3,natural science
8090,8090,2,natural science
8091,8091,5,natural science
8092,8092,5,natural science
8093,8093,4,social science
8094,8094,4,language science
8095,8095,4,social science
8096,8096,12,language science
8097,8097,6,language science
8098,8098,5,social science
8099,8099,4,natural science
8100,8100,4,natural science
8101,8101,6,language science
8102,8102,3,social science
8103,8103,2,natural science
8104,8104,5,social science
8105,8105,9,language science
8106,8106,10,language science
8107,8107,8,social science
8108,8108,4,social science
8109,8109,5,natural science
8110,8110,6,natural science
8111,8111,5,social science
8112,8112,5,natural science
8113,8113,7,natural science
8114,8114,4,language science
8115,8115,6,natural science
8116,8116,8,natural science
8117,8117,4,natural science
8118,8118,4,social science
8119,8119,9,language science
8120,8120,9,language science
8121,8121,8,natural science
8122,8122,8,language science
8123,8123,2,natural science
8124,8124,7,language science
8125,8125,5,social science
8126,8126,5,social science
8127,8127,8,natural science
8128,8128,5,natural science
8129,8129,3,natural science
8130,8130,6,natural science
8131,8131,5,natural science
8132,8132,2,language science
8133,8133,11,language science
8134,8134,2,natural science
8135,8135,5,natural science
8136,8136,6,natural science
8137,8137,3,natural science
8138,8138,8,language science
8139,8139,8,language science
8140,8140,12,language science
8141,8141,3,natural science
8142,8142,3,natural science
8143,8143,8,natural science
8144,8144,7,social science
8145,8145,4,language science
8146,8146,4,language science
8147,8147,3,natural science
8148,8148,4,natural science
8149,8149,7,natural science
8150,8150,5,natural science
8151,8151,11,language science
8152,8152,4,language science
8153,8153,11,language science
8154,8154,4,natural science
8155,8155,6,natural science
8156,8156,4,natural science
8157,8157,3,natural science
8158,8158,6,natural science
8159,8159,3,social science
8160,8160,10,language science
8161,8161,8,natural science
8162,8162,4,natural science
8163,8163,5,social science
8164,8164,7,social science
8165,8165,5,natural science
8166,8166,5,natural science
8167,8167,7,natural science
8168,8168,5,natural science
8169,8169,8,natural science
8170,8170,4,social science
8171,8171,6,natural science
8172,8172,8,natural science
8173,8173,3,natural science
8174,8174,7,social science
8175,8175,3,social science
8176,8176,7,language science
8177,8177,4,social science
8178,8178,10,language science
8179,8179,6,natural science
8180,8180,3,natural science
8181,8181,4,natural science
8182,8182,7,social science
8183,8183,5,language science
8184,8184,11,language science
8185,8185,9,language science
8186,8186,7,language science
8187,8187,4,social science
8188,8188,4,natural science
8189,8189,4,social science
8190,8190,4,natural science
8191,8191,3,natural science
8192,8192,5,natural science
8193,8193,4,social science
8194,8194,6,language science
8195,8195,7,natural science
8196,8196,5,natural science
8197,8197,12,language science
8198,8198,4,natural science
8199,8199,5,natural science
8200,8200,11,language science
8201,8201,5,social science
8202,8202,4,social science
8203,8203,6,natural science
8204,8204,8,language science
8205,8205,8,social science
8206,8206,7,language science
8207,8207,7,social science
8208,8208,6,natural science
8209,8209,4,natural science
8210,8210,7,language science
8211,8211,8,natural science
8212,8212,3,natural science
8213,8213,8,social science
8214,8214,4,natural science
8215,8215,3,natural science
8216,8216,6,natural science
8217,8217,6,natural science
8218,8218,3,natural science
8219,8219,7,natural science
8220,8220,7,natural science
8221,8221,3,social science
8222,8222,4,language science
8223,8223,4,language science
8224,8224,10,language science
8225,8225,6,natural science
8226,8226,7,natural science
8227,8227,10,language science
8228,8228,6,natural science
8229,8229,4,natural science
8230,8230,3,social science
8231,8231,4,social science
8232,8232,5,natural science
8233,8233,7,social science
8234,8234,6,natural science
8235,8235,4,language science
8236,8236,7,natural science
8237,8237,4,social science
8238,8238,5,social science
8239,8239,8,social science
8240,8240,5,social science
8241,8241,3,natural science
8242,8242,8,natural science
8243,8243,6,natural science
8244,8244,6,language science
8245,8245,6,natural science
8246,8246,5,natural science
8247,8247,9,language science
8248,8248,3,social science
8249,8249,5,social science
8250,8250,5,natural science
8251,8251,4,natural science
8252,8252,8,natural science
8253,8253,4,language science
8254,8254,7,natural science
8255,8255,4,natural science
8256,8256,6,natural science
8257,8257,3,natural science
8258,8258,3,language science
8259,8259,7,social science
8260,8260,3,language science
8261,8261,8,natural science
8262,8262,4,natural science
8263,8263,12,language science
8264,8264,6,natural science
8265,8265,10,language science
8266,8266,4,natural science
8267,8267,5,natural science
8268,8268,6,natural science
8269,8269,6,natural science
8270,8270,6,natural science
8271,8271,4,social science
8272,8272,10,language science
8273,8273,3,natural science
8274,8274,5,social science
8275,8275,7,natural science
8276,8276,7,natural science
8277,8277,3,natural science
8278,8278,5,social science
8279,8279,6,language science
8280,8280,3,natural science
8281,8281,7,natural science
8282,8282,6,natural science
8283,8283,4,natural science
8284,8284,4,natural science
8285,8285,8,natural science
8286,8286,6,natural science
8287,8287,6,natural science
8288,8288,4,natural science
8289,8289,6,natural science
8290,8290,7,natural science
8291,8291,3,language science
8292,8292,5,social science
8293,8293,7,language science
8294,8294,6,social science
8295,8295,4,natural science
8296,8296,8,language science
8297,8297,7,natural science
8298,8298,11,language science
8299,8299,6,natural science
8300,8300,7,natural science
8301,8301,7,natural science
8302,8302,5,language science
8303,8303,5,language science
8304,8304,5,natural science
8305,8305,3,language science
8306,8306,6,social science
8307,8307,4,natural science
8308,8308,4,social science
8309,8309,5,social science
8310,8310,8,natural science
8311,8311,3,social science
8312,8312,6,language science
8313,8313,6,natural science
8314,8314,5,natural science
8315,8315,7,natural science
8316,8316,7,natural science
8317,8317,5,natural science
8318,8318,7,natural science
8319,8319,5,natural science
8320,8320,3,social science
8321,8321,7,natural science
8322,8322,4,natural science
8323,8323,8,social science
8324,8324,11,language science
8325,8325,4,language science
8326,8326,8,social science
8327,8327,5,social science
8328,8328,5,natural science
8329,8329,3,natural science
8330,8330,5,natural science
8331,8331,2,natural science
8332,8332,7,language science
8333,8333,7,social science
8334,8334,6,natural science
8335,8335,4,social science
8336,8336,11,language science
8337,8337,6,natural science
8338,8338,9,language science
8339,8339,2,natural science
8340,8340,7,social science
8341,8341,2,language science
8342,8342,2,natural science
8343,8343,3,natural science
8344,8344,4,social science
8345,8345,8,language science
8346,8346,4,social science
8347,8347,5,social science
8348,8348,4,natural science
8349,8349,7,social science
8350,8350,7,natural science
8351,8351,4,natural science
8352,8352,3,natural science
8353,8353,12,language science
8354,8354,6,natural science
8355,8355,3,language science
8356,8356,5,social science
8357,8357,7,natural science
8358,8358,3,natural science
8359,8359,5,natural science
8360,8360,5,social science
8361,8361,4,social science
8362,8362,10,language science
8363,8363,8,language science
8364,8364,4,social science
8365,8365,7,natural science
8366,8366,7,natural science
8367,8367,7,language science
8368,8368,5,natural science
8369,8369,4,social science
8370,8370,2,natural science
8371,8371,7,natural science
8372,8372,3,social science
8373,8373,4,natural science
8374,8374,5,natural science
8375,8375,2,language science
8376,8376,2,natural science
8377,8377,6,natural science
8378,8378,3,natural science
8379,8379,6,language science
8380,8380,8,language science
8381,8381,9,language science
8382,8382,2,natural science
8383,8383,6,natural science
8384,8384,5,natural science
8385,8385,4,social science
8386,8386,3,natural science
8387,8387,7,language science
8388,8388,2,natural science
8389,8389,4,natural science
8390,8390,3,natural science
8391,8391,8,language science
8392,8392,7,natural science
8393,8393,4,natural science
8394,8394,12,language science
8395,8395,5,natural science
8396,8396,4,social science
8397,8397,3,natural science
8398,8398,5,natural science
8399,8399,4,language science
8400,8400,3,language science
8401,8401,3,natural science
8402,8402,5,social science
8403,8403,2,natural science
8404,8404,3,social science
8405,8405,4,natural science
8406,8406,6,language science
8407,8407,3,natural science
8408,8408,6,social science
8409,8409,10,language science
8410,8410,4,natural science
8411,8411,4,natural science
8412,8412,2,natural science
8413,8413,4,natural science
8414,8414,7,natural science
8415,8415,5,natural science
8416,8416,8,natural science
8417,8417,3,natural science
8418,8418,3,natural science
8419,8419,8,language science
8420,8420,2,social science
8421,8421,3,social science
8422,8422,2,natural science
8423,8423,3,natural science
8424,8424,8,natural science
8425,8425,2,natural science
8426,8426,7,language science
8427,8427,4,natural science
8428,8428,4,natural science
8429,8429,4,natural science
8430,8430,4,natural science
8431,8431,8,natural science
8432,8432,8,natural science
8433,8433,8,natural science
8434,8434,2,natural science
8435,8435,3,language science
8436,8436,5,language science
8437,8437,2,language science
8438,8438,5,natural science
8439,8439,5,natural science
8440,8440,3,natural science
8441,8441,4,natural science
8442,8442,3,language science
8443,8443,4,natural science
8444,8444,3,language science
8445,8445,11,language science
8446,8446,6,natural science
8447,8447,3,natural science
8448,8448,12,language science
8449,8449,8,social science
8450,8450,4,social science
8451,8451,3,natural science
8452,8452,10,language science
8453,8453,7,language science
8454,8454,3,natural science
8455,8455,9,language science
8456,8456,6,social science
8457,8457,12,language science
8458,8458,4,social science
8459,8459,5,language science
8460,8460,5,natural science
8461,8461,4,language science
8462,8462,8,natural science
8463,8463,4,social science
8464,8464,4,natural science
8465,8465,6,natural science
8466,8466,5,natural science
8467,8467,9,language science
8468,8468,2,language science
8469,8469,5,natural science
8470,8470,6,social science
8471,8471,4,social science
8472,8472,3,language science
8473,8473,5,natural science
8474,8474,12,language science
8475,8475,3,natural science
8476,8476,3,natural science
8477,8477,5,natural science
8478,8478,4,language science
8479,8479,4,social science
8480,8480,8,social science
8481,8481,4,social science
8482,8482,5,natural science
8483,8483,8,natural science
8484,8484,7,natural science
8485,8485,8,language science
8486,8486,5,natural science
8487,8487,3,natural science
8488,8488,3,social science
8489,8489,7,natural science
8490,8490,8,social science
8491,8491,4,social science
8492,8492,3,natural science
8493,8493,6,natural science
8494,8494,3,natural science
8495,8495,2,language science
8496,8496,3,natural science
8497,8497,3,social science
8498,8498,4,language science
8499,8499,4,natural science
8500,8500,2,natural science
8501,8501,5,natural science
8502,8502,5,social science
8503,8503,12,language science
8504,8504,6,language science
8505,8505,5,natural science
8506,8506,7,natural science
8507,8507,8,social science
8508,8508,8,natural science
8509,8509,10,language science
8510,8510,5,natural science
8511,8511,4,social science
8512,8512,5,social science
8513,8513,8,natural science
8514,8514,4,natural science
8515,8515,7,natural science
8516,8516,6,social science
8517,8517,6,social science
8518,8518,8,natural science
8519,8519,3,social science
8520,8520,5,social science
8521,8521,5,natural science
8522,8522,4,social science
8523,8523,5,natural science
8524,8524,2,natural science
8525,8525,1,language science
8526,8526,5,natural science
8527,8527,6,natural science
8528,8528,7,language science
8529,8529,3,natural science
8530,8530,4,natural science
8531,8531,7,natural science
8532,8532,2,natural science
8533,8533,10,language science
8534,8534,5,natural science
8535,8535,4,natural science
8536,8536,3,language science
8537,8537,12,language science
8538,8538,5,natural science
8539,8539,5,social science
8540,8540,8,natural science
8541,8541,8,social science
8542,8542,5,social science
8543,8543,4,natural science
8544,8544,10,language science
8545,8545,4,natural science
8546,8546,8,natural science
8547,8547,3,natural science
8548,8548,2,natural science
8549,8549,6,natural science
8550,8550,4,natural science
8551,8551,7,natural science
8552,8552,4,language science
8553,8553,3,natural science
8554,8554,5,social science
8555,8555,4,language science
8556,8556,7,social science
8557,8557,4,language science
8558,8558,12,language science
8559,8559,7,natural science
8560,8560,3,language science
8561,8561,4,social science
8562,8562,3,natural science
8563,8563,7,natural science
8564,8564,8,natural science
8565,8565,9,language science
8566,8566,8,social science
8567,8567,2,social science
8568,8568,5,natural science
8569,8569,2,natural science
8570,8570,8,social science
8571,8571,3,natural science
8572,8572,5,natural science
8573,8573,6,language science
8574,8574,3,social science
8575,8575,3,natural science
8576,8576,5,social science
8577,8577,3,social science
8578,8578,4,social science
8579,8579,2,social science
8580,8580,10,language science
8581,8581,3,language science
8582,8582,3,natural science
8583,8583,3,language science
8584,8584,10,language science
8585,8585,5,language science
8586,8586,8,natural science
8587,8587,3,natural science
8588,8588,7,natural science
8589,8589,8,natural science
8590,8590,4,language science
8591,8591,6,social science
8592,8592,6,language science
8593,8593,4,language science
8594,8594,3,natural science
8595,8595,12,language science
8596,8596,6,social science
8597,8597,3,natural science
8598,8598,4,language science
8599,8599,3,language science
8600,8600,5,natural science
8601,8601,4,natural science
8602,8602,6,natural science
8603,8603,4,natural science
8604,8604,8,natural science
8605,8605,6,natural science
8606,8606,7,natural science
8607,8607,8,language science
8608,8608,5,language science
8609,8609,6,natural science
8610,8610,8,natural science
8611,8611,2,language science
8612,8612,3,natural science
8613,8613,3,natural science
8614,8614,8,natural science
8615,8615,4,social science
8616,8616,3,natural science
8617,8617,5,social science
8618,8618,6,natural science
8619,8619,8,language science
8620,8620,4,language science
8621,8621,2,natural science
8622,8622,7,natural science
8623,8623,3,natural science
8624,8624,7,natural science
8625,8625,3,natural science
8626,8626,5,natural science
8627,8627,5,natural science
8628,8628,5,natural science
8629,8629,4,language science
8630,8630,8,social science
8631,8631,3,social science
8632,8632,2,natural science
8633,8633,6,natural science
8634,8634,4,social science
8635,8635,7,natural science
8636,8636,6,natural science
8637,8637,6,language science
8638,8638,7,social science
8639,8639,3,natural science
8640,8640,4,social science
8641,8641,4,natural science
8642,8642,6,language science
8643,8643,3,natural science
8644,8644,3,natural science
8645,8645,3,natural science
8646,8646,4,natural science
8647,8647,7,natural science
8648,8648,5,social science
8649,8649,6,natural science
8650,8650,2,language science
8651,8651,6,natural science
8652,8652,4,language science
8653,8653,7,natural science
8654,8654,8,natural science
8655,8655,5,social science
8656,8656,8,language science
8657,8657,3,natural science
8658,8658,8,natural science
8659,8659,3,natural science
8660,8660,11,language science
8661,8661,12,language science
8662,8662,9,language science
8663,8663,2,social science
8664,8664,6,language science
8665,8665,4,natural science
8666,8666,4,natural science
8667,8667,6,natural science
8668,8668,7,social science
8669,8669,7,language science
8670,8670,7,social science
8671,8671,3,natural science
8672,8672,2,language science
8673,8673,9,language science
8674,8674,3,language science
8675,8675,5,social science
8676,8676,7,social science
8677,8677,8,social science
8678,8678,8,natural science
8679,8679,5,natural science
8680,8680,7,social science
8681,8681,5,language science
8682,8682,5,natural science
8683,8683,4,natural science
8684,8684,2,language science
8685,8685,4,language science
8686,8686,10,language science
8687,8687,9,language science
8688,8688,4,natural science
8689,8689,9,language science
8690,8690,7,natural science
8691,8691,8,natural science
8692,8692,4,natural science
8693,8693,12,language science
8694,8694,7,natural science
8695,8695,3,social science
8696,8696,2,natural science
8697,8697,5,natural science
8698,8698,8,social science
8699,8699,5,natural science
8700,8700,4,language science
8701,8701,4,natural science
8702,8702,4,natural science
8703,8703,11,language science
8704,8704,3,language science
8705,8705,6,natural science
8706,8706,4,natural science
8707,8707,4,natural science
8708,8708,5,natural science
8709,8709,8,natural science
8710,8710,7,language science
8711,8711,4,natural science
8712,8712,6,social science
8713,8713,6,natural science
8714,8714,7,natural science
8715,8715,4,natural science
8716,8716,2,natural science
8717,8717,6,natural science
8718,8718,11,language science
8719,8719,3,natural science
8720,8720,3,natural science
8721,8721,7,natural science
8722,8722,5,social science
8723,8723,8,natural science
8724,8724,6,natural science
8725,8725,8,natural science
8726,8726,7,natural science
8727,8727,4,social science
8728,8728,4,social science
8729,8729,9,language science
8730,8730,12,language science
8731,8731,6,social science
8732,8732,5,language science
8733,8733,7,natural science
8734,8734,4,social science
8735,8735,4,social science
8736,8736,4,language science
8737,8737,2,social science
8738,8738,1,language science
8739,8739,7,natural science
8740,8740,12,language science
8741,8741,8,natural science
8742,8742,11,language science
8743,8743,4,language science
8744,8744,6,natural science
8745,8745,8,social science
8746,8746,7,natural science
8747,8747,8,natural science
8748,8748,11,language science
8749,8749,7,natural science
8750,8750,4,natural science
8751,8751,3,natural science
8752,8752,6,language science
8753,8753,3,natural science
8754,8754,4,social science
8755,8755,8,natural science
8756,8756,2,natural science
8757,8757,7,natural science
8758,8758,7,natural science
8759,8759,4,natural science
8760,8760,5,natural science
8761,8761,6,natural science
8762,8762,8,natural science
8763,8763,8,language science
8764,8764,2,natural science
8765,8765,11,language science
8766,8766,7,natural science
8767,8767,2,natural science
8768,8768,2,language science
8769,8769,4,social science
8770,8770,11,language science
8771,8771,10,language science
8772,8772,2,natural science
8773,8773,6,natural science
8774,8774,4,natural science
8775,8775,3,natural science
8776,8776,6,natural science
8777,8777,2,language science
8778,8778,8,natural science
8779,8779,7,natural science
8780,8780,6,natural science
8781,8781,7,language science
8782,8782,10,language science
8783,8783,2,natural science
8784,8784,4,natural science
8785,8785,7,natural science
8786,8786,8,natural science
8787,8787,5,natural science
8788,8788,8,natural science
8789,8789,2,language science
8790,8790,7,natural science
8791,8791,3,natural science
8792,8792,5,natural science
8793,8793,3,natural science
8794,8794,5,language science
8795,8795,10,language science
8796,8796,4,natural science
8797,8797,7,natural science
8798,8798,5,natural science
8799,8799,3,natural science
8800,8800,5,natural science
8801,8801,8,language science
8802,8802,5,natural science
8803,8803,5,language science
8804,8804,3,language science
8805,8805,5,natural science
8806,8806,10,language science
8807,8807,6,natural science
8808,8808,11,language science
8809,8809,5,natural science
8810,8810,3,language science
8811,8811,4,natural science
8812,8812,8,natural science
8813,8813,6,language science
8814,8814,11,language science
8815,8815,10,language science
8816,8816,8,natural science
8817,8817,7,natural science
8818,8818,3,social science
8819,8819,6,language science
8820,8820,4,social science
8821,8821,8,natural science
8822,8822,2,natural science
8823,8823,5,natural science
8824,8824,1,language science
8825,8825,8,natural science
8826,8826,5,social science
8827,8827,4,social science
8828,8828,6,language science
8829,8829,2,natural science
8830,8830,8,social science
8831,8831,10,language science
8832,8832,4,natural science
8833,8833,5,natural science
8834,8834,11,language science
8835,8835,5,natural science
8836,8836,3,natural science
8837,8837,5,social science
8838,8838,5,natural science
8839,8839,5,natural science
8840,8840,7,natural science
8841,8841,7,natural science
8842,8842,7,natural science
8843,8843,3,natural science
8844,8844,3,natural science
8845,8845,8,social science
8846,8846,2,natural science
8847,8847,3,natural science
8848,8848,2,natural science
8849,8849,6,natural science
8850,8850,3,natural science
8851,8851,9,language science
8852,8852,2,natural science
8853,8853,8,social science
8854,8854,9,language science
8855,8855,5,natural science
8856,8856,8,natural science
8857,8857,4,social science
8858,8858,5,natural science
8859,8859,4,language science
8860,8860,12,language science
8861,8861,2,language science
8862,8862,7,natural science
8863,8863,2,natural science
8864,8864,4,language science
8865,8865,5,natural science
8866,8866,5,natural science
8867,8867,7,language science
8868,8868,11,language science
8869,8869,4,natural science
8870,8870,6,natural science
8871,8871,5,social science
8872,8872,12,language science
8873,8873,8,natural science
8874,8874,12,language science
8875,8875,2,natural science
8876,8876,6,language science
8877,8877,11,language science
8878,8878,5,natural science
8879,8879,11,language science
8880,8880,3,natural science
8881,8881,6,natural science
8882,8882,3,natural science
8883,8883,3,natural science
8884,8884,5,natural science
8885,8885,5,language science
8886,8886,7,social science
8887,8887,8,language science
8888,8888,4,natural science
8889,8889,4,natural science
8890,8890,7,language science
8891,8891,6,language science
8892,8892,2,natural science
8893,8893,5,language science
8894,8894,8,natural science
8895,8895,4,language science
8896,8896,6,natural science
8897,8897,6,language science
8898,8898,6,natural science
8899,8899,3,social science
8900,8900,7,natural science
8901,8901,4,social science
8902,8902,3,language science
8903,8903,7,social science
8904,8904,4,natural science
8905,8905,4,natural science
8906,8906,7,natural science
8907,8907,3,social science
8908,8908,9,language science
8909,8909,3,natural science
8910,8910,10,language science
8911,8911,3,social science
8912,8912,5,language science
8913,8913,5,social science
8914,8914,2,natural science
8915,8915,6,natural science
8916,8916,6,natural science
8917,8917,5,natural science
8918,8918,3,natural science
8919,8919,6,natural science
8920,8920,8,natural science
8921,8921,8,language science
8922,8922,8,natural science
8923,8923,4,social science
8924,8924,8,language science
8925,8925,2,natural science
8926,8926,4,natural science
8927,8927,6,social science
8928,8928,5,natural science
8929,8929,12,language science
8930,8930,3,social science
8931,8931,4,natural science
8932,8932,4,natural science
8933,8933,6,natural science
8934,8934,5,language science
8935,8935,6,natural science
8936,8936,4,natural science
8937,8937,12,language science
8938,8938,3,natural science
8939,8939,3,language science
8940,8940,5,natural science
8941,8941,6,natural science
8942,8942,5,language science
8943,8943,6,natural science
8944,8944,7,natural science
8945,8945,8,natural science
8946,8946,4,natural science
8947,8947,8,social science
8948,8948,5,natural science
8949,8949,5,natural science
8950,8950,6,natural science
8951,8951,3,natural science
8952,8952,8,natural science
8953,8953,6,natural science
8954,8954,10,language science
8955,8955,4,natural science
8956,8956,4,natural science
8957,8957,3,natural science
8958,8958,3,social science
8959,8959,6,natural science
8960,8960,4,natural science
8961,8961,5,natural science
8962,8962,3,social science
8963,8963,5,language science
8964,8964,2,social science
8965,8965,7,social science
8966,8966,3,natural science
8967,8967,8,natural science
8968,8968,5,social science
8969,8969,8,language science
8970,8970,3,natural science
8971,8971,7,natural science
8972,8972,8,natural science
8973,8973,7,natural science
8974,8974,6,natural science
8975,8975,1,language science
8976,8976,4,social science
8977,8977,4,social science
8978,8978,5,natural science
8979,8979,4,language science
8980,8980,4,natural science
8981,8981,3,social science
8982,8982,3,natural science
8983,8983,8,natural science
8984,8984,4,natural science
8985,8985,5,natural science
8986,8986,6,language science
8987,8987,7,natural science
8988,8988,6,social science
8989,8989,11,language science
8990,8990,4,social science
8991,8991,6,natural science
8992,8992,12,language science
8993,8993,3,social science
8994,8994,2,language science
8995,8995,6,natural science
8996,8996,5,natural science
8997,8997,5,language science
8998,8998,5,social science
8999,8999,5,natural science
9000,9000,8,social science
9001,9001,9,language science
9002,9002,3,natural science
9003,9003,3,natural science
9004,9004,7,natural science
9005,9005,5,natural science
9006,9006,6,natural science
9007,9007,6,natural science
9008,9008,2,natural science
9009,9009,4,natural science
9010,9010,5,social science
9011,9011,9,language science
9012,9012,5,social science
9013,9013,4,social science
9014,9014,6,natural science
9015,9015,3,natural science
9016,9016,4,natural science
9017,9017,4,natural science
9018,9018,6,natural science
9019,9019,6,natural science
9020,9020,9,language science
9021,9021,4,natural science
9022,9022,7,natural science
9023,9023,8,social science
9024,9024,2,natural science
9025,9025,7,natural science
9026,9026,4,social science
9027,9027,5,social science
9028,9028,10,language science
9029,9029,5,natural science
9030,9030,4,natural science
9031,9031,2,language science
9032,9032,2,language science
9033,9033,7,natural science
9034,9034,10,language science
9035,9035,3,natural science
9036,9036,7,language science
9037,9037,3,social science
9038,9038,4,natural science
9039,9039,4,language science
9040,9040,7,natural science
9041,9041,8,social science
9042,9042,4,natural science
9043,9043,2,language science
9044,9044,6,natural science
9045,9045,2,natural science
9046,9046,7,natural science
9047,9047,8,social science
9048,9048,3,social science
9049,9049,3,natural science
9050,9050,3,natural science
9051,9051,7,language science
9052,9052,5,natural science
9053,9053,4,social science
9054,9054,6,language science
9055,9055,4,natural science
9056,9056,5,social science
9057,9057,9,language science
9058,9058,8,natural science
9059,9059,11,language science
9060,9060,3,natural science
9061,9061,6,natural science
9062,9062,6,language science
9063,9063,5,language science
9064,9064,7,natural science
9065,9065,5,natural science
9066,9066,3,language science
9067,9067,2,social science
9068,9068,2,natural science
9069,9069,2,language science
9070,9070,4,social science
9071,9071,2,natural science
9072,9072,6,language science
9073,9073,8,natural science
9074,9074,8,natural science
9075,9075,4,social science
9076,9076,4,natural science
9077,9077,5,natural science
9078,9078,3,natural science
9079,9079,6,natural science
9080,9080,5,social science
9081,9081,8,natural science
9082,9082,4,language science
9083,9083,6,natural science
9084,9084,8,natural science
9085,9085,9,language science
9086,9086,8,natural science
9087,9087,4,language science
9088,9088,6,natural science
9089,9089,4,natural science
9090,9090,3,language science
9091,9091,10,language science
9092,9092,8,natural science
9093,9093,8,natural science
9094,9094,6,natural science
9095,9095,4,natural science
9096,9096,8,social science
9097,9097,4,social science
9098,9098,7,natural science
9099,9099,2,natural science
9100,9100,3,language science
9101,9101,4,language science
9102,9102,4,social science
9103,9103,10,language science
9104,9104,4,natural science
9105,9105,3,language science
9106,9106,7,language science
9107,9107,8,natural science
9108,9108,6,natural science
9109,9109,10,language science
9110,9110,5,natural science
9111,9111,3,social science
9112,9112,4,natural science
9113,9113,6,language science
9114,9114,2,natural science
9115,9115,6,natural science
9116,9116,7,natural science
9117,9117,3,language science
9118,9118,4,language science
9119,9119,4,language science
9120,9120,7,natural science
9121,9121,8,social science
9122,9122,2,social science
9123,9123,8,natural science
9124,9124,6,natural science
9125,9125,2,natural science
9126,9126,12,language science
9127,9127,10,language science
9128,9128,8,language science
9129,9129,5,social science
9130,9130,3,language science
9131,9131,5,social science
9132,9132,2,language science
9133,9133,5,language science
9134,9134,5,social science
9135,9135,5,natural science
9136,9136,4,natural science
9137,9137,10,language science
9138,9138,4,language science
9139,9139,7,language science
9140,9140,3,natural science
9141,9141,5,natural science
9142,9142,7,social science
9143,9143,7,natural science
9144,9144,4,social science
9145,9145,3,social science
9146,9146,4,language science
9147,9147,3,language science
9148,9148,2,natural science
9149,9149,7,natural science
9150,9150,7,social science
9151,9151,5,natural science
9152,9152,7,natural science
9153,9153,7,natural science
9154,9154,3,natural science
9155,9155,6,natural science
9156,9156,3,social science
9157,9157,5,natural science
9158,9158,3,social science
9159,9159,3,social science
9160,9160,3,natural science
9161,9161,11,language science
9162,9162,7,natural science
9163,9163,5,natural science
9164,9164,7,natural science
9165,9165,4,natural science
9166,9166,7,natural science
9167,9167,6,natural science
9168,9168,1,language science
9169,9169,4,natural science
9170,9170,8,natural science
9171,9171,3,natural science
9172,9172,4,natural science
9173,9173,7,social science
9174,9174,7,natural science
9175,9175,7,language science
9176,9176,5,language science
9177,9177,3,social science
9178,9178,4,natural science
9179,9179,10,language science
9180,9180,1,language science
9181,9181,6,natural science
9182,9182,4,natural science
9183,9183,3,social science
9184,9184,6,natural science
9185,9185,4,natural science
9186,9186,4,natural science
9187,9187,7,natural science
9188,9188,3,natural science
9189,9189,4,social science
9190,9190,5,social science
9191,9191,8,natural science
9192,9192,10,language science
9193,9193,4,social science
9194,9194,5,natural science
9195,9195,6,social science
9196,9196,8,natural science
9197,9197,7,natural science
9198,9198,7,social science
9199,9199,7,natural science
9200,9200,3,natural science
9201,9201,7,social science
9202,9202,8,natural science
9203,9203,4,natural science
9204,9204,6,language science
9205,9205,8,natural science
9206,9206,1,language science
9207,9207,4,language science
9208,9208,5,social science
9209,9209,8,natural science
9210,9210,6,social science
9211,9211,4,social science
9212,9212,7,language science
9213,9213,8,natural science
9214,9214,8,language science
9215,9215,4,social science
9216,9216,11,language science
9217,9217,7,natural science
9218,9218,12,language science
9219,9219,9,language science
9220,9220,2,social science
9221,9221,8,language science
9222,9222,3,language science
9223,9223,5,natural science
9224,9224,3,natural science
9225,9225,11,language science
9226,9226,8,language science
9227,9227,3,natural science
9228,9228,6,social science
9229,9229,6,natural science
9230,9230,3,natural science
9231,9231,9,language science
9232,9232,7,natural science
9233,9233,2,natural science
9234,9234,5,natural science
9235,9235,3,natural science
9236,9236,5,social science
9237,9237,8,natural science
9238,9238,5,natural science
9239,9239,4,natural science
9240,9240,8,language science
9241,9241,3,social science
9242,9242,8,natural science
9243,9243,9,language science
9244,9244,4,language science
9245,9245,9,language science
9246,9246,7,language science
9247,9247,10,language science
9248,9248,5,natural science
9249,9249,3,social science
9250,9250,5,natural science
9251,9251,2,social science
9252,9252,4,natural science
9253,9253,8,natural science
9254,9254,5,social science
9255,9255,3,natural science
9256,9256,7,natural science
9257,9257,12,language science
9258,9258,8,natural science
9259,9259,2,natural science
9260,9260,8,language science
9261,9261,5,social science
9262,9262,7,social science
9263,9263,5,natural science
9264,9264,8,natural science
9265,9265,8,language science
9266,9266,4,natural science
9267,9267,2,natural science
9268,9268,5,social science
9269,9269,10,language science
9270,9270,10,language science
9271,9271,8,natural science
9272,9272,2,natural science
9273,9273,3,natural science
9274,9274,2,social science
9275,9275,5,social science
9276,9276,4,social science
9277,9277,3,natural science
9278,9278,12,language science
9279,9279,5,language science
9280,9280,3,natural science
9281,9281,4,language science
9282,9282,3,language science
9283,9283,4,natural science
9284,9284,4,natural science
9285,9285,4,natural science
9286,9286,4,natural science
9287,9287,7,natural science
9288,9288,2,natural science
9289,9289,7,natural science
9290,9290,7,natural science
9291,9291,5,natural science
9292,9292,5,natural science
9293,9293,6,social science
9294,9294,3,natural science
9295,9295,7,natural science
9296,9296,6,natural science
9297,9297,2,natural science
9298,9298,9,language science
9299,9299,3,natural science
9300,9300,8,natural science
9301,9301,2,language science
9302,9302,7,natural science
9303,9303,5,natural science
9304,9304,11,language science
9305,9305,3,natural science
9306,9306,2,natural science
9307,9307,8,natural science
9308,9308,3,natural science
9309,9309,6,natural science
9310,9310,8,natural science
9311,9311,2,natural science
9312,9312,5,natural science
9313,9313,2,natural science
9314,9314,3,language science
9315,9315,7,language science
9316,9316,5,natural science
9317,9317,4,natural science
9318,9318,3,language science
9319,9319,2,social science
9320,9320,6,natural science
9321,9321,12,language science
9322,9322,4,natural science
9323,9323,10,language science
9324,9324,3,natural science
9325,9325,3,language science
9326,9326,6,social science
9327,9327,2,language science
9328,9328,6,natural science
9329,9329,7,language science
9330,9330,5,social science
9331,9331,4,natural science
9332,9332,3,social science
9333,9333,8,social science
9334,9334,2,social science
9335,9335,6,natural science
9336,9336,5,social science
9337,9337,7,social science
9338,9338,6,social science
9339,9339,7,natural science
9340,9340,2,language science
9341,9341,7,natural science
9342,9342,8,natural science
9343,9343,8,natural science
9344,9344,8,natural science
9345,9345,6,social science
9346,9346,7,social science
9347,9347,8,natural science
9348,9348,4,natural science
9349,9349,4,natural science
9350,9350,3,language science
9351,9351,4,social science
9352,9352,8,natural science
9353,9353,6,natural science
9354,9354,7,language science
9355,9355,11,language science
9356,9356,7,language science
9357,9357,5,natural science
9358,9358,5,natural science
9359,9359,5,natural science
9360,9360,6,natural science
9361,9361,5,natural science
9362,9362,8,social science
9363,9363,4,language science
9364,9364,4,natural science
9365,9365,8,natural science
9366,9366,6,language science
9367,9367,7,natural science
9368,9368,1,language science
9369,9369,7,natural science
9370,9370,6,natural science
9371,9371,8,natural science
9372,9372,5,natural science
9373,9373,8,natural science
9374,9374,3,natural science
9375,9375,7,social science
9376,9376,3,language science
9377,9377,11,language science
9378,9378,7,natural science
9379,9379,8,natural science
9380,9380,8,language science
9381,9381,11,language science
9382,9382,6,social science
9383,9383,3,natural science
9384,9384,7,natural science
9385,9385,8,natural science
9386,9386,12,language science
9387,9387,4,natural science
9388,9388,5,natural science
9389,9389,5,natural science
9390,9390,4,social science
9391,9391,5,natural science
9392,9392,9,language science
9393,9393,8,natural science
9394,9394,8,natural science
9395,9395,5,natural science
9396,9396,6,natural science
9397,9397,4,natural science
9398,9398,10,language science
9399,9399,5,natural science
9400,9400,2,natural science
9401,9401,7,natural science
9402,9402,5,natural science
9403,9403,8,natural science
9404,9404,8,natural science
9405,9405,3,natural science
9406,9406,3,social science
9407,9407,7,natural science
9408,9408,7,social science
9409,9409,7,natural science
9410,9410,5,language science
9411,9411,10,language science
9412,9412,12,language science
9413,9413,7,natural science
9414,9414,6,natural science
9415,9415,2,natural science
9416,9416,5,natural science
9417,9417,4,social science
9418,9418,5,natural science
9419,9419,7,natural science
9420,9420,4,natural science
9421,9421,12,language science
9422,9422,5,natural science
9423,9423,6,natural science
9424,9424,7,social science
9425,9425,7,language science
9426,9426,3,social science
9427,9427,6,natural science
9428,9428,7,natural science
9429,9429,6,language science
9430,9430,6,language science
9431,9431,4,natural science
9432,9432,2,language science
9433,9433,7,language science
9434,9434,7,natural science
9435,9435,6,natural science
9436,9436,4,natural science
9437,9437,2,natural science
9438,9438,5,social science
9439,9439,3,natural science
9440,9440,8,natural science
9441,9441,2,language science
9442,9442,5,natural science
9443,9443,2,natural science
9444,9444,2,language science
9445,9445,12,language science
9446,9446,3,language science
9447,9447,3,natural science
9448,9448,4,natural science
9449,9449,2,natural science
9450,9450,8,natural science
9451,9451,8,natural science
9452,9452,2,natural science
9453,9453,5,natural science
9454,9454,4,natural science
9455,9455,5,natural science
9456,9456,8,social science
9457,9457,7,natural science
9458,9458,8,natural science
9459,9459,7,natural science
9460,9460,8,natural science
9461,9461,4,natural science
9462,9462,4,social science
9463,9463,5,natural science
9464,9464,8,natural science
9465,9465,2,natural science
9466,9466,3,social science
9467,9467,4,language science
9468,9468,11,language science
9469,9469,6,social science
9470,9470,3,social science
9471,9471,4,social science
9472,9472,6,natural science
9473,9473,4,language science
9474,9474,6,language science
9475,9475,8,natural science
9476,9476,8,natural science
9477,9477,8,natural science
9478,9478,8,social science
9479,9479,11,language science
9480,9480,8,social science
9481,9481,8,language science
9482,9482,3,language science
9483,9483,8,language science
9484,9484,8,natural science
9485,9485,2,natural science
9486,9486,11,language science
9487,9487,4,social science
9488,9488,4,social science
9489,9489,4,natural science
9490,9490,6,natural science
9491,9491,5,natural science
9492,9492,12,language science
9493,9493,7,natural science
9494,9494,10,language science
9495,9495,3,natural science
9496,9496,4,social science
9497,9497,2,natural science
9498,9498,4,language science
9499,9499,6,natural science
9500,9500,3,social science
9501,9501,5,natural science
9502,9502,2,natural science
9503,9503,5,social science
9504,9504,7,natural science
9505,9505,5,social science
9506,9506,4,language science
9507,9507,3,natural science
9508,9508,4,social science
9509,9509,3,natural science
9510,9510,5,language science
9511,9511,3,social science
9512,9512,7,natural science
9513,9513,2,language science
9514,9514,5,natural science
9515,9515,3,social science
9516,9516,3,natural science
9517,9517,4,language science
9518,9518,6,natural science
9519,9519,6,natural science
9520,9520,3,natural science
9521,9521,2,natural science
9522,9522,8,language science
9523,9523,6,natural science
9524,9524,8,social science
9525,9525,5,social science
9526,9526,3,natural science
9527,9527,7,language science
9528,9528,3,natural science
9529,9529,8,natural science
9530,9530,6,natural science
9531,9531,7,language science
9532,9532,7,natural science
9533,9533,4,natural science
9534,9534,3,social science
9535,9535,6,language science
9536,9536,8,natural science
9537,9537,8,language science
9538,9538,7,natural science
9539,9539,7,social science
9540,9540,3,language science
9541,9541,12,language science
9542,9542,5,language science
9543,9543,3,natural science
9544,9544,3,language science
9545,9545,2,natural science
9546,9546,6,natural science
9547,9547,8,language science
9548,9548,3,natural science
9549,9549,8,natural science
9550,9550,4,natural science
9551,9551,7,natural science
9552,9552,5,natural science
9553,9553,6,natural science
9554,9554,5,natural science
9555,9555,7,language science
9556,9556,6,natural science
9557,9557,3,natural science
9558,9558,7,natural science
9559,9559,6,natural science
9560,9560,7,natural science
9561,9561,7,natural science
9562,9562,4,natural science
9563,9563,12,language science
9564,9564,4,natural science
9565,9565,6,natural science
9566,9566,7,natural science
9567,9567,9,language science
9568,9568,3,natural science
9569,9569,8,social science
9570,9570,6,social science
9571,9571,3,social science
9572,9572,7,natural science
9573,9573,5,social science
9574,9574,4,natural science
9575,9575,8,natural science
9576,9576,3,language science
9577,9577,5,natural science
9578,9578,5,natural science
9579,9579,4,natural science
9580,9580,4,natural science
9581,9581,6,natural science
9582,9582,4,natural science
9583,9583,2,natural science
9584,9584,8,natural science
9585,9585,3,social science
9586,9586,5,social science
9587,9587,4,natural science
9588,9588,11,language science
9589,9589,2,natural science
9590,9590,9,language science
9591,9591,7,natural science
9592,9592,5,social science
9593,9593,5,language science
9594,9594,5,language science
9595,9595,4,natural science
9596,9596,5,language science
9597,9597,7,natural science
9598,9598,4,natural science
9599,9599,3,social science
9600,9600,8,natural science
9601,9601,2,language science
9602,9602,6,language science
9603,9603,8,natural science
9604,9604,4,language science
9605,9605,1,language science
9606,9606,8,natural science
9607,9607,5,natural science
9608,9608,9,language science
9609,9609,3,natural science
9610,9610,7,natural science
9611,9611,7,language science
9612,9612,4,natural science
9613,9613,4,social science
9614,9614,5,social science
9615,9615,9,language science
9616,9616,4,social science
9617,9617,7,social science
9618,9618,8,language science
9619,9619,2,social science
9620,9620,3,natural science
9621,9621,4,language science
9622,9622,5,natural science
9623,9623,4,language science
9624,9624,2,natural science
9625,9625,11,language science
9626,9626,7,social science
9627,9627,4,language science
9628,9628,7,social science
9629,9629,5,social science
9630,9630,8,language science
9631,9631,7,natural science
9632,9632,2,natural science
9633,9633,6,language science
9634,9634,6,natural science
9635,9635,7,natural science
9636,9636,3,social science
9637,9637,5,natural science
9638,9638,5,natural science
9639,9639,7,natural science
9640,9640,2,natural science
9641,9641,8,natural science
9642,9642,3,natural science
9643,9643,6,natural science
9644,9644,10,language science
9645,9645,5,language science
9646,9646,7,social science
9647,9647,5,natural science
9648,9648,3,social science
9649,9649,3,social science
9650,9650,8,natural science
9651,9651,3,natural science
9652,9652,10,language science
9653,9653,5,natural science
9654,9654,2,language science
9655,9655,7,social science
9656,9656,2,language science
9657,9657,10,language science
9658,9658,7,natural science
9659,9659,4,social science
9660,9660,5,social science
9661,9661,4,social science
9662,9662,5,social science
9663,9663,5,natural science
9664,9664,3,natural science
9665,9665,6,natural science
9666,9666,3,natural science
9667,9667,5,language science
9668,9668,4,natural science
9669,9669,5,language science
9670,9670,8,natural science
9671,9671,6,natural science
9672,9672,4,natural science
9673,9673,7,natural science
9674,9674,6,natural science
9675,9675,5,social science
9676,9676,4,social science
9677,9677,2,natural science
9678,9678,6,language science
9679,9679,3,natural science
9680,9680,3,social science
9681,9681,8,natural science
9682,9682,8,language science
9683,9683,5,social science
9684,9684,5,natural science
9685,9685,7,natural science
9686,9686,9,language science
9687,9687,8,natural science
9688,9688,11,language science
9689,9689,6,natural science
9690,9690,8,social science
9691,9691,10,language science
9692,9692,3,natural science
9693,9693,2,language science
9694,9694,5,natural science
9695,9695,7,natural science
9696,9696,6,social science
9697,9697,5,natural science
9698,9698,2,natural science
9699,9699,2,natural science
9700,9700,2,natural science
9701,9701,2,social science
9702,9702,5,language science
9703,9703,4,natural science
9704,9704,5,natural science
9705,9705,7,natural science
9706,9706,6,social science
9707,9707,5,natural science
9708,9708,2,natural science
9709,9709,10,language science
9710,9710,7,natural science
9711,9711,5,social science
9712,9712,5,natural science
9713,9713,3,natural science
9714,9714,5,natural science
9715,9715,7,natural science
9716,9716,7,natural science
9717,9717,6,natural science
9718,9718,8,natural science
9719,9719,4,natural science
9720,9720,2,language science
9721,9721,7,natural science
9722,9722,3,natural science
9723,9723,4,natural science
9724,9724,4,language science
9725,9725,4,social science
9726,9726,7,natural science
9727,9727,4,social science
9728,9728,8,natural science
9729,9729,8,natural science
9730,9730,6,natural science
9731,9731,4,social science
9732,9732,3,language science
9733,9733,8,natural science
9734,9734,8,natural science
9735,9735,3,natural science
9736,9736,10,language science
9737,9737,4,social science
9738,9738,7,natural science
9739,9739,6,natural science
9740,9740,2,social science
9741,9741,4,natural science
9742,9742,5,natural science
9743,9743,7,social science
9744,9744,3,natural science
9745,9745,4,natural science
9746,9746,3,social science
9747,9747,11,language science
9748,9748,12,language science
9749,9749,9,language science
9750,9750,4,social science
9751,9751,10,language science
9752,9752,7,social science
9753,9753,5,natural science
9754,9754,11,language science
9755,9755,10,language science
9756,9756,2,social science
9757,9757,2,language science
9758,9758,5,natural science
9759,9759,7,natural science
9760,9760,3,natural science
9761,9761,3,language science
9762,9762,11,language science
9763,9763,2,language science
9764,9764,11,language science
9765,9765,6,language science
9766,9766,4,language science
9767,9767,4,social science
9768,9768,6,language science
9769,9769,4,natural science
9770,9770,6,natural science
9771,9771,3,social science
9772,9772,2,natural science
9773,9773,6,natural science
9774,9774,4,social science
9775,9775,4,natural science
9776,9776,7,natural science
9777,9777,3,natural science
9778,9778,6,social science
9779,9779,3,language science
9780,9780,7,natural science
9781,9781,5,natural science
9782,9782,4,natural science
9783,9783,7,social science
9784,9784,8,social science
9785,9785,4,natural science
9786,9786,5,natural science
9787,9787,12,language science
9788,9788,2,natural science
9789,9789,8,language science
9790,9790,4,language science
9791,9791,3,social science
9792,9792,12,language science
9793,9793,3,social science
9794,9794,1,language science
9795,9795,5,natural science
9796,9796,3,natural science
9797,9797,4,social science
9798,9798,5,language science
9799,9799,3,natural science
9800,9800,3,social science
9801,9801,12,language science
9802,9802,7,language science
9803,9803,7,natural science
9804,9804,3,language science
9805,9805,8,natural science
9806,9806,4,natural science
9807,9807,5,social science
9808,9808,4,social science
9809,9809,5,natural science
9810,9810,8,natural science
9811,9811,3,natural science
9812,9812,3,natural science
9813,9813,11,language science
9814,9814,6,natural science
9815,9815,2,natural science
9816,9816,8,social science
9817,9817,4,natural science
9818,9818,11,language science
9819,9819,8,social science
9820,9820,6,social science
9821,9821,12,language science
9822,9822,3,natural science
9823,9823,8,natural science
9824,9824,8,language science
9825,9825,6,social science
9826,9826,4,natural science
9827,9827,5,natural science
9828,9828,8,natural science
9829,9829,5,natural science
9830,9830,6,natural science
9831,9831,1,language science
9832,9832,3,language science
9833,9833,6,natural science
9834,9834,8,natural science
9835,9835,6,natural science
9836,9836,4,social science
9837,9837,4,natural science
9838,9838,8,social science
9839,9839,11,language science
9840,9840,3,language science
9841,9841,7,natural science
9842,9842,6,language science
9843,9843,4,natural science
9844,9844,11,language science
9845,9845,6,natural science
9846,9846,5,natural science
9847,9847,11,language science
9848,9848,4,language science
9849,9849,3,natural science
9850,9850,3,natural science
9851,9851,7,language science
9852,9852,4,natural science
9853,9853,8,social science
9854,9854,3,natural science
9855,9855,5,social science
9856,9856,7,natural science
9857,9857,2,language science
9858,9858,2,language science
9859,9859,5,social science
9860,9860,7,language science
9861,9861,5,natural science
9862,9862,8,natural science
9863,9863,7,social science
9864,9864,8,natural science
9865,9865,5,social science
9866,9866,3,natural science
9867,9867,6,language science
9868,9868,10,language science
9869,9869,6,natural science
9870,9870,2,social science
9871,9871,3,natural science
9872,9872,3,natural science
9873,9873,8,natural science
9874,9874,6,natural science
9875,9875,5,language science
9876,9876,3,natural science
9877,9877,7,social science
9878,9878,5,social science
9879,9879,8,natural science
9880,9880,4,natural science
9881,9881,2,social science
9882,9882,8,natural science
9883,9883,7,natural science
9884,9884,4,natural science
9885,9885,4,social science
9886,9886,6,natural science
9887,9887,5,natural science
9888,9888,3,natural science
9889,9889,8,natural science
9890,9890,7,natural science
9891,9891,10,language science
9892,9892,4,social science
9893,9893,7,natural science
9894,9894,6,natural science
9895,9895,3,natural science
9896,9896,8,natural science
9897,9897,6,natural science
9898,9898,4,social science
9899,9899,10,language science
9900,9900,7,natural science
9901,9901,3,social science
9902,9902,3,language science
9903,9903,9,language science
9904,9904,2,language science
9905,9905,7,natural science
9906,9906,3,natural science
9907,9907,5,natural science
9908,9908,8,natural science
9909,9909,11,language science
9910,9910,8,natural science
9911,9911,5,social science
9912,9912,7,natural science
9913,9913,8,natural science
9914,9914,5,natural science
9915,9915,2,natural science
9916,9916,2,language science
9917,9917,8,language science
9918,9918,5,social science
9919,9919,5,social science
9920,9920,8,natural science
9921,9921,4,social science
9922,9922,2,language science
9923,9923,6,natural science
9924,9924,5,social science
9925,9925,4,social science
9926,9926,10,language science
9927,9927,8,natural science
9928,9928,6,language science
9929,9929,2,natural science
9930,9930,2,natural science
9931,9931,4,language science
9932,9932,7,natural science
9933,9933,7,natural science
9934,9934,8,social science
9935,9935,7,social science
9936,9936,4,natural science
9937,9937,3,natural science
9938,9938,9,language science
9939,9939,6,natural science
9940,9940,8,natural science
9941,9941,8,natural science
9942,9942,3,social science
9943,9943,3,language science
9944,9944,7,natural science
9945,9945,5,social science
9946,9946,4,natural science
9947,9947,10,language science
9948,9948,2,natural science
9949,9949,4,language science
9950,9950,4,natural science
9951,9951,4,natural science
9952,9952,5,natural science
9953,9953,8,language science
9954,9954,4,natural science
9955,9955,6,natural science
9956,9956,5,social science
9957,9957,4,social science
9958,9958,8,language science
9959,9959,8,language science
9960,9960,4,language science
9961,9961,4,language science
9962,9962,3,social science
9963,9963,5,natural science
9964,9964,4,natural science
9965,9965,3,natural science
9966,9966,9,language science
9967,9967,3,natural science
9968,9968,3,natural science
9969,9969,4,language science
9970,9970,4,social science
9971,9971,7,natural science
9972,9972,6,social science
9973,9973,6,language science
9974,9974,11,language science
9975,9975,4,natural science
9976,9976,3,natural science
9977,9977,2,natural science
9978,9978,6,natural science
9979,9979,4,natural science
9980,9980,3,language science
9981,9981,8,natural science
9982,9982,4,natural science
9983,9983,4,social science
9984,9984,6,natural science
9985,9985,7,natural science
9986,9986,6,natural science
9987,9987,2,language science
9988,9988,8,natural science
9989,9989,4,social science
9990,9990,4,natural science
9991,9991,7,social science
9992,9992,5,natural science
9993,9993,3,natural science
9994,9994,8,social science
9995,9995,2,language science
9996,9996,6,social science
9997,9997,3,natural science
9998,9998,4,social science
9999,9999,2,natural science
10000,10000,10,language science
10001,10001,5,natural science
10002,10002,11,language science
10003,10003,4,social science
10004,10004,3,natural science
10005,10005,8,natural science
10006,10006,11,language science
10007,10007,5,natural science
10008,10008,2,social science
10009,10009,6,natural science
10010,10010,2,natural science
10011,10011,4,natural science
10012,10012,3,natural science
10013,10013,6,language science
10014,10014,4,natural science
10015,10015,3,natural science
10016,10016,5,language science
10017,10017,4,natural science
10018,10018,4,language science
10019,10019,4,natural science
10020,10020,3,language science
10021,10021,4,social science
10022,10022,3,language science
10023,10023,8,natural science
10024,10024,3,natural science
10025,10025,7,natural science
10026,10026,8,language science
10027,10027,3,natural science
10028,10028,4,social science
10029,10029,2,natural science
10030,10030,4,natural science
10031,10031,4,language science
10032,10032,6,natural science
10033,10033,6,natural science
10034,10034,5,natural science
10035,10035,1,language science
10036,10036,3,language science
10037,10037,8,natural science
10038,10038,3,natural science
10039,10039,7,social science
10040,10040,11,language science
10041,10041,4,social science
10042,10042,10,language science
10043,10043,3,language science
10044,10044,5,natural science
10045,10045,3,language science
10046,10046,6,social science
10047,10047,6,natural science
10048,10048,2,language science
10049,10049,7,natural science
10050,10050,8,natural science
10051,10051,8,language science
10052,10052,7,natural science
10053,10053,7,natural science
10054,10054,5,social science
10055,10055,5,natural science
10056,10056,5,natural science
10057,10057,7,social science
10058,10058,8,language science
10059,10059,6,natural science
10060,10060,7,natural science
10061,10061,5,social science
10062,10062,4,natural science
10063,10063,10,language science
10064,10064,7,language science
10065,10065,10,language science
10066,10066,4,social science
10067,10067,7,social science
10068,10068,3,language science
10069,10069,4,natural science
10070,10070,4,language science
10071,10071,7,natural science
10072,10072,8,social science
10073,10073,2,natural science
10074,10074,3,natural science
10075,10075,8,language science
10076,10076,4,natural science
10077,10077,5,language science
10078,10078,6,social science
10079,10079,7,social science
10080,10080,6,natural science
10081,10081,5,natural science
10082,10082,5,natural science
10083,10083,2,social science
10084,10084,2,natural science
10085,10085,7,natural science
10086,10086,4,natural science
10087,10087,5,social science
10088,10088,4,social science
10089,10089,5,language science
10090,10090,8,natural science
10091,10091,6,language science
10092,10092,6,natural science
10093,10093,5,natural science
10094,10094,3,natural science
10095,10095,4,natural science
10096,10096,10,language science
10097,10097,6,natural science
10098,10098,2,natural science
10099,10099,7,social science
10100,10100,4,social science
10101,10101,3,language science
10102,10102,1,language science
10103,10103,4,natural science
10104,10104,7,language science
10105,10105,7,natural science
10106,10106,2,social science
10107,10107,5,natural science
10108,10108,9,language science
10109,10109,5,natural science
10110,10110,2,language science
10111,10111,3,natural science
10112,10112,12,language science
10113,10113,6,language science
10114,10114,3,natural science
10115,10115,7,language science
10116,10116,3,natural science
10117,10117,8,natural science
10118,10118,6,natural science
10119,10119,11,language science
10120,10120,3,natural science
10121,10121,11,language science
10122,10122,4,language science
10123,10123,3,social science
10124,10124,11,language science
10125,10125,5,natural science
10126,10126,4,natural science
10127,10127,7,natural science
10128,10128,6,natural science
10129,10129,2,natural science
10130,10130,4,natural science
10131,10131,3,natural science
10132,10132,7,natural science
10133,10133,12,language science
10134,10134,7,natural science
10135,10135,3,social science
10136,10136,2,natural science
10137,10137,5,social science
10138,10138,3,language science
10139,10139,6,natural science
10140,10140,7,natural science
10141,10141,8,natural science
10142,10142,3,natural science
10143,10143,8,natural science
10144,10144,6,natural science
10145,10145,4,social science
10146,10146,9,language science
10147,10147,5,natural science
10148,10148,6,natural science
10149,10149,9,language science
10150,10150,6,social science
10151,10151,5,natural science
10152,10152,3,natural science
10153,10153,12,language science
10154,10154,4,natural science
10155,10155,5,natural science
10156,10156,4,language science
10157,10157,7,natural science
10158,10158,3,language science
10159,10159,5,social science
10160,10160,2,social science
10161,10161,7,social science
10162,10162,4,natural science
10163,10163,5,natural science
10164,10164,7,language science
10165,10165,6,natural science
10166,10166,9,language science
10167,10167,7,natural science
10168,10168,6,natural science
10169,10169,4,natural science
10170,10170,9,language science
10171,10171,3,natural science
10172,10172,6,natural science
10173,10173,2,natural science
10174,10174,7,natural science
10175,10175,5,social science
10176,10176,3,social science
10177,10177,7,natural science
10178,10178,2,natural science
10179,10179,8,social science
10180,10180,8,social science
10181,10181,6,natural science
10182,10182,7,social science
10183,10183,5,natural science
10184,10184,4,social science
10185,10185,3,social science
10186,10186,7,natural science
10187,10187,3,natural science
10188,10188,6,social science
10189,10189,9,language science
10190,10190,9,language science
10191,10191,11,language science
10192,10192,6,language science
10193,10193,3,natural science
10194,10194,8,social science
10195,10195,5,natural science
10196,10196,5,natural science
10197,10197,3,social science
10198,10198,4,natural science
10199,10199,8,natural science
10200,10200,5,language science
10201,10201,7,natural science
10202,10202,4,natural science
10203,10203,7,natural science
10204,10204,6,natural science
10205,10205,2,natural science
10206,10206,11,language science
10207,10207,8,natural science
10208,10208,4,social science
10209,10209,7,social science
10210,10210,3,natural science
10211,10211,4,natural science
10212,10212,5,social science
10213,10213,5,natural science
10214,10214,7,language science
10215,10215,6,natural science
10216,10216,4,natural science
10217,10217,4,language science
10218,10218,10,language science
10219,10219,2,natural science
10220,10220,6,language science
10221,10221,6,natural science
10222,10222,8,natural science
10223,10223,7,natural science
10224,10224,7,social science
10225,10225,3,natural science
10226,10226,4,social science
10227,10227,7,language science
10228,10228,3,natural science
10229,10229,6,social science
10230,10230,5,natural science
10231,10231,6,natural science
10232,10232,11,language science
10233,10233,2,social science
10234,10234,6,natural science
10235,10235,3,language science
10236,10236,2,natural science
10237,10237,3,social science
10238,10238,4,natural science
10239,10239,3,social science
10240,10240,7,social science
10241,10241,5,natural science
10242,10242,5,natural science
10243,10243,6,social science
10244,10244,8,natural science
10245,10245,7,language science
10246,10246,3,natural science
10247,10247,3,social science
10248,10248,4,natural science
10249,10249,3,natural science
10250,10250,6,natural science
10251,10251,3,language science
10252,10252,3,natural science
10253,10253,5,natural science
10254,10254,8,natural science
10255,10255,5,natural science
10256,10256,6,natural science
10257,10257,4,natural science
10258,10258,4,social science
10259,10259,12,language science
10260,10260,4,social science
10261,10261,7,social science
10262,10262,6,social science
10263,10263,4,natural science
10264,10264,7,language science
10265,10265,11,language science
10266,10266,5,social science
10267,10267,3,language science
10268,10268,7,natural science
10269,10269,5,natural science
10270,10270,3,natural science
10271,10271,5,social science
10272,10272,7,language science
10273,10273,6,natural science
10274,10274,7,natural science
10275,10275,12,language science
10276,10276,3,language science
10277,10277,8,natural science
10278,10278,6,natural science
10279,10279,4,natural science
10280,10280,2,language science
10281,10281,4,language science
10282,10282,11,language science
10283,10283,6,natural science
10284,10284,5,natural science
10285,10285,10,language science
10286,10286,5,natural science
10287,10287,8,natural science
10288,10288,3,natural science
10289,10289,8,social science
10290,10290,3,natural science
10291,10291,2,natural science
10292,10292,8,natural science
10293,10293,7,natural science
10294,10294,5,language science
10295,10295,2,natural science
10296,10296,6,natural science
10297,10297,7,natural science
10298,10298,3,natural science
10299,10299,5,natural science
10300,10300,7,language science
10301,10301,6,natural science
10302,10302,5,natural science
10303,10303,3,natural science
10304,10304,9,language science
10305,10305,7,language science
10306,10306,2,social science
10307,10307,8,social science
10308,10308,8,natural science
10309,10309,8,social science
10310,10310,5,natural science
10311,10311,5,social science
10312,10312,5,natural science
10313,10313,7,social science
10314,10314,12,language science
10315,10315,4,social science
10316,10316,4,social science
10317,10317,4,natural science
10318,10318,4,natural science
10319,10319,6,natural science
10320,10320,7,natural science
10321,10321,3,natural science
10322,10322,2,social science
10323,10323,8,social science
10324,10324,4,natural science
10325,10325,3,language science
10326,10326,4,natural science
10327,10327,4,natural science
10328,10328,5,social science
10329,10329,8,natural science
10330,10330,4,social science
10331,10331,5,social science
10332,10332,3,natural science
10333,10333,4,natural science
10334,10334,8,language science
10335,10335,2,natural science
10336,10336,6,natural science
10337,10337,7,natural science
10338,10338,2,natural science
10339,10339,2,natural science
10340,10340,5,natural science
10341,10341,6,social science
10342,10342,3,language science
10343,10343,5,natural science
10344,10344,8,natural science
10345,10345,7,language science
10346,10346,2,language science
10347,10347,2,language science
10348,10348,11,language science
10349,10349,7,language science
10350,10350,7,natural science
10351,10351,8,language science
10352,10352,8,natural science
10353,10353,12,language science
10354,10354,11,language science
10355,10355,3,social science
10356,10356,2,language science
10357,10357,3,language science
10358,10358,4,natural science
10359,10359,5,social science
10360,10360,4,natural science
10361,10361,6,natural science
10362,10362,6,language science
10363,10363,4,natural science
10364,10364,7,natural science
10365,10365,11,language science
10366,10366,4,social science
10367,10367,6,language science
10368,10368,5,social science
10369,10369,3,social science
10370,10370,6,natural science
10371,10371,7,natural science
10372,10372,5,social science
10373,10373,4,social science
10374,10374,7,social science
10375,10375,3,social science
10376,10376,6,social science
10377,10377,8,natural science
10378,10378,6,social science
10379,10379,6,natural science
10380,10380,12,language science
10381,10381,3,natural science
10382,10382,3,natural science
10383,10383,6,natural science
10384,10384,7,social science
10385,10385,2,natural science
10386,10386,4,social science
10387,10387,2,social science
10388,10388,2,language science
10389,10389,10,language science
10390,10390,4,natural science
10391,10391,3,natural science
10392,10392,3,social science
10393,10393,2,natural science
10394,10394,6,natural science
10395,10395,3,social science
10396,10396,5,language science
10397,10397,5,natural science
10398,10398,5,natural science
10399,10399,8,natural science
10400,10400,7,social science
10401,10401,4,natural science
10402,10402,7,social science
10403,10403,4,natural science
10404,10404,6,natural science
10405,10405,5,natural science
10406,10406,11,language science
10407,10407,4,social science
10408,10408,4,social science
10409,10409,10,language science
10410,10410,3,natural science
10411,10411,4,natural science
10412,10412,8,language science
10413,10413,8,natural science
10414,10414,4,natural science
10415,10415,11,language science
10416,10416,7,language science
10417,10417,5,natural science
10418,10418,6,social science
10419,10419,10,language science
10420,10420,4,language science
10421,10421,12,language science
10422,10422,5,social science
10423,10423,2,natural science
10424,10424,11,language science
10425,10425,5,natural science
10426,10426,8,social science
10427,10427,6,language science
10428,10428,4,language science
10429,10429,7,natural science
10430,10430,7,natural science
10431,10431,12,language science
10432,10432,10,language science
10433,10433,3,natural science
10434,10434,7,natural science
10435,10435,6,natural science
10436,10436,4,natural science
10437,10437,6,natural science
10438,10438,2,natural science
10439,10439,5,language science
10440,10440,4,social science
10441,10441,2,natural science
10442,10442,5,natural science
10443,10443,2,natural science
10444,10444,5,natural science
10445,10445,9,language science
10446,10446,10,language science
10447,10447,4,natural science
10448,10448,6,natural science
10449,10449,8,natural science
10450,10450,5,language science
10451,10451,5,natural science
10452,10452,5,social science
10453,10453,5,natural science
10454,10454,3,social science
10455,10455,3,natural science
10456,10456,5,natural science
10457,10457,12,language science
10458,10458,5,social science
10459,10459,3,natural science
10460,10460,7,natural science
10461,10461,6,natural science
10462,10462,5,language science
10463,10463,7,social science
10464,10464,7,natural science
10465,10465,8,social science
10466,10466,7,social science
10467,10467,7,natural science
10468,10468,5,social science
10469,10469,2,natural science
10470,10470,6,language science
10471,10471,5,natural science
10472,10472,2,social science
10473,10473,4,natural science
10474,10474,8,natural science
10475,10475,8,natural science
10476,10476,4,natural science
10477,10477,8,social science
10478,10478,9,language science
10479,10479,3,natural science
10480,10480,8,natural science
10481,10481,7,language science
10482,10482,3,natural science
10483,10483,4,natural science
10484,10484,8,natural science
10485,10485,5,social science
10486,10486,4,language science
10487,10487,6,natural science
10488,10488,2,natural science
10489,10489,6,natural science
10490,10490,3,social science
10491,10491,3,natural science
10492,10492,12,language science
10493,10493,5,natural science
10494,10494,4,natural science
10495,10495,6,natural science
10496,10496,2,natural science
10497,10497,3,natural science
10498,10498,5,natural science
10499,10499,11,language science
10500,10500,5,social science
10501,10501,2,natural science
10502,10502,4,social science
10503,10503,6,natural science
10504,10504,10,language science
10505,10505,3,social science
10506,10506,3,natural science
10507,10507,4,social science
10508,10508,5,social science
10509,10509,4,natural science
10510,10510,10,language science
10511,10511,7,natural science
10512,10512,8,social science
10513,10513,8,natural science
10514,10514,7,natural science
10515,10515,3,social science
10516,10516,7,natural science
10517,10517,2,natural science
10518,10518,2,social science
10519,10519,7,natural science
10520,10520,3,natural science
10521,10521,8,natural science
10522,10522,8,natural science
10523,10523,8,natural science
10524,10524,5,natural science
10525,10525,7,social science
10526,10526,11,language science
10527,10527,7,social science
10528,10528,2,language science
10529,10529,11,language science
10530,10530,8,natural science
10531,10531,5,natural science
10532,10532,4,social science
10533,10533,4,natural science
10534,10534,3,natural science
10535,10535,2,natural science
10536,10536,4,social science
10537,10537,6,language science
10538,10538,7,natural science
10539,10539,3,language science
10540,10540,12,language science
10541,10541,8,social science
10542,10542,6,language science
10543,10543,7,natural science
10544,10544,8,social science
10545,10545,5,natural science
10546,10546,4,social science
10547,10547,6,language science
10548,10548,8,language science
10549,10549,3,language science
10550,10550,3,natural science
10551,10551,4,social science
10552,10552,5,language science
10553,10553,3,natural science
10554,10554,3,social science
10555,10555,8,natural science
10556,10556,7,social science
10557,10557,11,language science
10558,10558,8,natural science
10559,10559,6,natural science
10560,10560,6,natural science
10561,10561,5,natural science
10562,10562,5,social science
10563,10563,5,natural science
10564,10564,4,language science
10565,10565,3,natural science
10566,10566,2,natural science
10567,10567,3,social science
10568,10568,8,language science
10569,10569,3,social science
10570,10570,6,language science
10571,10571,3,social science
10572,10572,3,language science
10573,10573,7,natural science
10574,10574,4,social science
10575,10575,4,natural science
10576,10576,5,social science
10577,10577,7,natural science
10578,10578,10,language science
10579,10579,8,natural science
10580,10580,4,social science
10581,10581,7,social science
10582,10582,7,natural science
10583,10583,3,language science
10584,10584,5,social science
10585,10585,7,natural science
10586,10586,12,language science
10587,10587,7,natural science
10588,10588,6,language science
10589,10589,8,social science
10590,10590,4,natural science
10591,10591,6,natural science
10592,10592,3,social science
10593,10593,8,natural science
10594,10594,7,social science
10595,10595,2,natural science
10596,10596,3,natural science
10597,10597,4,language science
10598,10598,4,natural science
10599,10599,2,natural science
10600,10600,10,language science
10601,10601,7,language science
10602,10602,12,language science
10603,10603,5,natural science
10604,10604,6,language science
10605,10605,8,natural science
10606,10606,5,natural science
10607,10607,2,natural science
10608,10608,7,natural science
10609,10609,6,language science
10610,10610,12,language science
10611,10611,8,natural science
10612,10612,4,natural science
10613,10613,11,language science
10614,10614,7,natural science
10615,10615,5,natural science
10616,10616,7,social science
10617,10617,5,natural science
10618,10618,7,natural science
10619,10619,3,natural science
10620,10620,4,natural science
10621,10621,4,natural science
10622,10622,6,natural science
10623,10623,7,natural science
10624,10624,5,natural science
10625,10625,2,social science
10626,10626,11,language science
10627,10627,10,language science
10628,10628,6,social science
10629,10629,6,natural science
10630,10630,11,language science
10631,10631,2,natural science
10632,10632,5,social science
10633,10633,6,natural science
10634,10634,3,natural science
10635,10635,9,language science
10636,10636,2,social science
10637,10637,7,language science
10638,10638,5,social science
10639,10639,11,language science
10640,10640,5,natural science
10641,10641,5,language science
10642,10642,5,natural science
10643,10643,4,natural science
10644,10644,4,social science
10645,10645,3,natural science
10646,10646,2,language science
10647,10647,7,language science
10648,10648,4,natural science
10649,10649,6,natural science
10650,10650,4,natural science
10651,10651,8,natural science
10652,10652,6,natural science
10653,10653,7,natural science
10654,10654,4,natural science
10655,10655,2,language science
10656,10656,10,language science
10657,10657,3,language science
10658,10658,12,language science
10659,10659,5,natural science
10660,10660,5,natural science
10661,10661,6,natural science
10662,10662,8,natural science
10663,10663,4,language science
10664,10664,3,natural science
10665,10665,4,natural science
10666,10666,11,language science
10667,10667,1,language science
10668,10668,5,social science
10669,10669,3,natural science
10670,10670,10,language science
10671,10671,8,social science
10672,10672,5,natural science
10673,10673,10,language science
10674,10674,8,natural science
10675,10675,8,natural science
10676,10676,11,language science
10677,10677,5,natural science
10678,10678,3,natural science
10679,10679,2,social science
10680,10680,4,natural science
10681,10681,6,social science
10682,10682,5,social science
10683,10683,3,social science
10684,10684,2,natural science
10685,10685,3,natural science
10686,10686,2,natural science
10687,10687,8,natural science
10688,10688,3,natural science
10689,10689,7,social science
10690,10690,11,language science
10691,10691,5,natural science
10692,10692,6,natural science
10693,10693,4,social science
10694,10694,12,language science
10695,10695,6,natural science
10696,10696,12,language science
10697,10697,4,language science
10698,10698,3,social science
10699,10699,4,natural science
10700,10700,4,social science
10701,10701,5,natural science
10702,10702,7,language science
10703,10703,9,language science
10704,10704,6,natural science
10705,10705,8,natural science
10706,10706,4,natural science
10707,10707,7,social science
10708,10708,4,natural science
10709,10709,7,natural science
10710,10710,4,natural science
10711,10711,7,language science
10712,10712,6,natural science
10713,10713,9,language science
10714,10714,12,language science
10715,10715,7,natural science
10716,10716,2,natural science
10717,10717,6,social science
10718,10718,5,natural science
10719,10719,8,natural science
10720,10720,5,natural science
10721,10721,3,social science
10722,10722,8,natural science
10723,10723,7,natural science
10724,10724,8,natural science
10725,10725,8,social science
10726,10726,6,natural science
10727,10727,6,natural science
10728,10728,5,social science
10729,10729,5,social science
10730,10730,3,social science
10731,10731,11,language science
10732,10732,5,social science
10733,10733,4,social science
10734,10734,3,social science
10735,10735,7,natural science
10736,10736,5,language science
10737,10737,8,natural science
10738,10738,7,social science
10739,10739,4,natural science
10740,10740,3,social science
10741,10741,4,natural science
10742,10742,2,natural science
10743,10743,7,natural science
10744,10744,10,language science
10745,10745,3,natural science
10746,10746,4,language science
10747,10747,3,social science
10748,10748,8,natural science
10749,10749,8,language science
10750,10750,5,natural science
10751,10751,8,social science
10752,10752,3,natural science
10753,10753,4,social science
10754,10754,8,natural science
10755,10755,4,social science
10756,10756,4,natural science
10757,10757,8,natural science
10758,10758,8,natural science
10759,10759,7,natural science
10760,10760,4,natural science
10761,10761,3,natural science
10762,10762,7,social science
10763,10763,2,natural science
10764,10764,3,natural science
10765,10765,3,natural science
10766,10766,5,natural science
10767,10767,8,natural science
10768,10768,6,social science
10769,10769,3,language science
10770,10770,9,language science
10771,10771,8,language science
10772,10772,4,natural science
10773,10773,11,language science
10774,10774,4,natural science
10775,10775,7,natural science
10776,10776,2,natural science
10777,10777,5,natural science
10778,10778,3,natural science
10779,10779,6,natural science
10780,10780,7,social science
10781,10781,7,language science
10782,10782,8,natural science
10783,10783,1,language science
10784,10784,3,natural science
10785,10785,7,natural science
10786,10786,1,language science
10787,10787,4,natural science
10788,10788,6,language science
10789,10789,3,natural science
10790,10790,3,natural science
10791,10791,4,natural science
10792,10792,4,natural science
10793,10793,4,natural science
10794,10794,8,natural science
10795,10795,10,language science
10796,10796,8,language science
10797,10797,9,language science
10798,10798,5,natural science
10799,10799,5,social science
10800,10800,11,language science
10801,10801,11,language science
10802,10802,8,natural science
10803,10803,4,social science
10804,10804,10,language science
10805,10805,6,natural science
10806,10806,3,natural science
10807,10807,3,social science
10808,10808,6,natural science
10809,10809,4,natural science
10810,10810,5,social science
10811,10811,8,natural science
10812,10812,8,natural science
10813,10813,4,social science
10814,10814,2,natural science
10815,10815,7,natural science
10816,10816,7,natural science
10817,10817,4,natural science
10818,10818,3,natural science
10819,10819,10,language science
10820,10820,4,natural science
10821,10821,5,natural science
10822,10822,2,natural science
10823,10823,5,language science
10824,10824,7,natural science
10825,10825,2,natural science
10826,10826,4,natural science
10827,10827,5,language science
10828,10828,3,language science
10829,10829,6,natural science
10830,10830,4,natural science
10831,10831,8,natural science
10832,10832,7,language science
10833,10833,5,natural science
10834,10834,3,natural science
10835,10835,5,natural science
10836,10836,2,social science
10837,10837,3,natural science
10838,10838,7,language science
10839,10839,5,social science
10840,10840,6,language science
10841,10841,7,language science
10842,10842,4,natural science
10843,10843,8,natural science
10844,10844,10,language science
10845,10845,8,natural science
10846,10846,7,language science
10847,10847,5,natural science
10848,10848,4,social science
10849,10849,3,natural science
10850,10850,4,social science
10851,10851,8,natural science
10852,10852,3,natural science
10853,10853,8,natural science
10854,10854,4,social science
10855,10855,9,language science
10856,10856,2,natural science
10857,10857,12,language science
10858,10858,8,natural science
10859,10859,5,social science
10860,10860,7,natural science
10861,10861,4,natural science
10862,10862,4,social science
10863,10863,4,natural science
10864,10864,7,language science
10865,10865,7,natural science
10866,10866,8,social science
10867,10867,5,social science
10868,10868,6,natural science
10869,10869,7,natural science
10870,10870,6,natural science
10871,10871,7,natural science
10872,10872,4,natural science
10873,10873,8,social science
10874,10874,2,language science
10875,10875,3,natural science
10876,10876,5,language science
10877,10877,8,language science
10878,10878,7,language science
10879,10879,6,natural science
10880,10880,2,natural science
10881,10881,2,natural science
10882,10882,6,language science
10883,10883,4,natural science
10884,10884,4,language science
10885,10885,5,natural science
10886,10886,8,natural science
10887,10887,8,social science
10888,10888,5,natural science
10889,10889,4,natural science
10890,10890,6,language science
10891,10891,8,natural science
10892,10892,3,natural science
10893,10893,5,natural science
10894,10894,2,natural science
10895,10895,7,language science
10896,10896,5,natural science
10897,10897,4,social science
10898,10898,6,natural science
10899,10899,8,social science
10900,10900,4,natural science
10901,10901,5,natural science
10902,10902,2,social science
10903,10903,7,natural science
10904,10904,8,natural science
10905,10905,4,natural science
10906,10906,7,language science
10907,10907,3,language science
10908,10908,3,language science
10909,10909,7,natural science
10910,10910,8,natural science
10911,10911,5,natural science
10912,10912,4,social science
10913,10913,8,language science
10914,10914,10,language science
10915,10915,2,natural science
10916,10916,6,natural science
10917,10917,4,social science
10918,10918,8,social science
10919,10919,5,natural science
10920,10920,4,language science
10921,10921,8,language science
10922,10922,4,social science
10923,10923,3,language science
10924,10924,4,social science
10925,10925,3,social science
10926,10926,8,language science
10927,10927,8,natural science
10928,10928,7,natural science
10929,10929,7,social science
10930,10930,5,natural science
10931,10931,3,natural science
10932,10932,1,language science
10933,10933,5,natural science
10934,10934,3,language science
10935,10935,7,natural science
10936,10936,7,social science
10937,10937,8,natural science
10938,10938,4,social science
10939,10939,10,language science
10940,10940,8,natural science
10941,10941,4,natural science
10942,10942,10,language science
10943,10943,3,natural science
10944,10944,7,natural science
10945,10945,6,natural science
10946,10946,3,natural science
10947,10947,5,social science
10948,10948,7,natural science
10949,10949,12,language science
10950,10950,3,language science
10951,10951,7,natural science
10952,10952,2,natural science
10953,10953,2,social science
10954,10954,12,language science
10955,10955,8,social science
10956,10956,8,natural science
10957,10957,5,natural science
10958,10958,6,natural science
10959,10959,7,natural science
10960,10960,8,social science
10961,10961,2,social science
10962,10962,5,social science
10963,10963,4,social science
10964,10964,3,social science
10965,10965,5,language science
10966,10966,3,language science
10967,10967,3,natural science
10968,10968,6,natural science
10969,10969,4,language science
10970,10970,6,natural science
10971,10971,5,social science
10972,10972,3,natural science
10973,10973,4,natural science
10974,10974,9,language science
10975,10975,4,social science
10976,10976,3,natural science
10977,10977,6,natural science
10978,10978,2,natural science
10979,10979,6,natural science
10980,10980,3,natural science
10981,10981,5,social science
10982,10982,5,natural science
10983,10983,2,language science
10984,10984,8,social science
10985,10985,8,natural science
10986,10986,8,social science
10987,10987,12,language science
10988,10988,5,social science
10989,10989,6,natural science
10990,10990,4,natural science
10991,10991,12,language science
10992,10992,4,social science
10993,10993,8,natural science
10994,10994,5,natural science
10995,10995,4,language science
10996,10996,7,natural science
10997,10997,8,natural science
10998,10998,7,social science
10999,10999,4,language science
11000,11000,7,language science
11001,11001,4,social science
11002,11002,3,language science
11003,11003,6,language science
11004,11004,4,natural science
11005,11005,5,language science
11006,11006,8,natural science
11007,11007,3,language science
11008,11008,5,natural science
11009,11009,3,natural science
11010,11010,8,language science
11011,11011,4,language science
11012,11012,7,social science
11013,11013,4,natural science
11014,11014,4,natural science
11015,11015,8,social science
11016,11016,8,natural science
11017,11017,10,language science
11018,11018,6,language science
11019,11019,6,language science
11020,11020,3,natural science
11021,11021,3,social science
11022,11022,7,natural science
11023,11023,4,social science
11024,11024,8,social science
11025,11025,5,social science
11026,11026,4,natural science
11027,11027,3,natural science
11028,11028,6,natural science
11029,11029,4,natural science
11030,11030,4,social science
11031,11031,4,natural science
11032,11032,3,social science
11033,11033,5,natural science
11034,11034,5,natural science
11035,11035,3,social science
11036,11036,4,natural science
11037,11037,6,natural science
11038,11038,5,social science
11039,11039,11,language science
11040,11040,3,natural science
11041,11041,8,natural science
11042,11042,7,natural science
11043,11043,11,language science
11044,11044,4,language science
11045,11045,8,natural science
11046,11046,10,language science
11047,11047,6,natural science
11048,11048,5,natural science
11049,11049,5,natural science
11050,11050,4,natural science
11051,11051,7,social science
11052,11052,4,natural science
11053,11053,7,language science
11054,11054,7,natural science
11055,11055,5,natural science
11056,11056,5,language science
11057,11057,8,natural science
11058,11058,12,language science
11059,11059,3,natural science
11060,11060,8,social science
11061,11061,3,social science
11062,11062,6,natural science
11063,11063,6,natural science
11064,11064,12,language science
11065,11065,4,language science
11066,11066,2,natural science
11067,11067,2,natural science
11068,11068,5,natural science
11069,11069,7,natural science
11070,11070,4,natural science
11071,11071,9,language science
11072,11072,8,natural science
11073,11073,4,natural science
11074,11074,7,social science
11075,11075,5,social science
11076,11076,4,natural science
11077,11077,4,natural science
11078,11078,3,social science
11079,11079,10,language science
11080,11080,2,natural science
11081,11081,6,natural science
11082,11082,3,natural science
11083,11083,5,social science
11084,11084,2,natural science
11085,11085,3,language science
11086,11086,4,natural science
11087,11087,5,natural science
11088,11088,5,natural science
11089,11089,6,social science
11090,11090,3,natural science
11091,11091,7,natural science
11092,11092,5,social science
11093,11093,5,natural science
11094,11094,4,language science
11095,11095,6,natural science
11096,11096,5,language science
11097,11097,4,natural science
11098,11098,6,natural science
11099,11099,4,social science
11100,11100,3,natural science
11101,11101,6,natural science
11102,11102,4,language science
11103,11103,3,natural science
11104,11104,7,natural science
11105,11105,3,natural science
11106,11106,3,natural science
11107,11107,5,natural science
11108,11108,7,natural science
11109,11109,7,natural science
11110,11110,5,natural science
11111,11111,6,natural science
11112,11112,11,language science
11113,11113,5,natural science
11114,11114,3,language science
11115,11115,6,natural science
11116,11116,7,natural science
11117,11117,7,language science
11118,11118,4,natural science
11119,11119,3,natural science
11120,11120,4,social science
11121,11121,7,natural science
11122,11122,6,natural science
11123,11123,3,natural science
11124,11124,5,social science
11125,11125,3,natural science
11126,11126,6,language science
11127,11127,4,natural science
11128,11128,3,natural science
11129,11129,6,natural science
11130,11130,2,social science
11131,11131,6,natural science
11132,11132,5,social science
11133,11133,4,natural science
11134,11134,3,natural science
11135,11135,2,natural science
11136,11136,3,social science
11137,11137,6,natural science
11138,11138,3,social science
11139,11139,7,natural science
11140,11140,3,natural science
11141,11141,6,natural science
11142,11142,6,natural science
11143,11143,10,language science
11144,11144,4,natural science
11145,11145,3,natural science
11146,11146,8,natural science
11147,11147,4,natural science
11148,11148,7,social science
11149,11149,6,social science
11150,11150,4,language science
11151,11151,11,language science
11152,11152,4,language science
11153,11153,4,natural science
11154,11154,7,natural science
11155,11155,3,social science
11156,11156,3,social science
11157,11157,7,natural science
11158,11158,7,natural science
11159,11159,8,natural science
11160,11160,5,natural science
11161,11161,5,social science
11162,11162,7,natural science
11163,11163,7,natural science
11164,11164,6,natural science
11165,11165,5,natural science
11166,11166,2,natural science
11167,11167,5,social science
11168,11168,5,natural science
11169,11169,7,natural science
11170,11170,8,natural science
11171,11171,4,natural science
11172,11172,5,social science
11173,11173,3,natural science
11174,11174,4,social science
11175,11175,4,natural science
11176,11176,8,natural science
11177,11177,5,natural science
11178,11178,5,social science
11179,11179,2,natural science
11180,11180,2,natural science
11181,11181,7,social science
11182,11182,6,language science
11183,11183,6,natural science
11184,11184,5,language science
11185,11185,4,natural science
11186,11186,2,social science
11187,11187,7,natural science
11188,11188,8,natural science
11189,11189,4,social science
11190,11190,7,natural science
11191,11191,9,language science
11192,11192,12,language science
11193,11193,6,language science
11194,11194,3,natural science
11195,11195,5,language science
11196,11196,4,natural science
11197,11197,5,natural science
11198,11198,5,social science
11199,11199,8,natural science
11200,11200,5,social science
11201,11201,8,natural science
11202,11202,6,natural science
11203,11203,3,language science
11204,11204,6,natural science
11205,11205,3,language science
11206,11206,7,natural science
11207,11207,6,natural science
11208,11208,5,social science
11209,11209,8,language science
11210,11210,4,natural science
11211,11211,6,natural science
11212,11212,7,natural science
11213,11213,5,natural science
11214,11214,8,natural science
11215,11215,8,natural science
11216,11216,7,natural science
11217,11217,4,natural science
11218,11218,5,natural science
11219,11219,8,language science
11220,11220,4,language science
11221,11221,12,language science
11222,11222,8,natural science
11223,11223,7,natural science
11224,11224,2,language science
11225,11225,3,social science
11226,11226,3,natural science
11227,11227,6,natural science
11228,11228,2,language science
11229,11229,3,natural science
11230,11230,3,social science
11231,11231,2,language science
11232,11232,5,social science
11233,11233,3,natural science
11234,11234,5,natural science
11235,11235,9,language science
11236,11236,2,social science
11237,11237,8,social science
11238,11238,4,natural science
11239,11239,3,natural science
11240,11240,4,social science
11241,11241,4,natural science
11242,11242,3,natural science
11243,11243,3,natural science
11244,11244,11,language science
11245,11245,3,natural science
11246,11246,6,natural science
11247,11247,12,language science
11248,11248,3,natural science
11249,11249,8,natural science
11250,11250,5,social science
11251,11251,5,social science
11252,11252,7,natural science
11253,11253,4,natural science
11254,11254,4,social science
11255,11255,5,natural science
11256,11256,2,natural science
11257,11257,11,language science
11258,11258,5,natural science
11259,11259,5,natural science
11260,11260,5,natural science
11261,11261,4,social science
11262,11262,2,language science
11263,11263,8,language science
11264,11264,4,social science
11265,11265,7,natural science
11266,11266,11,language science
11267,11267,4,social science
11268,11268,5,social science
11269,11269,2,language science
11270,11270,7,social science
11271,11271,4,natural science
11272,11272,1,language science
11273,11273,3,social science
11274,11274,3,social science
11275,11275,5,natural science
11276,11276,2,language science
11277,11277,4,social science
11278,11278,4,natural science
11279,11279,2,language science
11280,11280,10,language science
11281,11281,8,natural science
11282,11282,4,language science
11283,11283,6,natural science
11284,11284,3,social science
11285,11285,5,natural science
11286,11286,8,natural science
11287,11287,5,natural science
11288,11288,5,natural science
11289,11289,10,language science
11290,11290,4,language science
11291,11291,3,social science
11292,11292,10,language science
11293,11293,4,natural science
11294,11294,7,social science
11295,11295,3,natural science
11296,11296,3,natural science
11297,11297,5,social science
11298,11298,4,natural science
11299,11299,7,natural science
11300,11300,3,natural science
11301,11301,7,social science
11302,11302,5,language science
11303,11303,3,social science
11304,11304,6,natural science
11305,11305,4,social science
11306,11306,3,language science
11307,11307,3,natural science
11308,11308,6,natural science
11309,11309,8,natural science
11310,11310,3,natural science
11311,11311,2,natural science
11312,11312,7,social science
11313,11313,3,social science
11314,11314,4,natural science
11315,11315,6,social science
11316,11316,11,language science
11317,11317,5,natural science
11318,11318,7,natural science
11319,11319,5,natural science
11320,11320,7,natural science
11321,11321,6,natural science
11322,11322,11,language science
11323,11323,4,natural science
11324,11324,3,natural science
11325,11325,9,language science
11326,11326,1,language science
11327,11327,4,natural science
11328,11328,12,language science
11329,11329,3,social science
11330,11330,2,natural science
11331,11331,5,natural science
11332,11332,3,natural science
11333,11333,8,natural science
11334,11334,5,natural science
11335,11335,4,social science
11336,11336,8,natural science
11337,11337,6,natural science
11338,11338,2,natural science
11339,11339,5,natural science
11340,11340,3,language science
11341,11341,7,language science
11342,11342,8,natural science
11343,11343,5,natural science
11344,11344,8,natural science
11345,11345,4,natural science
11346,11346,7,natural science
11347,11347,3,natural science
11348,11348,5,social science
11349,11349,3,natural science
11350,11350,5,language science
11351,11351,7,natural science
11352,11352,7,social science
11353,11353,4,social science
11354,11354,10,language science
11355,11355,9,language science
11356,11356,6,natural science
11357,11357,7,natural science
11358,11358,4,natural science
11359,11359,4,natural science
11360,11360,8,language science
11361,11361,4,natural science
11362,11362,7,language science
11363,11363,8,natural science
11364,11364,4,natural science
11365,11365,2,natural science
11366,11366,7,language science
11367,11367,10,language science
11368,11368,5,natural science
11369,11369,5,language science
11370,11370,4,language science
11371,11371,3,natural science
11372,11372,8,natural science
11373,11373,4,natural science
11374,11374,3,natural science
11375,11375,8,social science
11376,11376,6,natural science
11377,11377,6,natural science
11378,11378,8,social science
11379,11379,8,natural science
11380,11380,6,language science
11381,11381,7,social science
11382,11382,6,natural science
11383,11383,10,language science
11384,11384,6,natural science
11385,11385,7,natural science
11386,11386,11,language science
11387,11387,4,natural science
11388,11388,7,natural science
11389,11389,3,social science
11390,11390,10,language science
11391,11391,5,natural science
11392,11392,2,natural science
11393,11393,10,language science
11394,11394,2,social science
11395,11395,11,language science
11396,11396,7,natural science
11397,11397,9,language science
11398,11398,7,natural science
11399,11399,3,social science
11400,11400,7,natural science
11401,11401,5,social science
11402,11402,8,social science
11403,11403,3,natural science
11404,11404,2,natural science
11405,11405,7,social science
11406,11406,2,natural science
11407,11407,8,natural science
11408,11408,4,natural science
11409,11409,7,natural science
11410,11410,7,language science
11411,11411,3,social science
11412,11412,8,natural science
11413,11413,6,social science
11414,11414,6,natural science
11415,11415,7,natural science
11416,11416,6,natural science
11417,11417,11,language science
11418,11418,10,language science
11419,11419,7,social science
11420,11420,9,language science
11421,11421,5,natural science
11422,11422,5,natural science
11423,11423,7,social science
11424,11424,8,natural science
11425,11425,2,language science
11426,11426,10,language science
11427,11427,8,language science
11428,11428,7,language science
11429,11429,7,natural science
11430,11430,8,natural science
11431,11431,3,natural science
11432,11432,5,social science
11433,11433,5,social science
11434,11434,6,natural science
11435,11435,8,natural science
11436,11436,9,language science
11437,11437,6,natural science
11438,11438,4,natural science
11439,11439,8,natural science
11440,11440,5,social science
11441,11441,6,natural science
11442,11442,3,social science
11443,11443,3,natural science
11444,11444,12,language science
11445,11445,8,natural science
11446,11446,6,natural science
11447,11447,6,social science
11448,11448,6,natural science
11449,11449,3,natural science
11450,11450,2,language science
11451,11451,6,natural science
11452,11452,8,natural science
11453,11453,5,natural science
11454,11454,4,language science
11455,11455,3,natural science
11456,11456,7,natural science
11457,11457,7,language science
11458,11458,8,natural science
11459,11459,3,social science
11460,11460,5,social science
11461,11461,8,natural science
11462,11462,4,natural science
11463,11463,2,natural science
11464,11464,7,natural science
11465,11465,2,language science
11466,11466,12,language science
11467,11467,12,language science
11468,11468,5,social science
11469,11469,9,language science
11470,11470,6,natural science
11471,11471,7,natural science
11472,11472,5,language science
11473,11473,7,natural science
11474,11474,3,social science
11475,11475,10,language science
11476,11476,7,natural science
11477,11477,10,language science
11478,11478,4,natural science
11479,11479,6,natural science
11480,11480,8,natural science
11481,11481,8,natural science
11482,11482,7,natural science
11483,11483,6,language science
11484,11484,6,natural science
11485,11485,11,language science
11486,11486,5,natural science
11487,11487,3,natural science
11488,11488,7,natural science
11489,11489,5,language science
11490,11490,7,natural science
11491,11491,8,natural science
11492,11492,6,language science
11493,11493,8,natural science
11494,11494,12,language science
11495,11495,5,natural science
11496,11496,5,natural science
11497,11497,12,language science
11498,11498,4,social science
11499,11499,6,natural science
11500,11500,8,natural science
11501,11501,3,natural science
11502,11502,5,natural science
11503,11503,2,natural science
11504,11504,3,natural science
11505,11505,5,natural science
11506,11506,6,social science
11507,11507,4,social science
11508,11508,3,natural science
11509,11509,3,social science
11510,11510,6,natural science
11511,11511,7,social science
11512,11512,6,language science
11513,11513,2,language science
11514,11514,3,natural science
11515,11515,3,natural science
11516,11516,4,natural science
11517,11517,4,natural science
11518,11518,5,natural science
11519,11519,4,language science
11520,11520,5,natural science
11521,11521,6,social science
11522,11522,10,language science
11523,11523,6,natural science
11524,11524,4,natural science
11525,11525,5,social science
11526,11526,2,language science
11527,11527,2,natural science
11528,11528,3,natural science
11529,11529,3,social science
11530,11530,3,natural science
11531,11531,4,language science
11532,11532,7,natural science
11533,11533,4,social science
11534,11534,8,natural science
11535,11535,4,natural science
11536,11536,4,social science
11537,11537,4,social science
11538,11538,6,natural science
11539,11539,2,social science
11540,11540,7,natural science
11541,11541,6,social science
11542,11542,2,language science
11543,11543,2,social science
11544,11544,7,language science
11545,11545,6,natural science
11546,11546,4,natural science
11547,11547,4,natural science
11548,11548,10,language science
11549,11549,3,natural science
11550,11550,7,natural science
11551,11551,8,natural science
11552,11552,7,natural science
11553,11553,7,natural science
11554,11554,3,natural science
11555,11555,4,natural science
11556,11556,5,language science
11557,11557,3,natural science
11558,11558,7,social science
11559,11559,8,natural science
11560,11560,3,language science
11561,11561,2,natural science
11562,11562,10,language science
11563,11563,3,language science
11564,11564,3,natural science
11565,11565,5,natural science
11566,11566,5,natural science
11567,11567,11,language science
11568,11568,8,natural science
11569,11569,3,social science
11570,11570,3,social science
11571,11571,5,language science
11572,11572,7,social science
11573,11573,3,natural science
11574,11574,5,natural science
11575,11575,8,natural science
11576,11576,11,language science
11577,11577,5,social science
11578,11578,5,social science
11579,11579,4,natural science
11580,11580,5,social science
11581,11581,3,natural science
11582,11582,2,language science
11583,11583,8,natural science
11584,11584,2,natural science
11585,11585,7,language science
11586,11586,6,natural science
11587,11587,7,natural science
11588,11588,5,natural science
11589,11589,8,natural science
11590,11590,7,natural science
11591,11591,5,natural science
11592,11592,6,language science
11593,11593,2,natural science
11594,11594,10,language science
11595,11595,5,social science
11596,11596,3,natural science
11597,11597,5,natural science
11598,11598,8,natural science
11599,11599,5,social science
11600,11600,2,natural science
11601,11601,7,natural science
11602,11602,12,language science
11603,11603,3,natural science
11604,11604,4,social science
11605,11605,5,natural science
11606,11606,5,social science
11607,11607,6,social science
11608,11608,3,natural science
11609,11609,6,natural science
11610,11610,3,social science
11611,11611,7,language science
11612,11612,5,natural science
11613,11613,8,natural science
11614,11614,4,social science
11615,11615,7,social science
11616,11616,2,natural science
11617,11617,8,natural science
11618,11618,8,language science
11619,11619,5,social science
11620,11620,3,natural science
11621,11621,3,language science
11622,11622,7,natural science
11623,11623,6,natural science
11624,11624,8,natural science
11625,11625,5,social science
11626,11626,4,social science
11627,11627,8,social science
11628,11628,8,social science
11629,11629,5,language science
11630,11630,2,natural science
11631,11631,3,social science
11632,11632,12,language science
11633,11633,9,language science
11634,11634,3,social science
11635,11635,3,social science
11636,11636,5,social science
11637,11637,3,natural science
11638,11638,4,social science
11639,11639,3,natural science
11640,11640,12,language science
11641,11641,6,language science
11642,11642,3,social science
11643,11643,5,natural science
11644,11644,8,natural science
11645,11645,6,natural science
11646,11646,8,natural science
11647,11647,4,language science
11648,11648,10,language science
11649,11649,7,natural science
11650,11650,4,natural science
11651,11651,4,natural science
11652,11652,6,language science
11653,11653,2,natural science
11654,11654,10,language science
11655,11655,5,social science
11656,11656,6,social science
11657,11657,4,natural science
11658,11658,5,language science
11659,11659,4,language science
11660,11660,7,social science
11661,11661,7,social science
11662,11662,4,social science
11663,11663,12,language science
11664,11664,3,social science
11665,11665,11,language science
11666,11666,5,social science
11667,11667,6,natural science
11668,11668,2,natural science
11669,11669,4,natural science
11670,11670,5,natural science
11671,11671,4,natural science
11672,11672,11,language science
11673,11673,5,social science
11674,11674,3,natural science
11675,11675,8,social science
11676,11676,7,natural science
11677,11677,6,natural science
11678,11678,7,natural science
11679,11679,5,natural science
11680,11680,5,language science
11681,11681,8,natural science
11682,11682,2,natural science
11683,11683,4,language science
11684,11684,7,natural science
11685,11685,5,natural science
11686,11686,7,language science
11687,11687,6,natural science
11688,11688,3,natural science
11689,11689,7,natural science
11690,11690,4,natural science
11691,11691,5,natural science
11692,11692,3,language science
11693,11693,2,social science
11694,11694,4,language science
11695,11695,4,social science
11696,11696,7,social science
11697,11697,6,natural science
11698,11698,7,social science
11699,11699,3,natural science
11700,11700,8,natural science
11701,11701,11,language science
11702,11702,3,social science
11703,11703,9,language science
11704,11704,5,language science
11705,11705,12,language science
11706,11706,5,social science
11707,11707,6,social science
11708,11708,3,natural science
11709,11709,5,natural science
11710,11710,8,natural science
11711,11711,5,social science
11712,11712,7,social science
11713,11713,7,natural science
11714,11714,7,social science
11715,11715,4,natural science
11716,11716,4,natural science
11717,11717,3,natural science
11718,11718,7,natural science
11719,11719,2,natural science
11720,11720,2,natural science
11721,11721,6,natural science
11722,11722,6,natural science
11723,11723,5,social science
11724,11724,2,natural science
11725,11725,8,natural science
11726,11726,4,natural science
11727,11727,7,natural science
11728,11728,9,language science
11729,11729,4,social science
11730,11730,3,natural science
11731,11731,2,natural science
11732,11732,8,natural science
11733,11733,5,natural science
11734,11734,3,natural science
11735,11735,5,natural science
11736,11736,6,language science
11737,11737,7,natural science
11738,11738,8,natural science
11739,11739,7,language science
11740,11740,7,natural science
11741,11741,7,natural science
11742,11742,4,language science
11743,11743,4,natural science
11744,11744,3,natural science
11745,11745,7,natural science
11746,11746,7,natural science
11747,11747,8,natural science
11748,11748,7,natural science
11749,11749,2,social science
11750,11750,8,natural science
11751,11751,6,language science
11752,11752,2,natural science
11753,11753,7,social science
11754,11754,4,language science
11755,11755,6,natural science
11756,11756,10,language science
11757,11757,4,natural science
11758,11758,7,natural science
11759,11759,2,natural science
11760,11760,5,natural science
11761,11761,4,social science
11762,11762,8,social science
11763,11763,4,natural science
11764,11764,10,language science
11765,11765,4,natural science
11766,11766,2,natural science
11767,11767,8,natural science
11768,11768,3,natural science
11769,11769,6,social science
11770,11770,4,language science
11771,11771,4,natural science
11772,11772,7,natural science
11773,11773,11,language science
11774,11774,3,natural science
11775,11775,3,language science
11776,11776,7,social science
11777,11777,5,language science
11778,11778,5,natural science
11779,11779,9,language science
11780,11780,2,language science
11781,11781,3,language science
11782,11782,8,natural science
11783,11783,11,language science
11784,11784,7,natural science
11785,11785,3,natural science
11786,11786,8,natural science
11787,11787,2,language science
11788,11788,5,language science
11789,11789,7,natural science
11790,11790,7,natural science
11791,11791,6,natural science
11792,11792,7,natural science
11793,11793,6,natural science
11794,11794,8,social science
11795,11795,7,natural science
11796,11796,4,social science
11797,11797,4,social science
11798,11798,3,natural science
11799,11799,4,natural science
11800,11800,11,language science
11801,11801,11,language science
11802,11802,5,natural science
11803,11803,2,natural science
11804,11804,10,language science
11805,11805,4,social science
11806,11806,4,language science
11807,11807,4,natural science
11808,11808,5,social science
11809,11809,4,natural science
11810,11810,9,language science
11811,11811,3,natural science
11812,11812,2,natural science
11813,11813,6,natural science
11814,11814,8,social science
11815,11815,8,language science
11816,11816,2,natural science
11817,11817,10,language science
11818,11818,8,social science
11819,11819,6,natural science
11820,11820,8,social science
11821,11821,1,language science
11822,11822,5,social science
11823,11823,4,natural science
11824,11824,5,natural science
11825,11825,4,language science
11826,11826,10,language science
11827,11827,3,language science
11828,11828,3,language science
11829,11829,4,natural science
11830,11830,10,language science
11831,11831,2,natural science
11832,11832,8,natural science
11833,11833,8,social science
11834,11834,9,language science
11835,11835,10,language science
11836,11836,3,natural science
11837,11837,6,natural science
11838,11838,5,natural science
11839,11839,6,natural science
11840,11840,4,social science
11841,11841,3,language science
11842,11842,6,language science
11843,11843,6,natural science
11844,11844,8,natural science
11845,11845,7,natural science
11846,11846,5,natural science
11847,11847,2,natural science
11848,11848,5,natural science
11849,11849,6,language science
11850,11850,6,natural science
11851,11851,10,language science
11852,11852,3,natural science
11853,11853,10,language science
11854,11854,4,natural science
11855,11855,7,social science
11856,11856,2,language science
11857,11857,4,natural science
11858,11858,12,language science
11859,11859,4,language science
11860,11860,3,natural science
11861,11861,8,natural science
11862,11862,2,language science
11863,11863,12,language science
11864,11864,5,social science
11865,11865,4,natural science
11866,11866,4,natural science
11867,11867,5,social science
11868,11868,5,natural science
11869,11869,5,language science
11870,11870,7,natural science
11871,11871,4,social science
11872,11872,9,language science
11873,11873,6,natural science
11874,11874,7,natural science
11875,11875,7,natural science
11876,11876,8,natural science
11877,11877,4,natural science
11878,11878,3,natural science
11879,11879,2,natural science
11880,11880,4,natural science
11881,11881,7,language science
11882,11882,4,social science
11883,11883,6,natural science
11884,11884,6,language science
11885,11885,4,language science
11886,11886,7,natural science
11887,11887,6,language science
11888,11888,6,natural science
11889,11889,2,natural science
11890,11890,4,social science
11891,11891,11,language science
11892,11892,8,natural science
11893,11893,6,natural science
11894,11894,6,natural science
11895,11895,4,natural science
11896,11896,4,language science
11897,11897,5,social science
11898,11898,3,social science
11899,11899,4,natural science
11900,11900,8,natural science
11901,11901,3,natural science
11902,11902,6,natural science
11903,11903,5,social science
11904,11904,4,natural science
11905,11905,2,natural science
11906,11906,2,natural science
11907,11907,11,language science
11908,11908,2,natural science
11909,11909,8,language science
11910,11910,4,natural science
11911,11911,5,natural science
11912,11912,7,natural science
11913,11913,4,social science
11914,11914,5,social science
11915,11915,7,natural science
11916,11916,4,natural science
11917,11917,3,social science
11918,11918,4,social science
11919,11919,4,natural science
11920,11920,10,language science
11921,11921,5,social science
11922,11922,2,natural science
11923,11923,6,natural science
11924,11924,2,natural science
11925,11925,2,natural science
11926,11926,3,social science
11927,11927,5,social science
11928,11928,8,natural science
11929,11929,6,natural science
11930,11930,5,social science
11931,11931,11,language science
11932,11932,8,natural science
11933,11933,4,natural science
11934,11934,6,natural science
11935,11935,11,language science
11936,11936,5,social science
11937,11937,3,social science
11938,11938,7,social science
11939,11939,3,natural science
11940,11940,9,language science
11941,11941,2,natural science
11942,11942,6,natural science
11943,11943,3,natural science
11944,11944,6,language science
11945,11945,6,natural science
11946,11946,12,language science
11947,11947,5,natural science
11948,11948,4,social science
11949,11949,7,natural science
11950,11950,7,natural science
11951,11951,7,language science
11952,11952,5,natural science
11953,11953,4,natural science
11954,11954,3,natural science
11955,11955,6,social science
11956,11956,5,natural science
11957,11957,8,natural science
11958,11958,7,natural science
11959,11959,5,language science
11960,11960,3,language science
11961,11961,3,natural science
11962,11962,8,language science
11963,11963,5,natural science
11964,11964,6,language science
11965,11965,4,natural science
11966,11966,7,natural science
11967,11967,6,natural science
11968,11968,8,social science
11969,11969,4,natural science
11970,11970,4,social science
11971,11971,5,language science
11972,11972,5,natural science
11973,11973,7,social science
11974,11974,3,natural science
11975,11975,5,social science
11976,11976,5,social science
11977,11977,6,natural science
11978,11978,11,language science
11979,11979,11,language science
11980,11980,6,natural science
11981,11981,8,language science
11982,11982,7,social science
11983,11983,5,social science
11984,11984,2,natural science
11985,11985,8,natural science
11986,11986,4,language science
11987,11987,11,language science
11988,11988,8,natural science
11989,11989,5,language science
11990,11990,11,language science
11991,11991,5,language science
11992,11992,2,natural science
11993,11993,3,natural science
11994,11994,4,language science
11995,11995,4,natural science
11996,11996,6,natural science
11997,11997,4,social science
11998,11998,6,social science
11999,11999,4,social science
12000,12000,5,social science
12001,12001,8,natural science
12002,12002,3,natural science
12003,12003,3,natural science
12004,12004,5,social science
12005,12005,9,language science
12006,12006,5,natural science
12007,12007,11,language science
12008,12008,7,natural science
12009,12009,2,natural science
12010,12010,7,natural science
12011,12011,7,natural science
12012,12012,2,language science
12013,12013,3,natural science
12014,12014,9,language science
12015,12015,8,natural science
12016,12016,8,natural science
12017,12017,2,natural science
12018,12018,6,language science
12019,12019,5,social science
12020,12020,5,natural science
12021,12021,4,natural science
12022,12022,4,natural science
12023,12023,3,language science
12024,12024,10,language science
12025,12025,7,natural science
12026,12026,8,social science
12027,12027,5,natural science
12028,12028,2,language science
12029,12029,4,language science
12030,12030,6,natural science
12031,12031,4,natural science
12032,12032,3,natural science
12033,12033,8,natural science
12034,12034,5,social science
12035,12035,9,language science
12036,12036,5,social science
12037,12037,4,natural science
12038,12038,5,natural science
12039,12039,4,natural science
12040,12040,2,natural science
12041,12041,10,language science
12042,12042,5,natural science
12043,12043,11,language science
12044,12044,2,natural science
12045,12045,5,language science
12046,12046,5,social science
12047,12047,8,social science
12048,12048,3,language science
12049,12049,7,natural science
12050,12050,11,language science
12051,12051,8,natural science
12052,12052,7,natural science
12053,12053,7,social science
12054,12054,4,social science
12055,12055,3,natural science
12056,12056,7,natural science
12057,12057,5,natural science
12058,12058,8,natural science
12059,12059,8,social science
12060,12060,2,natural science
12061,12061,4,social science
12062,12062,4,language science
12063,12063,7,natural science
12064,12064,5,natural science
12065,12065,6,natural science
12066,12066,2,natural science
12067,12067,4,natural science
12068,12068,4,language science
12069,12069,3,natural science
12070,12070,3,natural science
12071,12071,6,natural science
12072,12072,7,natural science
12073,12073,6,natural science
12074,12074,5,natural science
12075,12075,5,social science
12076,12076,3,natural science
12077,12077,6,natural science
12078,12078,8,natural science
12079,12079,6,natural science
12080,12080,11,language science
12081,12081,4,social science
12082,12082,4,social science
12083,12083,3,natural science
12084,12084,3,social science
12085,12085,8,social science
12086,12086,7,language science
12087,12087,3,natural science
12088,12088,6,social science
12089,12089,8,social science
12090,12090,9,language science
12091,12091,2,natural science
12092,12092,3,language science
12093,12093,4,natural science
12094,12094,3,language science
12095,12095,7,natural science
12096,12096,3,social science
12097,12097,3,language science
12098,12098,3,natural science
12099,12099,7,natural science
12100,12100,4,natural science
12101,12101,1,language science
12102,12102,4,language science
12103,12103,7,language science
12104,12104,4,social science
12105,12105,5,natural science
12106,12106,7,natural science
12107,12107,4,natural science
12108,12108,5,social science
12109,12109,6,natural science
12110,12110,3,social science
12111,12111,6,language science
12112,12112,4,language science
12113,12113,8,natural science
12114,12114,6,natural science
12115,12115,4,natural science
12116,12116,8,natural science
12117,12117,6,social science
12118,12118,5,natural science
12119,12119,3,social science
12120,12120,4,language science
12121,12121,8,natural science
12122,12122,7,natural science
12123,12123,7,natural science
12124,12124,5,natural science
12125,12125,10,language science
12126,12126,5,social science
12127,12127,7,social science
12128,12128,2,natural science
12129,12129,4,natural science
12130,12130,6,natural science
12131,12131,5,natural science
12132,12132,3,social science
12133,12133,3,social science
12134,12134,3,natural science
12135,12135,5,social science
12136,12136,4,natural science
12137,12137,4,natural science
12138,12138,3,natural science
12139,12139,5,natural science
12140,12140,10,language science
12141,12141,6,natural science
12142,12142,4,natural science
12143,12143,8,natural science
12144,12144,5,natural science
12145,12145,3,social science
12146,12146,2,natural science
12147,12147,4,social science
12148,12148,3,natural science
12149,12149,2,social science
12150,12150,3,natural science
12151,12151,4,natural science
12152,12152,2,natural science
12153,12153,5,social science
12154,12154,5,language science
12155,12155,4,social science
12156,12156,2,natural science
12157,12157,8,language science
12158,12158,11,language science
12159,12159,8,natural science
12160,12160,6,social science
12161,12161,7,natural science
12162,12162,5,natural science
12163,12163,4,natural science
12164,12164,4,social science
12165,12165,9,language science
12166,12166,6,natural science
12167,12167,7,natural science
12168,12168,7,natural science
12169,12169,4,social science
12170,12170,4,social science
12171,12171,10,language science
12172,12172,2,language science
12173,12173,5,natural science
12174,12174,3,social science
12175,12175,8,social science
12176,12176,5,social science
12177,12177,6,social science
12178,12178,6,natural science
12179,12179,8,natural science
12180,12180,4,social science
12181,12181,4,natural science
12182,12182,7,natural science
12183,12183,7,language science
12184,12184,1,language science
12185,12185,5,natural science
12186,12186,4,natural science
12187,12187,7,social science
12188,12188,7,natural science
12189,12189,3,natural science
12190,12190,7,natural science
12191,12191,4,natural science
12192,12192,1,language science
12193,12193,6,natural science
12194,12194,5,natural science
12195,12195,2,social science
12196,12196,6,language science
12197,12197,8,natural science
12198,12198,3,language science
12199,12199,4,natural science
12200,12200,8,natural science
12201,12201,6,natural science
12202,12202,11,language science
12203,12203,2,natural science
12204,12204,4,language science
12205,12205,3,natural science
12206,12206,6,natural science
12207,12207,10,language science
12208,12208,5,natural science
12209,12209,10,language science
12210,12210,9,language science
12211,12211,3,natural science
12212,12212,7,natural science
12213,12213,11,language science
12214,12214,6,language science
12215,12215,1,language science
12216,12216,6,natural science
12217,12217,4,social science
12218,12218,6,natural science
12219,12219,3,language science
12220,12220,3,natural science
12221,12221,5,social science
12222,12222,6,natural science
12223,12223,7,language science
12224,12224,3,natural science
12225,12225,6,language science
12226,12226,8,natural science
12227,12227,7,natural science
12228,12228,4,social science
12229,12229,5,natural science
12230,12230,8,natural science
12231,12231,7,language science
12232,12232,3,natural science
12233,12233,7,natural science
12234,12234,3,natural science
12235,12235,10,language science
12236,12236,10,language science
12237,12237,4,natural science
12238,12238,3,natural science
12239,12239,4,natural science
12240,12240,8,language science
12241,12241,3,social science
12242,12242,5,language science
12243,12243,5,natural science
12244,12244,3,social science
12245,12245,3,natural science
12246,12246,3,natural science
12247,12247,7,language science
12248,12248,4,social science
12249,12249,4,natural science
12250,12250,4,natural science
12251,12251,8,natural science
12252,12252,7,natural science
12253,12253,2,natural science
12254,12254,7,language science
12255,12255,8,social science
12256,12256,2,natural science
12257,12257,5,natural science
12258,12258,4,social science
12259,12259,4,natural science
12260,12260,6,social science
12261,12261,4,social science
12262,12262,6,natural science
12263,12263,8,language science
12264,12264,4,natural science
12265,12265,6,natural science
12266,12266,9,language science
12267,12267,4,natural science
12268,12268,3,language science
12269,12269,3,natural science
12270,12270,8,social science
12271,12271,5,social science
12272,12272,4,social science
12273,12273,2,natural science
12274,12274,8,natural science
12275,12275,12,language science
12276,12276,3,social science
12277,12277,4,social science
12278,12278,2,natural science
12279,12279,3,natural science
12280,12280,8,natural science
12281,12281,3,language science
12282,12282,5,natural science
12283,12283,4,language science
12284,12284,6,natural science
12285,12285,3,natural science
12286,12286,3,natural science
12287,12287,4,social science
12288,12288,10,language science
12289,12289,3,language science
12290,12290,7,language science
12291,12291,10,language science
12292,12292,7,natural science
12293,12293,3,language science
12294,12294,10,language science
12295,12295,5,social science
12296,12296,7,natural science
12297,12297,7,language science
12298,12298,3,natural science
12299,12299,7,natural science
12300,12300,4,natural science
12301,12301,4,natural science
12302,12302,11,language science
12303,12303,7,natural science
12304,12304,5,language science
12305,12305,6,natural science
12306,12306,12,language science
12307,12307,8,natural science
12308,12308,8,social science
12309,12309,4,natural science
12310,12310,8,natural science
12311,12311,7,language science
12312,12312,4,language science
12313,12313,7,natural science
12314,12314,6,natural science
12315,12315,3,social science
12316,12316,5,natural science
12317,12317,4,natural science
12318,12318,5,natural science
12319,12319,4,natural science
12320,12320,4,natural science
12321,12321,3,natural science
12322,12322,4,natural science
12323,12323,5,natural science
12324,12324,8,natural science
12325,12325,3,social science
12326,12326,3,natural science
12327,12327,3,language science
12328,12328,6,natural science
12329,12329,7,natural science
12330,12330,7,natural science
12331,12331,8,natural science
12332,12332,2,natural science
12333,12333,2,social science
12334,12334,4,language science
12335,12335,7,natural science
12336,12336,8,natural science
12337,12337,6,natural science
12338,12338,8,natural science
12339,12339,3,natural science
12340,12340,5,natural science
12341,12341,4,natural science
12342,12342,9,language science
12343,12343,11,language science
12344,12344,4,language science
12345,12345,8,social science
12346,12346,8,natural science
12347,12347,3,social science
12348,12348,5,natural science
12349,12349,7,natural science
12350,12350,7,natural science
12351,12351,7,natural science
12352,12352,5,natural science
12353,12353,4,language science
12354,12354,3,natural science
12355,12355,7,natural science
12356,12356,6,natural science
12357,12357,5,social science
12358,12358,4,natural science
12359,12359,8,natural science
12360,12360,8,natural science
12361,12361,4,natural science
12362,12362,4,natural science
12363,12363,6,language science
12364,12364,2,natural science
12365,12365,4,natural science
12366,12366,4,social science
12367,12367,6,social science
12368,12368,7,social science
12369,12369,7,natural science
12370,12370,11,language science
12371,12371,4,natural science
12372,12372,3,natural science
12373,12373,8,natural science
12374,12374,8,natural science
12375,12375,4,social science
12376,12376,6,natural science
12377,12377,2,language science
12378,12378,4,social science
12379,12379,7,natural science
12380,12380,4,social science
12381,12381,7,natural science
12382,12382,3,language science
12383,12383,4,social science
12384,12384,5,social science
12385,12385,4,social science
12386,12386,10,language science
12387,12387,7,social science
12388,12388,4,social science
12389,12389,6,social science
12390,12390,10,language science
12391,12391,7,social science
12392,12392,5,language science
12393,12393,3,natural science
12394,12394,11,language science
12395,12395,6,natural science
12396,12396,10,language science
12397,12397,6,social science
12398,12398,11,language science
12399,12399,4,natural science
12400,12400,8,natural science
12401,12401,5,natural science
12402,12402,6,language science
12403,12403,7,social science
12404,12404,3,natural science
12405,12405,5,language science
12406,12406,8,natural science
12407,12407,7,natural science
12408,12408,4,social science
12409,12409,5,natural science
12410,12410,7,natural science
12411,12411,5,natural science
12412,12412,5,natural science
12413,12413,4,social science
12414,12414,4,language science
12415,12415,8,social science
12416,12416,8,natural science
12417,12417,6,language science
12418,12418,8,natural science
12419,12419,5,social science
12420,12420,8,natural science
12421,12421,4,language science
12422,12422,4,social science
12423,12423,7,natural science
12424,12424,3,natural science
12425,12425,6,natural science
12426,12426,5,natural science
12427,12427,5,natural science
12428,12428,6,natural science
12429,12429,5,natural science
12430,12430,7,natural science
12431,12431,8,natural science
12432,12432,3,natural science
12433,12433,6,natural science
12434,12434,11,language science
12435,12435,9,language science
12436,12436,5,natural science
12437,12437,5,social science
12438,12438,4,natural science
12439,12439,6,natural science
12440,12440,8,natural science
12441,12441,12,language science
12442,12442,6,social science
12443,12443,6,natural science
12444,12444,4,social science
12445,12445,3,social science
12446,12446,4,natural science
12447,12447,3,natural science
12448,12448,8,language science
12449,12449,12,language science
12450,12450,6,natural science
12451,12451,2,natural science
12452,12452,8,natural science
12453,12453,10,language science
12454,12454,6,natural science
12455,12455,5,social science
12456,12456,5,natural science
12457,12457,7,natural science
12458,12458,9,language science
12459,12459,4,natural science
12460,12460,7,natural science
12461,12461,4,language science
12462,12462,7,language science
12463,12463,4,natural science
12464,12464,5,social science
12465,12465,9,language science
12466,12466,5,natural science
12467,12467,8,social science
12468,12468,2,natural science
12469,12469,7,natural science
12470,12470,7,language science
12471,12471,6,language science
12472,12472,4,natural science
12473,12473,6,social science
12474,12474,5,natural science
12475,12475,4,language science
12476,12476,7,natural science
12477,12477,6,natural science
12478,12478,3,language science
12479,12479,7,natural science
12480,12480,4,social science
12481,12481,4,natural science
12482,12482,5,natural science
12483,12483,4,language science
12484,12484,4,natural science
12485,12485,9,language science
12486,12486,5,natural science
12487,12487,6,natural science
12488,12488,2,natural science
12489,12489,6,natural science
12490,12490,11,language science
12491,12491,2,social science
12492,12492,8,natural science
12493,12493,12,language science
12494,12494,5,natural science
12495,12495,8,social science
12496,12496,3,natural science
12497,12497,4,language science
12498,12498,10,language science
12499,12499,8,natural science
12500,12500,8,natural science
12501,12501,5,language science
12502,12502,3,natural science
12503,12503,4,natural science
12504,12504,3,natural science
12505,12505,3,natural science
12506,12506,5,natural science
12507,12507,5,language science
12508,12508,7,social science
12509,12509,5,language science
12510,12510,5,language science
12511,12511,12,language science
12512,12512,3,natural science
12513,12513,4,natural science
12514,12514,9,language science
12515,12515,5,natural science
12516,12516,8,language science
12517,12517,5,social science
12518,12518,3,social science
12519,12519,8,natural science
12520,12520,5,natural science
12521,12521,7,natural science
12522,12522,3,natural science
12523,12523,11,language science
12524,12524,4,natural science
12525,12525,2,natural science
12526,12526,5,language science
12527,12527,6,natural science
12528,12528,7,social science
12529,12529,6,social science
12530,12530,6,natural science
12531,12531,5,social science
12532,12532,3,social science
12533,12533,8,natural science
12534,12534,7,social science
12535,12535,4,social science
12536,12536,2,natural science
12537,12537,6,natural science
12538,12538,6,natural science
12539,12539,12,language science
12540,12540,10,language science
12541,12541,4,natural science
12542,12542,6,natural science
12543,12543,2,language science
12544,12544,6,natural science
12545,12545,8,natural science
12546,12546,7,natural science
12547,12547,10,language science
12548,12548,5,natural science
12549,12549,8,natural science
12550,12550,8,natural science
12551,12551,6,language science
12552,12552,2,social science
12553,12553,8,natural science
12554,12554,8,natural science
12555,12555,10,language science
12556,12556,6,natural science
12557,12557,4,natural science
12558,12558,7,natural science
12559,12559,6,natural science
12560,12560,5,social science
12561,12561,5,natural science
12562,12562,10,language science
12563,12563,7,natural science
12564,12564,8,social science
12565,12565,8,language science
12566,12566,5,natural science
12567,12567,8,natural science
12568,12568,5,social science
12569,12569,2,natural science
12570,12570,3,social science
12571,12571,7,natural science
12572,12572,6,language science
12573,12573,4,social science
12574,12574,5,natural science
12575,12575,8,natural science
12576,12576,6,natural science
12577,12577,4,natural science
12578,12578,7,natural science
12579,12579,8,natural science
12580,12580,4,natural science
12581,12581,5,natural science
12582,12582,6,natural science
12583,12583,3,natural science
12584,12584,6,social science
12585,12585,2,natural science
12586,12586,7,natural science
12587,12587,2,social science
12588,12588,4,social science
12589,12589,3,natural science
12590,12590,4,language science
12591,12591,7,language science
12592,12592,8,natural science
12593,12593,8,social science
12594,12594,12,language science
12595,12595,7,natural science
12596,12596,4,natural science
12597,12597,7,natural science
12598,12598,3,social science
12599,12599,5,natural science
12600,12600,2,language science
12601,12601,7,natural science
12602,12602,8,social science
12603,12603,4,social science
12604,12604,7,natural science
12605,12605,7,language science
12606,12606,3,natural science
12607,12607,4,language science
12608,12608,7,social science
12609,12609,2,language science
12610,12610,4,natural science
12611,12611,5,social science
12612,12612,3,natural science
12613,12613,12,language science
12614,12614,8,natural science
12615,12615,2,language science
12616,12616,11,language science
12617,12617,2,natural science
12618,12618,3,natural science
12619,12619,7,natural science
12620,12620,9,language science
12621,12621,4,social science
12622,12622,3,natural science
12623,12623,5,natural science
12624,12624,3,natural science
12625,12625,5,natural science
12626,12626,2,language science
12627,12627,11,language science
12628,12628,3,social science
12629,12629,7,language science
12630,12630,11,language science
12631,12631,6,natural science
12632,12632,4,natural science
12633,12633,6,natural science
12634,12634,5,natural science
12635,12635,3,natural science
12636,12636,8,natural science
12637,12637,8,natural science
12638,12638,8,natural science
12639,12639,9,language science
12640,12640,6,natural science
12641,12641,3,natural science
12642,12642,3,social science
12643,12643,5,language science
12644,12644,4,social science
12645,12645,4,natural science
12646,12646,4,language science
12647,12647,3,natural science
12648,12648,8,natural science
12649,12649,10,language science
12650,12650,2,natural science
12651,12651,6,language science
12652,12652,3,natural science
12653,12653,6,social science
12654,12654,3,natural science
12655,12655,3,social science
12656,12656,2,natural science
12657,12657,2,natural science
12658,12658,3,natural science
12659,12659,5,natural science
12660,12660,11,language science
12661,12661,1,language science
12662,12662,4,natural science
12663,12663,7,social science
12664,12664,8,natural science
12665,12665,6,natural science
12666,12666,8,social science
12667,12667,5,natural science
12668,12668,7,natural science
12669,12669,2,social science
12670,12670,9,language science
12671,12671,5,social science
12672,12672,8,language science
12673,12673,5,social science
12674,12674,5,natural science
12675,12675,5,natural science
12676,12676,2,social science
12677,12677,7,natural science
12678,12678,5,natural science
12679,12679,8,natural science
12680,12680,9,language science
12681,12681,3,natural science
12682,12682,3,natural science
12683,12683,3,language science
12684,12684,3,language science
12685,12685,4,natural science
12686,12686,4,natural science
12687,12687,4,natural science
12688,12688,4,social science
12689,12689,4,social science
12690,12690,6,natural science
12691,12691,8,natural science
12692,12692,7,language science
12693,12693,3,social science
12694,12694,7,language science
12695,12695,5,natural science
12696,12696,5,social science
12697,12697,5,natural science
12698,12698,11,language science
12699,12699,3,natural science
12700,12700,12,language science
12701,12701,10,language science
12702,12702,5,social science
12703,12703,8,language science
12704,12704,4,natural science
12705,12705,4,natural science
12706,12706,10,language science
12707,12707,4,social science
12708,12708,5,social science
12709,12709,6,natural science
12710,12710,4,natural science
12711,12711,7,natural science
12712,12712,6,natural science
12713,12713,6,natural science
12714,12714,4,language science
12715,12715,8,natural science
12716,12716,5,social science
12717,12717,7,natural science
12718,12718,8,natural science
12719,12719,8,language science
12720,12720,4,natural science
12721,12721,2,natural science
12722,12722,5,natural science
12723,12723,3,social science
12724,12724,7,language science
12725,12725,6,natural science
12726,12726,11,language science
12727,12727,4,natural science
12728,12728,4,language science
12729,12729,7,social science
12730,12730,5,social science
12731,12731,5,social science
12732,12732,5,social science
12733,12733,7,natural science
12734,12734,7,natural science
12735,12735,7,natural science
12736,12736,3,natural science
12737,12737,3,language science
12738,12738,4,language science
12739,12739,5,natural science
12740,12740,10,language science
12741,12741,12,language science
12742,12742,2,natural science
12743,12743,8,language science
12744,12744,6,social science
12745,12745,4,social science
12746,12746,4,language science
12747,12747,1,language science
12748,12748,6,natural science
12749,12749,4,social science
12750,12750,6,natural science
12751,12751,12,language science
12752,12752,6,natural science
12753,12753,6,natural science
12754,12754,5,natural science
12755,12755,10,language science
12756,12756,2,language science
12757,12757,8,natural science
12758,12758,10,language science
12759,12759,2,natural science
12760,12760,2,natural science
12761,12761,6,natural science
12762,12762,4,natural science
12763,12763,7,social science
12764,12764,4,natural science
12765,12765,3,language science
12766,12766,4,natural science
12767,12767,7,language science
12768,12768,3,natural science
12769,12769,3,natural science
12770,12770,6,natural science
12771,12771,4,natural science
12772,12772,4,natural science
12773,12773,4,natural science
12774,12774,4,social science
12775,12775,4,natural science
12776,12776,3,natural science
12777,12777,4,natural science
12778,12778,7,natural science
12779,12779,7,natural science
12780,12780,4,social science
12781,12781,8,natural science
12782,12782,8,language science
12783,12783,6,natural science
12784,12784,3,language science
12785,12785,7,natural science
12786,12786,3,natural science
12787,12787,5,social science
12788,12788,6,natural science
12789,12789,5,natural science
12790,12790,2,language science
12791,12791,9,language science
12792,12792,4,natural science
12793,12793,10,language science
12794,12794,6,natural science
12795,12795,6,natural science
12796,12796,6,natural science
12797,12797,8,natural science
12798,12798,4,natural science
12799,12799,4,social science
12800,12800,8,natural science
12801,12801,2,natural science
12802,12802,8,natural science
12803,12803,4,social science
12804,12804,5,natural science
12805,12805,4,social science
12806,12806,8,natural science
12807,12807,3,natural science
12808,12808,8,natural science
12809,12809,4,natural science
12810,12810,1,language science
12811,12811,4,natural science
12812,12812,6,natural science
12813,12813,7,natural science
12814,12814,4,natural science
12815,12815,8,social science
12816,12816,5,natural science
12817,12817,5,natural science
12818,12818,5,language science
12819,12819,2,language science
12820,12820,3,natural science
12821,12821,6,natural science
12822,12822,3,social science
12823,12823,4,natural science
12824,12824,4,natural science
12825,12825,9,language science
12826,12826,6,language science
12827,12827,4,social science
12828,12828,4,language science
12829,12829,5,natural science
12830,12830,6,natural science
12831,12831,3,language science
12832,12832,6,language science
12833,12833,4,natural science
12834,12834,4,social science
12835,12835,8,natural science
12836,12836,3,language science
12837,12837,8,social science
12838,12838,8,natural science
12839,12839,4,social science
12840,12840,7,natural science
12841,12841,4,natural science
12842,12842,4,social science
12843,12843,2,natural science
12844,12844,6,social science
12845,12845,4,natural science
12846,12846,8,social science
12847,12847,4,natural science
12848,12848,7,natural science
12849,12849,8,natural science
12850,12850,3,natural science
12851,12851,6,natural science
12852,12852,10,language science
12853,12853,5,social science
12854,12854,6,natural science
12855,12855,3,natural science
12856,12856,5,social science
12857,12857,10,language science
12858,12858,5,natural science
12859,12859,6,social science
12860,12860,2,natural science
12861,12861,7,natural science
12862,12862,6,natural science
12863,12863,5,social science
12864,12864,3,natural science
12865,12865,7,natural science
12866,12866,6,natural science
12867,12867,6,natural science
12868,12868,11,language science
12869,12869,4,natural science
12870,12870,4,language science
12871,12871,5,natural science
12872,12872,4,natural science
12873,12873,9,language science
12874,12874,3,language science
12875,12875,5,natural science
12876,12876,11,language science
12877,12877,11,language science
12878,12878,5,natural science
12879,12879,6,social science
12880,12880,7,natural science
12881,12881,7,natural science
12882,12882,4,language science
12883,12883,4,natural science
12884,12884,3,language science
12885,12885,3,natural science
12886,12886,4,natural science
12887,12887,8,social science
12888,12888,4,social science
12889,12889,2,natural science
12890,12890,5,social science
12891,12891,5,natural science
12892,12892,4,natural science
12893,12893,3,natural science
12894,12894,8,natural science
12895,12895,4,natural science
12896,12896,8,language science
12897,12897,5,social science
12898,12898,2,natural science
12899,12899,9,language science
12900,12900,8,natural science
12901,12901,9,language science
12902,12902,5,natural science
12903,12903,3,social science
12904,12904,6,language science
12905,12905,7,social science
12906,12906,8,natural science
12907,12907,3,natural science
12908,12908,6,natural science
12909,12909,5,social science
12910,12910,7,natural science
12911,12911,7,natural science
12912,12912,10,language science
12913,12913,4,natural science
12914,12914,7,natural science
12915,12915,4,social science
12916,12916,4,social science
12917,12917,8,natural science
12918,12918,6,natural science
12919,12919,2,natural science
12920,12920,2,natural science
12921,12921,2,natural science
12922,12922,4,natural science
12923,12923,2,language science
12924,12924,4,social science
12925,12925,11,language science
12926,12926,6,natural science
12927,12927,4,language science
12928,12928,8,natural science
12929,12929,6,social science
12930,12930,2,social science
12931,12931,8,natural science
12932,12932,6,natural science
12933,12933,11,language science
12934,12934,3,natural science
12935,12935,8,natural science
12936,12936,4,natural science
12937,12937,8,natural science
12938,12938,4,social science
12939,12939,2,social science
12940,12940,8,natural science
12941,12941,2,natural science
12942,12942,2,natural science
12943,12943,4,social science
12944,12944,6,natural science
12945,12945,2,natural science
12946,12946,3,natural science
12947,12947,8,natural science
12948,12948,7,language science
12949,12949,9,language science
12950,12950,12,language science
12951,12951,6,natural science
12952,12952,5,natural science
12953,12953,8,natural science
12954,12954,3,natural science
12955,12955,5,social science
12956,12956,8,natural science
12957,12957,3,language science
12958,12958,2,social science
12959,12959,8,natural science
12960,12960,10,language science
12961,12961,8,social science
12962,12962,7,natural science
12963,12963,5,social science
12964,12964,5,natural science
12965,12965,8,natural science
12966,12966,5,language science
12967,12967,4,language science
12968,12968,5,natural science
12969,12969,8,natural science
12970,12970,10,language science
12971,12971,8,social science
12972,12972,4,natural science
12973,12973,6,social science
12974,12974,7,natural science
12975,12975,8,social science
12976,12976,9,language science
12977,12977,7,natural science
12978,12978,9,language science
12979,12979,5,social science
12980,12980,3,natural science
12981,12981,4,natural science
12982,12982,4,natural science
12983,12983,6,social science
12984,12984,5,social science
12985,12985,5,social science
12986,12986,2,language science
12987,12987,4,natural science
12988,12988,5,social science
12989,12989,8,natural science
12990,12990,7,language science
12991,12991,4,natural science
12992,12992,2,language science
12993,12993,7,natural science
12994,12994,5,social science
12995,12995,5,social science
12996,12996,4,natural science
12997,12997,6,language science
12998,12998,2,language science
12999,12999,3,language science
13000,13000,10,language science
13001,13001,5,natural science
13002,13002,11,language science
13003,13003,8,natural science
13004,13004,8,natural science
13005,13005,5,natural science
13006,13006,11,language science
13007,13007,7,natural science
13008,13008,6,natural science
13009,13009,8,social science
13010,13010,6,social science
13011,13011,3,social science
13012,13012,7,natural science
13013,13013,4,natural science
13014,13014,7,natural science
13015,13015,2,language science
13016,13016,5,social science
13017,13017,3,social science
13018,13018,7,natural science
13019,13019,7,social science
13020,13020,1,language science
13021,13021,5,social science
13022,13022,8,social science
13023,13023,12,language science
13024,13024,4,social science
13025,13025,7,natural science
13026,13026,5,language science
13027,13027,3,language science
13028,13028,3,natural science
13029,13029,5,social science
13030,13030,8,natural science
13031,13031,3,language science
13032,13032,3,natural science
13033,13033,3,natural science
13034,13034,3,natural science
13035,13035,8,language science
13036,13036,8,natural science
13037,13037,3,natural science
13038,13038,7,natural science
13039,13039,7,language science
13040,13040,4,natural science
13041,13041,3,language science
13042,13042,2,natural science
13043,13043,7,language science
13044,13044,4,social science
13045,13045,8,social science
13046,13046,7,language science
13047,13047,8,social science
13048,13048,6,natural science
13049,13049,5,social science
13050,13050,7,social science
13051,13051,6,natural science
13052,13052,7,natural science
13053,13053,5,natural science
13054,13054,6,natural science
13055,13055,11,language science
13056,13056,6,language science
13057,13057,4,natural science
13058,13058,6,natural science
13059,13059,10,language science
13060,13060,6,natural science
13061,13061,5,natural science
13062,13062,2,natural science
13063,13063,7,natural science
13064,13064,5,natural science
13065,13065,10,language science
13066,13066,2,natural science
13067,13067,3,social science
13068,13068,6,language science
13069,13069,8,natural science
13070,13070,6,language science
13071,13071,5,language science
13072,13072,8,natural science
13073,13073,3,natural science
13074,13074,8,language science
13075,13075,5,social science
13076,13076,3,natural science
13077,13077,3,natural science
13078,13078,5,natural science
13079,13079,3,natural science
13080,13080,6,natural science
13081,13081,4,natural science
13082,13082,4,social science
13083,13083,12,language science
13084,13084,4,natural science
13085,13085,6,natural science
13086,13086,6,natural science
13087,13087,9,language science
13088,13088,4,language science
13089,13089,8,natural science
13090,13090,6,natural science
13091,13091,4,social science
13092,13092,6,natural science
13093,13093,4,natural science
13094,13094,2,natural science
13095,13095,4,social science
13096,13096,6,language science
13097,13097,6,natural science
13098,13098,3,natural science
13099,13099,2,natural science
13100,13100,2,social science
13101,13101,3,natural science
13102,13102,8,natural science
13103,13103,7,natural science
13104,13104,4,natural science
13105,13105,6,social science
13106,13106,10,language science
13107,13107,3,natural science
13108,13108,3,social science
13109,13109,6,natural science
13110,13110,9,language science
13111,13111,8,natural science
13112,13112,1,language science
13113,13113,5,natural science
13114,13114,8,natural science
13115,13115,10,language science
13116,13116,9,language science
13117,13117,5,social science
13118,13118,5,social science
13119,13119,4,natural science
13120,13120,2,social science
13121,13121,5,social science
13122,13122,7,natural science
13123,13123,5,natural science
13124,13124,5,language science
13125,13125,7,natural science
13126,13126,6,natural science
13127,13127,6,natural science
13128,13128,9,language science
13129,13129,3,natural science
13130,13130,7,natural science
13131,13131,2,natural science
13132,13132,2,language science
13133,13133,3,language science
13134,13134,3,social science
13135,13135,5,natural science
13136,13136,6,natural science
13137,13137,3,language science
13138,13138,7,natural science
13139,13139,6,natural science
13140,13140,3,natural science
13141,13141,7,natural science
13142,13142,7,natural science
13143,13143,7,natural science
13144,13144,8,natural science
13145,13145,2,natural science
13146,13146,2,natural science
13147,13147,2,natural science
13148,13148,9,language science
13149,13149,5,natural science
13150,13150,5,natural science
13151,13151,5,natural science
13152,13152,8,natural science
13153,13153,9,language science
13154,13154,7,natural science
13155,13155,5,natural science
13156,13156,4,natural science
13157,13157,8,language science
13158,13158,3,natural science
13159,13159,4,natural science
13160,13160,7,social science
13161,13161,10,language science
13162,13162,7,natural science
13163,13163,3,natural science
13164,13164,3,language science
13165,13165,7,natural science
13166,13166,5,social science
13167,13167,4,social science
13168,13168,2,language science
13169,13169,6,social science
13170,13170,8,language science
13171,13171,3,natural science
13172,13172,12,language science
13173,13173,4,social science
13174,13174,12,language science
13175,13175,4,natural science
13176,13176,12,language science
13177,13177,2,natural science
13178,13178,8,social science
13179,13179,5,natural science
13180,13180,8,language science
13181,13181,6,natural science
13182,13182,7,language science
13183,13183,5,social science
13184,13184,9,language science
13185,13185,3,natural science
13186,13186,7,natural science
13187,13187,4,natural science
13188,13188,4,natural science
13189,13189,6,natural science
13190,13190,8,natural science
13191,13191,7,natural science
13192,13192,8,natural science
13193,13193,8,language science
13194,13194,5,natural science
13195,13195,6,natural science
13196,13196,7,natural science
13197,13197,7,social science
13198,13198,8,language science
13199,13199,4,natural science
13200,13200,7,natural science
13201,13201,8,language science
13202,13202,4,natural science
13203,13203,6,natural science
13204,13204,8,natural science
13205,13205,3,natural science
13206,13206,2,natural science
13207,13207,7,natural science
13208,13208,2,natural science
13209,13209,2,natural science
13210,13210,3,natural science
13211,13211,3,language science
13212,13212,5,natural science
13213,13213,5,language science
13214,13214,7,natural science
13215,13215,3,natural science
13216,13216,6,natural science
13217,13217,4,natural science
13218,13218,7,social science
13219,13219,5,social science
13220,13220,5,natural science
13221,13221,6,social science
13222,13222,3,natural science
13223,13223,2,language science
13224,13224,7,natural science
13225,13225,3,social science
13226,13226,5,natural science
13227,13227,7,language science
13228,13228,5,social science
13229,13229,4,social science
13230,13230,6,language science
13231,13231,2,language science
13232,13232,6,natural science
13233,13233,8,natural science
13234,13234,3,social science
13235,13235,4,social science
13236,13236,2,language science
13237,13237,7,natural science
13238,13238,2,natural science
13239,13239,8,natural science
13240,13240,7,natural science
13241,13241,5,social science
13242,13242,3,natural science
13243,13243,4,social science
13244,13244,8,social science
13245,13245,7,social science
13246,13246,6,natural science
13247,13247,3,social science
13248,13248,7,natural science
13249,13249,3,social science
13250,13250,3,natural science
13251,13251,2,natural science
13252,13252,5,language science
13253,13253,8,social science
13254,13254,4,social science
13255,13255,2,natural science
13256,13256,5,language science
13257,13257,3,natural science
13258,13258,5,language science
13259,13259,10,language science
13260,13260,3,language science
13261,13261,5,social science
13262,13262,3,natural science
13263,13263,5,social science
13264,13264,7,language science
13265,13265,6,natural science
13266,13266,4,social science
13267,13267,5,social science
13268,13268,6,social science
13269,13269,5,social science
13270,13270,4,natural science
13271,13271,3,natural science
13272,13272,4,natural science
13273,13273,7,natural science
13274,13274,4,social science
13275,13275,4,language science
13276,13276,6,natural science
13277,13277,3,social science
13278,13278,2,natural science
13279,13279,7,language science
13280,13280,4,natural science
13281,13281,7,natural science
13282,13282,2,natural science
13283,13283,8,language science
13284,13284,4,social science
13285,13285,5,natural science
13286,13286,6,natural science
13287,13287,2,natural science
13288,13288,6,language science
13289,13289,8,natural science
13290,13290,5,social science
13291,13291,3,language science
13292,13292,5,natural science
13293,13293,10,language science
13294,13294,3,language science
13295,13295,8,language science
13296,13296,11,language science
13297,13297,8,natural science
13298,13298,3,natural science
13299,13299,4,natural science
13300,13300,3,language science
13301,13301,3,natural science
13302,13302,12,language science
13303,13303,7,natural science
13304,13304,2,language science
13305,13305,7,social science
13306,13306,2,social science
13307,13307,3,natural science
13308,13308,3,language science
13309,13309,6,social science
13310,13310,6,social science
13311,13311,7,social science
13312,13312,3,language science
13313,13313,2,natural science
13314,13314,6,natural science
13315,13315,3,social science
13316,13316,5,social science
13317,13317,8,natural science
13318,13318,2,language science
13319,13319,8,natural science
13320,13320,2,language science
13321,13321,10,language science
13322,13322,4,natural science
13323,13323,8,natural science
13324,13324,3,language science
13325,13325,6,natural science
13326,13326,4,social science
13327,13327,2,natural science
13328,13328,4,natural science
13329,13329,4,natural science
13330,13330,7,language science
13331,13331,6,natural science
13332,13332,6,language science
13333,13333,4,natural science
13334,13334,11,language science
13335,13335,6,natural science
13336,13336,4,natural science
13337,13337,5,language science
13338,13338,3,language science
13339,13339,5,social science
13340,13340,7,natural science
13341,13341,7,social science
13342,13342,5,natural science
13343,13343,8,natural science
13344,13344,3,natural science
13345,13345,8,natural science
13346,13346,12,language science
13347,13347,2,language science
13348,13348,8,social science
13349,13349,7,language science
13350,13350,3,natural science
13351,13351,4,language science
13352,13352,5,language science
13353,13353,2,natural science
13354,13354,9,language science
13355,13355,6,natural science
13356,13356,7,social science
13357,13357,2,natural science
13358,13358,4,natural science
13359,13359,8,social science
13360,13360,7,natural science
13361,13361,5,natural science
13362,13362,7,natural science
13363,13363,7,natural science
13364,13364,10,language science
13365,13365,7,natural science
13366,13366,4,natural science
13367,13367,2,natural science
13368,13368,11,language science
13369,13369,3,social science
13370,13370,8,social science
13371,13371,5,natural science
13372,13372,4,language science
13373,13373,4,language science
13374,13374,3,language science
13375,13375,2,natural science
13376,13376,4,natural science
13377,13377,5,social science
13378,13378,8,natural science
13379,13379,7,natural science
13380,13380,5,natural science
13381,13381,8,natural science
13382,13382,8,natural science
13383,13383,5,social science
13384,13384,8,social science
13385,13385,2,natural science
13386,13386,3,natural science
13387,13387,6,natural science
13388,13388,12,language science
13389,13389,11,language science
13390,13390,6,natural science
13391,13391,11,language science
13392,13392,5,natural science
13393,13393,4,natural science
13394,13394,6,social science
13395,13395,8,language science
13396,13396,6,social science
13397,13397,6,natural science
13398,13398,7,natural science
13399,13399,7,language science
13400,13400,6,language science
13401,13401,3,language science
13402,13402,3,language science
13403,13403,6,natural science
13404,13404,7,social science
13405,13405,5,social science
13406,13406,2,social science
13407,13407,5,social science
13408,13408,10,language science
13409,13409,5,natural science
13410,13410,4,language science
13411,13411,7,natural science
13412,13412,8,natural science
13413,13413,2,natural science
13414,13414,4,social science
13415,13415,3,social science
13416,13416,8,natural science
13417,13417,5,natural science
13418,13418,6,natural science
13419,13419,4,social science
13420,13420,8,natural science
13421,13421,5,natural science
13422,13422,2,natural science
13423,13423,9,language science
13424,13424,3,natural science
13425,13425,7,natural science
13426,13426,2,natural science
13427,13427,3,natural science
13428,13428,2,natural science
13429,13429,7,natural science
13430,13430,10,language science
13431,13431,8,social science
13432,13432,7,natural science
13433,13433,8,language science
13434,13434,5,natural science
13435,13435,8,natural science
13436,13436,5,social science
13437,13437,9,language science
13438,13438,5,natural science
13439,13439,4,natural science
13440,13440,5,social science
13441,13441,11,language science
13442,13442,11,language science
13443,13443,5,social science
13444,13444,12,language science
13445,13445,4,social science
13446,13446,8,social science
13447,13447,3,natural science
13448,13448,3,social science
13449,13449,6,language science
13450,13450,7,natural science
13451,13451,7,natural science
13452,13452,7,natural science
13453,13453,4,natural science
13454,13454,3,social science
13455,13455,4,language science
13456,13456,3,natural science
13457,13457,8,natural science
13458,13458,8,language science
13459,13459,8,natural science
13460,13460,5,language science
13461,13461,3,social science
13462,13462,10,language science
13463,13463,5,natural science
13464,13464,5,natural science
13465,13465,8,social science
13466,13466,6,natural science
13467,13467,7,social science
13468,13468,7,social science
13469,13469,4,social science
13470,13470,6,natural science
13471,13471,4,natural science
13472,13472,7,natural science
13473,13473,10,language science
13474,13474,7,natural science
13475,13475,7,natural science
13476,13476,6,social science
13477,13477,8,natural science
13478,13478,3,natural science
13479,13479,4,natural science
13480,13480,7,natural science
13481,13481,4,language science
13482,13482,4,language science
13483,13483,5,natural science
13484,13484,3,natural science
13485,13485,3,natural science
13486,13486,3,natural science
13487,13487,3,natural science
13488,13488,6,natural science
13489,13489,4,social science
13490,13490,7,social science
13491,13491,5,natural science
13492,13492,4,natural science
13493,13493,4,natural science
13494,13494,10,language science
13495,13495,8,natural science
13496,13496,8,natural science
13497,13497,6,natural science
13498,13498,3,natural science
13499,13499,3,natural science
13500,13500,2,natural science
13501,13501,3,language science
13502,13502,10,language science
13503,13503,4,social science
13504,13504,4,natural science
13505,13505,5,natural science
13506,13506,4,natural science
13507,13507,6,social science
13508,13508,4,social science
13509,13509,7,natural science
13510,13510,3,natural science
13511,13511,3,language science
13512,13512,8,language science
13513,13513,4,language science
13514,13514,3,natural science
13515,13515,5,social science
13516,13516,2,language science
13517,13517,5,social science
13518,13518,2,natural science
13519,13519,8,natural science
13520,13520,3,natural science
13521,13521,2,social science
13522,13522,7,natural science
13523,13523,5,natural science
13524,13524,3,language science
13525,13525,2,natural science
13526,13526,6,natural science
13527,13527,6,natural science
13528,13528,10,language science
13529,13529,5,natural science
13530,13530,4,language science
13531,13531,6,natural science
13532,13532,4,natural science
13533,13533,6,natural science
13534,13534,6,natural science
13535,13535,6,natural science
13536,13536,9,language science
13537,13537,5,natural science
13538,13538,8,natural science
13539,13539,9,language science
13540,13540,11,language science
13541,13541,3,natural science
13542,13542,4,social science
13543,13543,7,natural science
13544,13544,4,natural science
13545,13545,7,natural science
13546,13546,11,language science
13547,13547,5,natural science
13548,13548,5,natural science
13549,13549,10,language science
13550,13550,8,language science
13551,13551,2,language science
13552,13552,4,natural science
13553,13553,3,social science
13554,13554,2,language science
13555,13555,7,natural science
13556,13556,4,social science
13557,13557,7,natural science
13558,13558,5,language science
13559,13559,8,natural science
13560,13560,3,natural science
13561,13561,6,natural science
13562,13562,5,natural science
13563,13563,2,social science
13564,13564,7,natural science
13565,13565,10,language science
13566,13566,8,natural science
13567,13567,8,natural science
13568,13568,4,natural science
13569,13569,7,natural science
13570,13570,5,social science
13571,13571,6,natural science
13572,13572,2,social science
13573,13573,9,language science
13574,13574,5,natural science
13575,13575,7,natural science
13576,13576,4,natural science
13577,13577,6,natural science
13578,13578,4,natural science
13579,13579,5,social science
13580,13580,6,natural science
13581,13581,10,language science
13582,13582,8,natural science
13583,13583,6,natural science
13584,13584,2,natural science
13585,13585,1,language science
13586,13586,5,natural science
13587,13587,8,natural science
13588,13588,8,natural science
13589,13589,4,social science
13590,13590,7,language science
13591,13591,2,social science
13592,13592,2,natural science
13593,13593,12,language science
13594,13594,9,language science
13595,13595,4,social science
13596,13596,8,natural science
13597,13597,10,language science
13598,13598,8,natural science
13599,13599,4,social science
13600,13600,4,natural science
13601,13601,4,natural science
13602,13602,12,language science
13603,13603,8,natural science
13604,13604,6,language science
13605,13605,8,social science
13606,13606,3,natural science
13607,13607,12,language science
13608,13608,4,social science
13609,13609,3,language science
13610,13610,6,language science
13611,13611,7,natural science
13612,13612,8,language science
13613,13613,7,social science
13614,13614,7,natural science
13615,13615,7,language science
13616,13616,8,natural science
13617,13617,6,natural science
13618,13618,5,social science
13619,13619,5,natural science
13620,13620,3,social science
13621,13621,5,language science
13622,13622,12,language science
13623,13623,3,language science
13624,13624,6,natural science
13625,13625,10,language science
13626,13626,8,language science
13627,13627,3,language science
13628,13628,10,language science
13629,13629,3,social science
13630,13630,8,natural science
13631,13631,6,language science
13632,13632,10,language science
13633,13633,2,language science
13634,13634,3,natural science
13635,13635,6,natural science
13636,13636,6,natural science
13637,13637,7,natural science
13638,13638,7,natural science
13639,13639,8,social science
13640,13640,5,natural science
13641,13641,5,social science
13642,13642,12,language science
13643,13643,3,natural science
13644,13644,7,social science
13645,13645,10,language science
13646,13646,9,language science
13647,13647,6,social science
13648,13648,3,natural science
13649,13649,4,natural science
13650,13650,4,natural science
13651,13651,8,natural science
13652,13652,5,natural science
13653,13653,4,natural science
13654,13654,12,language science
13655,13655,8,natural science
13656,13656,4,natural science
13657,13657,6,natural science
13658,13658,5,natural science
13659,13659,5,social science
13660,13660,4,natural science
13661,13661,2,natural science
13662,13662,6,natural science
13663,13663,5,social science
13664,13664,4,natural science
13665,13665,7,language science
13666,13666,11,language science
13667,13667,8,social science
13668,13668,6,natural science
13669,13669,3,natural science
13670,13670,3,social science
13671,13671,7,natural science
13672,13672,5,social science
13673,13673,6,natural science
13674,13674,11,language science
13675,13675,12,language science
13676,13676,6,social science
13677,13677,5,social science
13678,13678,11,language science
13679,13679,8,natural science
13680,13680,3,natural science
13681,13681,4,social science
13682,13682,7,natural science
13683,13683,7,natural science
13684,13684,3,natural science
13685,13685,8,natural science
13686,13686,6,natural science
13687,13687,3,social science
13688,13688,3,natural science
13689,13689,7,social science
13690,13690,3,natural science
13691,13691,5,natural science
13692,13692,4,natural science
13693,13693,4,natural science
13694,13694,7,natural science
13695,13695,7,natural science
13696,13696,2,natural science
13697,13697,6,language science
13698,13698,6,natural science
13699,13699,7,natural science
13700,13700,11,language science
13701,13701,6,social science
13702,13702,7,natural science
13703,13703,4,social science
13704,13704,6,natural science
13705,13705,2,social science
13706,13706,6,natural science
13707,13707,2,language science
13708,13708,5,natural science
13709,13709,4,language science
13710,13710,3,natural science
13711,13711,2,natural science
13712,13712,3,natural science
13713,13713,7,natural science
13714,13714,8,natural science
13715,13715,4,natural science
13716,13716,5,social science
13717,13717,7,natural science
13718,13718,3,natural science
13719,13719,4,language science
13720,13720,4,social science
13721,13721,9,language science
13722,13722,3,natural science
13723,13723,3,natural science
13724,13724,6,language science
13725,13725,4,natural science
13726,13726,4,natural science
13727,13727,3,language science
13728,13728,3,natural science
13729,13729,12,language science
13730,13730,2,social science
13731,13731,4,natural science
13732,13732,5,social science
13733,13733,4,natural science
13734,13734,5,natural science
13735,13735,8,natural science
13736,13736,6,natural science
13737,13737,5,natural science
13738,13738,8,natural science
13739,13739,8,natural science
13740,13740,5,social science
13741,13741,7,natural science
13742,13742,3,natural science
13743,13743,7,natural science
13744,13744,5,natural science
13745,13745,3,language science
13746,13746,5,social science
13747,13747,5,natural science
13748,13748,5,natural science
13749,13749,4,natural science
13750,13750,2,natural science
13751,13751,5,natural science
13752,13752,3,social science
13753,13753,4,natural science
13754,13754,6,social science
13755,13755,5,social science
13756,13756,7,natural science
13757,13757,8,natural science
13758,13758,4,language science
13759,13759,7,language science
13760,13760,9,language science
13761,13761,4,natural science
13762,13762,12,language science
13763,13763,4,language science
13764,13764,5,language science
13765,13765,9,language science
13766,13766,3,natural science
13767,13767,7,language science
13768,13768,3,natural science
13769,13769,5,natural science
13770,13770,7,natural science
13771,13771,4,natural science
13772,13772,4,language science
13773,13773,4,natural science
13774,13774,6,language science
13775,13775,4,social science
13776,13776,4,natural science
13777,13777,8,natural science
13778,13778,7,natural science
13779,13779,8,natural science
13780,13780,7,natural science
13781,13781,5,social science
13782,13782,3,social science
13783,13783,3,natural science
13784,13784,7,language science
13785,13785,4,natural science
13786,13786,4,natural science
13787,13787,8,language science
13788,13788,4,social science
13789,13789,4,language science
13790,13790,8,social science
13791,13791,7,natural science
13792,13792,12,language science
13793,13793,7,language science
13794,13794,2,natural science
13795,13795,7,language science
13796,13796,4,social science
13797,13797,5,social science
13798,13798,10,language science
13799,13799,11,language science
13800,13800,5,social science
13801,13801,8,social science
13802,13802,4,social science
13803,13803,3,social science
13804,13804,5,language science
13805,13805,4,natural science
13806,13806,11,language science
13807,13807,5,natural science
13808,13808,5,social science
13809,13809,3,language science
13810,13810,6,language science
13811,13811,6,natural science
13812,13812,6,language science
13813,13813,4,natural science
13814,13814,8,natural science
13815,13815,7,natural science
13816,13816,5,natural science
13817,13817,8,natural science
13818,13818,5,language science
13819,13819,6,language science
13820,13820,5,natural science
13821,13821,2,natural science
13822,13822,6,natural science
13823,13823,4,social science
13824,13824,8,natural science
13825,13825,4,social science
13826,13826,3,natural science
13827,13827,7,natural science
13828,13828,7,natural science
13829,13829,3,social science
13830,13830,3,natural science
13831,13831,6,language science
13832,13832,7,natural science
13833,13833,4,natural science
13834,13834,3,natural science
13835,13835,4,natural science
13836,13836,8,natural science
13837,13837,5,social science
13838,13838,7,language science
13839,13839,4,natural science
13840,13840,5,natural science
13841,13841,3,social science
13842,13842,3,natural science
13843,13843,11,language science
13844,13844,4,natural science
13845,13845,8,natural science
13846,13846,8,social science
13847,13847,2,natural science
13848,13848,8,natural science
13849,13849,4,natural science
13850,13850,5,natural science
13851,13851,6,natural science
13852,13852,2,natural science
13853,13853,2,natural science
13854,13854,3,language science
13855,13855,7,natural science
13856,13856,4,natural science
13857,13857,3,natural science
13858,13858,5,natural science
13859,13859,6,natural science
13860,13860,5,natural science
13861,13861,6,language science
13862,13862,3,social science
13863,13863,8,natural science
13864,13864,3,natural science
13865,13865,12,language science
13866,13866,7,natural science
13867,13867,6,natural science
13868,13868,3,social science
13869,13869,8,social science
13870,13870,8,natural science
13871,13871,3,social science
13872,13872,3,natural science
13873,13873,9,language science
13874,13874,8,social science
13875,13875,7,natural science
13876,13876,3,social science
13877,13877,7,social science
13878,13878,4,natural science
13879,13879,3,language science
13880,13880,2,language science
13881,13881,8,natural science
13882,13882,3,natural science
13883,13883,5,natural science
13884,13884,8,language science
13885,13885,4,natural science
13886,13886,12,language science
13887,13887,3,language science
13888,13888,4,language science
13889,13889,7,natural science
13890,13890,8,social science
13891,13891,3,language science
13892,13892,9,language science
13893,13893,4,natural science
13894,13894,12,language science
13895,13895,7,natural science
13896,13896,7,natural science
13897,13897,5,social science
13898,13898,4,natural science
13899,13899,3,social science
13900,13900,5,language science
13901,13901,3,social science
13902,13902,5,natural science
13903,13903,6,social science
13904,13904,2,natural science
13905,13905,4,social science
13906,13906,7,natural science
13907,13907,5,natural science
13908,13908,9,language science
13909,13909,5,natural science
13910,13910,3,natural science
13911,13911,3,language science
13912,13912,9,language science
13913,13913,5,social science
13914,13914,4,natural science
13915,13915,5,natural science
13916,13916,10,language science
13917,13917,7,social science
13918,13918,6,natural science
13919,13919,8,social science
13920,13920,8,natural science
13921,13921,6,natural science
13922,13922,4,social science
13923,13923,7,language science
13924,13924,6,social science
13925,13925,12,language science
13926,13926,3,language science
13927,13927,5,language science
13928,13928,2,natural science
13929,13929,7,social science
13930,13930,5,social science
13931,13931,5,natural science
13932,13932,3,natural science
13933,13933,2,natural science
13934,13934,12,language science
13935,13935,2,natural science
13936,13936,8,natural science
13937,13937,7,natural science
13938,13938,4,natural science
13939,13939,8,natural science
13940,13940,6,natural science
13941,13941,4,natural science
13942,13942,3,natural science
13943,13943,4,language science
13944,13944,2,natural science
13945,13945,7,natural science
13946,13946,2,natural science
13947,13947,3,social science
13948,13948,5,social science
13949,13949,8,natural science
13950,13950,4,natural science
13951,13951,5,social science
13952,13952,7,natural science
13953,13953,8,natural science
13954,13954,7,natural science
13955,13955,3,social science
13956,13956,4,natural science
13957,13957,10,language science
13958,13958,11,language science
13959,13959,4,social science
13960,13960,3,natural science
13961,13961,3,language science
13962,13962,7,natural science
13963,13963,5,natural science
13964,13964,6,language science
13965,13965,2,language science
13966,13966,5,natural science
13967,13967,3,language science
13968,13968,3,language science
13969,13969,4,natural science
13970,13970,3,social science
13971,13971,10,language science
13972,13972,5,language science
13973,13973,7,natural science
13974,13974,4,natural science
13975,13975,3,language science
13976,13976,5,language science
13977,13977,5,social science
13978,13978,8,natural science
13979,13979,2,natural science
13980,13980,7,natural science
13981,13981,6,natural science
13982,13982,3,natural science
13983,13983,5,natural science
13984,13984,2,language science
13985,13985,3,natural science
13986,13986,6,natural science
13987,13987,5,natural science
13988,13988,3,language science
13989,13989,2,natural science
13990,13990,4,language science
13991,13991,6,natural science
13992,13992,4,social science
13993,13993,4,social science
13994,13994,5,natural science
13995,13995,3,natural science
13996,13996,6,language science
13997,13997,4,natural science
13998,13998,7,language science
13999,13999,4,language science
14000,14000,11,language science
14001,14001,3,natural science
14002,14002,6,natural science
14003,14003,7,natural science
14004,14004,8,social science
14005,14005,12,language science
14006,14006,8,natural science
14007,14007,7,natural science
14008,14008,4,natural science
14009,14009,6,social science
14010,14010,8,social science
14011,14011,4,natural science
14012,14012,3,natural science
14013,14013,3,natural science
14014,14014,4,social science
14015,14015,4,natural science
14016,14016,5,natural science
14017,14017,1,language science
14018,14018,4,social science
14019,14019,3,natural science
14020,14020,10,language science
14021,14021,11,language science
14022,14022,5,natural science
14023,14023,3,natural science
14024,14024,8,natural science
14025,14025,12,language science
14026,14026,3,language science
14027,14027,5,natural science
14028,14028,6,natural science
14029,14029,4,social science
14030,14030,7,language science
14031,14031,4,natural science
14032,14032,5,social science
14033,14033,8,natural science
14034,14034,5,natural science
14035,14035,7,natural science
14036,14036,6,natural science
14037,14037,11,language science
14038,14038,6,natural science
14039,14039,11,language science
14040,14040,4,natural science
14041,14041,6,language science
14042,14042,2,natural science
14043,14043,4,social science
14044,14044,2,natural science
14045,14045,3,natural science
14046,14046,2,natural science
14047,14047,2,natural science
14048,14048,6,natural science
14049,14049,4,social science
14050,14050,7,language science
14051,14051,5,social science
14052,14052,8,natural science
14053,14053,4,natural science
14054,14054,10,language science
14055,14055,7,language science
14056,14056,7,social science
14057,14057,12,language science
14058,14058,8,natural science
14059,14059,12,language science
14060,14060,4,natural science
14061,14061,2,natural science
14062,14062,5,natural science
14063,14063,3,social science
14064,14064,5,social science
14065,14065,3,natural science
14066,14066,3,natural science
14067,14067,7,language science
14068,14068,2,natural science
14069,14069,5,natural science
14070,14070,4,natural science
14071,14071,2,natural science
14072,14072,7,natural science
14073,14073,5,natural science
14074,14074,4,language science
14075,14075,4,language science
14076,14076,5,social science
14077,14077,12,language science
14078,14078,4,natural science
14079,14079,3,natural science
14080,14080,6,natural science
14081,14081,4,social science
14082,14082,6,social science
14083,14083,6,natural science
14084,14084,3,natural science
14085,14085,3,social science
14086,14086,2,natural science
14087,14087,3,natural science
14088,14088,6,natural science
14089,14089,5,natural science
14090,14090,5,natural science
14091,14091,4,natural science
14092,14092,8,natural science
14093,14093,3,natural science
14094,14094,3,language science
14095,14095,5,social science
14096,14096,6,social science
14097,14097,2,natural science
14098,14098,5,natural science
14099,14099,4,social science
14100,14100,2,language science
14101,14101,5,natural science
14102,14102,8,language science
14103,14103,5,language science
14104,14104,8,natural science
14105,14105,5,social science
14106,14106,6,natural science
14107,14107,6,natural science
14108,14108,8,language science
14109,14109,2,natural science
14110,14110,5,social science
14111,14111,3,natural science
14112,14112,3,social science
14113,14113,5,natural science
14114,14114,10,language science
14115,14115,4,natural science
14116,14116,6,social science
14117,14117,5,social science
14118,14118,11,language science
14119,14119,5,social science
14120,14120,7,language science
14121,14121,4,social science
14122,14122,6,natural science
14123,14123,4,natural science
14124,14124,9,language science
14125,14125,4,social science
14126,14126,2,natural science
14127,14127,4,social science
14128,14128,3,natural science
14129,14129,7,natural science
14130,14130,6,natural science
14131,14131,6,natural science
14132,14132,3,natural science
14133,14133,4,natural science
14134,14134,11,language science
14135,14135,6,natural science
14136,14136,3,natural science
14137,14137,3,natural science
14138,14138,3,natural science
14139,14139,3,language science
14140,14140,7,natural science
14141,14141,5,natural science
14142,14142,6,natural science
14143,14143,7,natural science
14144,14144,4,language science
14145,14145,3,natural science
14146,14146,3,natural science
14147,14147,3,language science
14148,14148,2,language science
14149,14149,8,natural science
14150,14150,3,natural science
14151,14151,4,natural science
14152,14152,12,language science
14153,14153,7,natural science
14154,14154,6,natural science
14155,14155,3,natural science
14156,14156,7,natural science
14157,14157,7,natural science
14158,14158,9,language science
14159,14159,2,natural science
14160,14160,6,social science
14161,14161,3,natural science
14162,14162,6,natural science
14163,14163,6,natural science
14164,14164,2,natural science
14165,14165,8,natural science
14166,14166,8,natural science
14167,14167,5,natural science
14168,14168,6,social science
14169,14169,9,language science
14170,14170,4,natural science
14171,14171,12,language science
14172,14172,8,natural science
14173,14173,4,language science
14174,14174,11,language science
14175,14175,7,natural science
14176,14176,4,natural science
14177,14177,6,natural science
14178,14178,2,social science
14179,14179,8,natural science
14180,14180,5,language science
14181,14181,6,social science
14182,14182,4,social science
14183,14183,4,natural science
14184,14184,3,natural science
14185,14185,7,natural science
14186,14186,3,social science
14187,14187,5,language science
14188,14188,3,natural science
14189,14189,2,language science
14190,14190,7,natural science
14191,14191,5,social science
14192,14192,8,social science
14193,14193,11,language science
14194,14194,10,language science
14195,14195,9,language science
14196,14196,4,language science
14197,14197,7,natural science
14198,14198,4,natural science
14199,14199,7,natural science
14200,14200,4,natural science
14201,14201,7,natural science
14202,14202,9,language science
14203,14203,6,natural science
14204,14204,2,language science
14205,14205,4,language science
14206,14206,3,social science
14207,14207,3,natural science
14208,14208,2,natural science
14209,14209,4,natural science
14210,14210,4,social science
14211,14211,6,language science
14212,14212,6,social science
14213,14213,6,social science
14214,14214,6,social science
14215,14215,4,natural science
14216,14216,5,social science
14217,14217,4,natural science
14218,14218,3,language science
14219,14219,4,social science
14220,14220,6,natural science
14221,14221,8,social science
14222,14222,6,natural science
14223,14223,2,natural science
14224,14224,6,natural science
14225,14225,5,natural science
14226,14226,6,natural science
14227,14227,3,natural science
14228,14228,3,natural science
14229,14229,7,natural science
14230,14230,4,language science
14231,14231,8,social science
14232,14232,10,language science
14233,14233,4,language science
14234,14234,6,language science
14235,14235,3,natural science
14236,14236,4,natural science
14237,14237,8,natural science
14238,14238,5,social science
14239,14239,7,natural science
14240,14240,2,natural science
14241,14241,8,natural science
14242,14242,4,natural science
14243,14243,6,natural science
14244,14244,5,natural science
14245,14245,5,natural science
14246,14246,4,language science
14247,14247,3,natural science
14248,14248,6,language science
14249,14249,7,natural science
14250,14250,5,social science
14251,14251,2,natural science
14252,14252,5,natural science
14253,14253,9,language science
14254,14254,4,natural science
14255,14255,2,social science
14256,14256,9,language science
14257,14257,5,language science
14258,14258,8,social science
14259,14259,3,social science
14260,14260,5,social science
14261,14261,5,social science
14262,14262,7,social science
14263,14263,4,natural science
14264,14264,6,natural science
14265,14265,8,natural science
14266,14266,5,natural science
14267,14267,5,language science
14268,14268,12,language science
14269,14269,3,social science
14270,14270,2,natural science
14271,14271,8,social science
14272,14272,7,social science
14273,14273,8,language science
14274,14274,5,social science
14275,14275,6,language science
14276,14276,7,natural science
14277,14277,7,natural science
14278,14278,12,language science
14279,14279,7,natural science
14280,14280,6,natural science
14281,14281,12,language science
14282,14282,8,natural science
14283,14283,6,language science
14284,14284,8,natural science
14285,14285,3,natural science
14286,14286,4,natural science
14287,14287,3,natural science
14288,14288,2,language science
14289,14289,2,natural science
14290,14290,8,natural science
14291,14291,7,language science
14292,14292,4,natural science
14293,14293,2,natural science
14294,14294,6,natural science
14295,14295,6,natural science
14296,14296,7,natural science
14297,14297,3,social science
14298,14298,5,natural science
14299,14299,4,natural science
14300,14300,8,natural science
14301,14301,5,natural science
14302,14302,5,natural science
14303,14303,6,natural science
14304,14304,4,language science
14305,14305,4,language science
14306,14306,7,language science
14307,14307,7,language science
14308,14308,2,natural science
14309,14309,6,natural science
14310,14310,5,natural science
14311,14311,3,social science
14312,14312,4,social science
14313,14313,7,natural science
14314,14314,3,natural science
14315,14315,3,natural science
14316,14316,8,natural science
14317,14317,11,language science
14318,14318,5,social science
14319,14319,9,language science
14320,14320,8,natural science
14321,14321,7,social science
14322,14322,6,natural science
14323,14323,2,language science
14324,14324,8,natural science
14325,14325,4,natural science
14326,14326,2,natural science
14327,14327,7,natural science
14328,14328,5,natural science
14329,14329,12,language science
14330,14330,8,natural science
14331,14331,7,natural science
14332,14332,3,natural science
14333,14333,6,natural science
14334,14334,12,language science
14335,14335,2,natural science
14336,14336,4,natural science
14337,14337,6,natural science
14338,14338,8,natural science
14339,14339,6,natural science
14340,14340,2,natural science
14341,14341,2,natural science
14342,14342,5,natural science
14343,14343,4,language science
14344,14344,5,language science
14345,14345,7,natural science
14346,14346,5,social science
14347,14347,5,language science
14348,14348,4,natural science
14349,14349,3,social science
14350,14350,7,natural science
14351,14351,2,natural science
14352,14352,9,language science
14353,14353,5,social science
14354,14354,6,natural science
14355,14355,5,natural science
14356,14356,6,natural science
14357,14357,6,social science
14358,14358,3,natural science
14359,14359,3,natural science
14360,14360,6,natural science
14361,14361,3,natural science
14362,14362,6,natural science
14363,14363,8,natural science
14364,14364,3,social science
14365,14365,3,natural science
14366,14366,3,natural science
14367,14367,7,social science
14368,14368,10,language science
14369,14369,2,natural science
14370,14370,2,language science
14371,14371,5,language science
14372,14372,6,language science
14373,14373,3,social science
14374,14374,8,language science
14375,14375,11,language science
14376,14376,3,natural science
14377,14377,6,natural science
14378,14378,4,natural science
14379,14379,3,natural science
14380,14380,5,social science
14381,14381,6,natural science
14382,14382,4,social science
14383,14383,4,natural science
14384,14384,2,natural science
14385,14385,8,natural science
14386,14386,5,natural science
14387,14387,3,social science
14388,14388,6,natural science
14389,14389,4,natural science
14390,14390,7,language science
14391,14391,8,natural science
14392,14392,9,language science
14393,14393,2,natural science
14394,14394,5,natural science
14395,14395,5,social science
14396,14396,6,social science
14397,14397,4,natural science
14398,14398,8,natural science
14399,14399,7,natural science
14400,14400,3,natural science
14401,14401,7,natural science
14402,14402,4,social science
14403,14403,11,language science
14404,14404,8,social science
14405,14405,8,natural science
14406,14406,3,social science
14407,14407,4,natural science
14408,14408,11,language science
14409,14409,9,language science
14410,14410,8,social science
14411,14411,6,language science
14412,14412,8,natural science
14413,14413,4,language science
14414,14414,6,natural science
14415,14415,7,social science
14416,14416,4,natural science
14417,14417,4,natural science
14418,14418,11,language science
14419,14419,3,natural science
14420,14420,2,language science
14421,14421,6,language science
14422,14422,8,natural science
14423,14423,5,natural science
14424,14424,9,language science
14425,14425,4,natural science
14426,14426,8,natural science
14427,14427,4,social science
14428,14428,3,social science
14429,14429,5,language science
14430,14430,5,natural science
14431,14431,2,natural science
14432,14432,3,language science
14433,14433,7,social science
14434,14434,7,natural science
14435,14435,3,natural science
14436,14436,2,natural science
14437,14437,3,natural science
14438,14438,3,natural science
14439,14439,3,natural science
14440,14440,3,natural science
14441,14441,4,social science
14442,14442,3,natural science
14443,14443,5,social science
14444,14444,11,language science
14445,14445,7,social science
14446,14446,3,natural science
14447,14447,7,language science
14448,14448,5,natural science
14449,14449,5,language science
14450,14450,3,language science
14451,14451,6,natural science
14452,14452,8,natural science
14453,14453,6,natural science
14454,14454,4,social science
14455,14455,3,natural science
14456,14456,5,natural science
14457,14457,6,language science
14458,14458,4,natural science
14459,14459,3,natural science
14460,14460,7,natural science
14461,14461,6,natural science
14462,14462,6,natural science
14463,14463,8,language science
14464,14464,4,natural science
14465,14465,8,natural science
14466,14466,2,language science
14467,14467,3,language science
14468,14468,6,language science
14469,14469,7,natural science
14470,14470,8,natural science
14471,14471,3,natural science
14472,14472,4,natural science
14473,14473,4,social science
14474,14474,12,language science
14475,14475,6,social science
14476,14476,3,language science
14477,14477,8,natural science
14478,14478,4,natural science
14479,14479,5,social science
14480,14480,5,natural science
14481,14481,3,natural science
14482,14482,3,natural science
14483,14483,8,language science
14484,14484,5,social science
14485,14485,3,natural science
14486,14486,3,natural science
14487,14487,2,language science
14488,14488,6,natural science
14489,14489,8,natural science
14490,14490,10,language science
14491,14491,3,social science
14492,14492,8,natural science
14493,14493,6,natural science
14494,14494,3,natural science
14495,14495,3,language science
14496,14496,7,language science
14497,14497,4,natural science
14498,14498,10,language science
14499,14499,8,natural science
14500,14500,6,natural science
14501,14501,2,natural science
14502,14502,11,language science
14503,14503,12,language science
14504,14504,2,natural science
14505,14505,4,natural science
14506,14506,9,language science
14507,14507,8,natural science
14508,14508,2,language science
14509,14509,8,natural science
14510,14510,8,natural science
14511,14511,7,natural science
14512,14512,5,natural science
14513,14513,6,natural science
14514,14514,5,social science
14515,14515,2,social science
14516,14516,3,natural science
14517,14517,2,natural science
14518,14518,2,language science
14519,14519,7,natural science
14520,14520,3,natural science
14521,14521,5,social science
14522,14522,8,language science
14523,14523,3,natural science
14524,14524,6,natural science
14525,14525,5,language science
14526,14526,6,language science
14527,14527,7,social science
14528,14528,4,natural science
14529,14529,4,social science
14530,14530,4,natural science
14531,14531,7,natural science
14532,14532,10,language science
14533,14533,6,natural science
14534,14534,3,social science
14535,14535,8,natural science
14536,14536,5,natural science
14537,14537,3,natural science
14538,14538,5,language science
14539,14539,3,natural science
14540,14540,4,language science
14541,14541,7,natural science
14542,14542,2,natural science
14543,14543,7,natural science
14544,14544,12,language science
14545,14545,4,natural science
14546,14546,4,natural science
14547,14547,4,social science
14548,14548,7,natural science
14549,14549,8,natural science
14550,14550,3,natural science
14551,14551,4,natural science
14552,14552,3,natural science
14553,14553,5,language science
14554,14554,7,language science
14555,14555,2,language science
14556,14556,8,language science
14557,14557,5,natural science
14558,14558,2,social science
14559,14559,11,language science
14560,14560,8,natural science
14561,14561,6,natural science
14562,14562,4,natural science
14563,14563,3,natural science
14564,14564,5,social science
14565,14565,3,social science
14566,14566,3,language science
14567,14567,3,social science
14568,14568,7,natural science
14569,14569,3,natural science
14570,14570,7,natural science
14571,14571,5,social science
14572,14572,7,natural science
14573,14573,6,language science
14574,14574,4,language science
14575,14575,5,natural science
14576,14576,4,social science
14577,14577,8,natural science
14578,14578,2,natural science
14579,14579,5,natural science
14580,14580,7,natural science
14581,14581,10,language science
14582,14582,6,natural science
14583,14583,8,natural science
14584,14584,3,natural science
14585,14585,4,natural science
14586,14586,3,language science
14587,14587,8,social science
14588,14588,6,natural science
14589,14589,10,language science
14590,14590,8,natural science
14591,14591,3,natural science
14592,14592,6,natural science
14593,14593,7,social science
14594,14594,7,natural science
14595,14595,8,natural science
14596,14596,10,language science
14597,14597,7,natural science
14598,14598,4,natural science
14599,14599,4,language science
14600,14600,3,social science
14601,14601,8,social science
14602,14602,3,social science
14603,14603,5,natural science
14604,14604,8,social science
14605,14605,2,language science
14606,14606,2,natural science
14607,14607,8,natural science
14608,14608,4,language science
14609,14609,3,natural science
14610,14610,6,language science
14611,14611,9,language science
14612,14612,6,social science
14613,14613,5,natural science
14614,14614,8,natural science
14615,14615,4,social science
14616,14616,3,natural science
14617,14617,5,language science
14618,14618,4,language science
14619,14619,7,natural science
14620,14620,8,natural science
14621,14621,6,natural science
14622,14622,4,social science
14623,14623,7,natural science
14624,14624,4,natural science
14625,14625,8,natural science
14626,14626,7,natural science
14627,14627,2,natural science
14628,14628,3,natural science
14629,14629,7,natural science
14630,14630,6,natural science
14631,14631,5,social science
14632,14632,2,social science
14633,14633,2,natural science
14634,14634,6,natural science
14635,14635,10,language science
14636,14636,2,natural science
14637,14637,4,social science
14638,14638,7,natural science
14639,14639,4,natural science
14640,14640,5,social science
14641,14641,3,language science
14642,14642,5,natural science
14643,14643,10,language science
14644,14644,3,natural science
14645,14645,10,language science
14646,14646,8,natural science
14647,14647,8,natural science
14648,14648,3,natural science
14649,14649,8,language science
14650,14650,4,natural science
14651,14651,4,natural science
14652,14652,6,natural science
14653,14653,8,natural science
14654,14654,2,language science
14655,14655,3,language science
14656,14656,10,language science
14657,14657,5,social science
14658,14658,2,natural science
14659,14659,4,social science
14660,14660,5,natural science
14661,14661,6,natural science
14662,14662,4,social science
14663,14663,6,natural science
14664,14664,3,natural science
14665,14665,3,natural science
14666,14666,8,natural science
14667,14667,10,language science
14668,14668,6,natural science
14669,14669,5,natural science
14670,14670,3,language science
14671,14671,4,social science
14672,14672,5,social science
14673,14673,5,natural science
14674,14674,3,social science
14675,14675,4,language science
14676,14676,3,language science
14677,14677,8,social science
14678,14678,6,language science
14679,14679,3,natural science
14680,14680,4,natural science
14681,14681,4,language science
14682,14682,8,social science
14683,14683,3,language science
14684,14684,8,natural science
14685,14685,12,language science
14686,14686,3,language science
14687,14687,8,language science
14688,14688,6,natural science
14689,14689,8,natural science
14690,14690,8,natural science
14691,14691,7,natural science
14692,14692,10,language science
14693,14693,8,social science
14694,14694,8,natural science
14695,14695,5,language science
14696,14696,3,natural science
14697,14697,8,natural science
14698,14698,9,language science
14699,14699,3,language science
14700,14700,7,social science
14701,14701,10,language science
14702,14702,6,natural science
14703,14703,8,natural science
14704,14704,3,natural science
14705,14705,9,language science
14706,14706,11,language science
14707,14707,5,language science
14708,14708,4,natural science
14709,14709,10,language science
14710,14710,4,natural science
14711,14711,7,language science
14712,14712,5,language science
14713,14713,3,social science
14714,14714,5,language science
14715,14715,8,natural science
14716,14716,3,natural science
14717,14717,8,natural science
14718,14718,3,social science
14719,14719,5,natural science
14720,14720,11,language science
14721,14721,7,natural science
14722,14722,7,natural science
14723,14723,8,natural science
14724,14724,11,language science
14725,14725,2,natural science
14726,14726,5,natural science
14727,14727,8,language science
14728,14728,1,language science
14729,14729,4,natural science
14730,14730,6,natural science
14731,14731,8,natural science
14732,14732,3,social science
14733,14733,7,language science
14734,14734,11,language science
14735,14735,10,language science
14736,14736,2,natural science
14737,14737,8,natural science
14738,14738,4,language science
14739,14739,12,language science
14740,14740,8,natural science
14741,14741,3,natural science
14742,14742,6,natural science
14743,14743,6,natural science
14744,14744,5,natural science
14745,14745,4,language science
14746,14746,6,natural science
14747,14747,4,natural science
14748,14748,7,natural science
14749,14749,7,language science
14750,14750,4,social science
14751,14751,2,language science
14752,14752,8,social science
14753,14753,9,language science
14754,14754,10,language science
14755,14755,5,natural science
14756,14756,2,language science
14757,14757,6,natural science
14758,14758,4,natural science
14759,14759,4,natural science
14760,14760,6,natural science
14761,14761,4,natural science
14762,14762,5,natural science
14763,14763,6,natural science
14764,14764,6,natural science
14765,14765,8,language science
14766,14766,4,language science
14767,14767,3,language science
14768,14768,6,natural science
14769,14769,3,language science
14770,14770,4,natural science
14771,14771,4,social science
14772,14772,7,natural science
14773,14773,6,natural science
14774,14774,6,language science
14775,14775,8,natural science
14776,14776,9,language science
14777,14777,4,social science
14778,14778,6,language science
14779,14779,8,social science
14780,14780,2,natural science
14781,14781,3,natural science
14782,14782,8,natural science
14783,14783,6,natural science
14784,14784,6,natural science
14785,14785,7,social science
14786,14786,4,natural science
14787,14787,4,natural science
14788,14788,6,natural science
14789,14789,5,social science
14790,14790,3,natural science
14791,14791,6,natural science
14792,14792,3,language science
14793,14793,6,language science
14794,14794,3,social science
14795,14795,8,natural science
14796,14796,8,natural science
14797,14797,8,natural science
14798,14798,7,language science
14799,14799,4,natural science
14800,14800,4,natural science
14801,14801,3,language science
14802,14802,8,natural science
14803,14803,7,natural science
14804,14804,3,language science
14805,14805,10,language science
14806,14806,12,language science
14807,14807,4,natural science
14808,14808,7,language science
14809,14809,9,language science
14810,14810,3,natural science
14811,14811,8,natural science
14812,14812,2,language science
14813,14813,8,natural science
14814,14814,7,natural science
14815,14815,3,social science
14816,14816,7,natural science
14817,14817,5,social science
14818,14818,8,natural science
14819,14819,7,natural science
14820,14820,6,social science
14821,14821,7,natural science
14822,14822,3,natural science
14823,14823,3,language science
14824,14824,4,natural science
14825,14825,4,natural science
14826,14826,7,social science
14827,14827,3,social science
14828,14828,8,natural science
14829,14829,5,social science
14830,14830,7,language science
14831,14831,5,social science
14832,14832,7,natural science
14833,14833,7,social science
14834,14834,6,natural science
14835,14835,4,natural science
14836,14836,11,language science
14837,14837,6,natural science
14838,14838,3,natural science
14839,14839,8,natural science
14840,14840,4,natural science
14841,14841,4,language science
14842,14842,8,natural science
14843,14843,7,language science
14844,14844,5,natural science
14845,14845,7,language science
14846,14846,9,language science
14847,14847,6,natural science
14848,14848,4,social science
14849,14849,8,natural science
14850,14850,12,language science
14851,14851,2,natural science
14852,14852,6,language science
14853,14853,2,natural science
14854,14854,5,natural science
14855,14855,2,natural science
14856,14856,7,social science
14857,14857,6,natural science
14858,14858,4,natural science
14859,14859,2,natural science
14860,14860,6,natural science
14861,14861,6,natural science
14862,14862,11,language science
14863,14863,5,natural science
14864,14864,6,natural science
14865,14865,8,natural science
14866,14866,6,natural science
14867,14867,5,natural science
14868,14868,3,social science
14869,14869,12,language science
14870,14870,2,social science
14871,14871,5,social science
14872,14872,4,natural science
14873,14873,6,natural science
14874,14874,4,natural science
14875,14875,7,natural science
14876,14876,4,natural science
14877,14877,8,natural science
14878,14878,7,natural science
14879,14879,4,natural science
14880,14880,5,social science
14881,14881,8,natural science
14882,14882,8,natural science
14883,14883,3,social science
14884,14884,3,language science
14885,14885,12,language science
14886,14886,7,language science
14887,14887,4,natural science
14888,14888,4,social science
14889,14889,2,language science
14890,14890,10,language science
14891,14891,2,language science
14892,14892,6,language science
14893,14893,2,language science
14894,14894,5,natural science
14895,14895,8,natural science
14896,14896,2,natural science
14897,14897,8,social science
14898,14898,5,natural science
14899,14899,3,natural science
14900,14900,4,language science
14901,14901,4,natural science
14902,14902,4,natural science
14903,14903,4,social science
14904,14904,6,language science
14905,14905,3,social science
14906,14906,6,natural science
14907,14907,6,natural science
14908,14908,5,natural science
14909,14909,8,language science
14910,14910,5,social science
14911,14911,10,language science
14912,14912,3,language science
14913,14913,8,natural science
14914,14914,2,natural science
14915,14915,8,natural science
14916,14916,4,social science
14917,14917,7,social science
14918,14918,2,natural science
14919,14919,3,natural science
14920,14920,5,natural science
14921,14921,7,natural science
14922,14922,5,natural science
14923,14923,8,natural science
14924,14924,3,natural science
14925,14925,4,natural science
14926,14926,5,social science
14927,14927,5,social science
14928,14928,5,social science
14929,14929,2,natural science
14930,14930,7,natural science
14931,14931,8,language science
14932,14932,6,natural science
14933,14933,2,natural science
14934,14934,3,social science
14935,14935,3,natural science
14936,14936,7,natural science
14937,14937,5,natural science
14938,14938,5,natural science
14939,14939,8,natural science
14940,14940,8,natural science
14941,14941,8,natural science
14942,14942,5,natural science
14943,14943,4,social science
14944,14944,8,natural science
14945,14945,12,language science
14946,14946,7,language science
14947,14947,4,natural science
14948,14948,4,natural science
14949,14949,7,natural science
14950,14950,4,language science
14951,14951,2,language science
14952,14952,4,language science
14953,14953,3,social science
14954,14954,6,natural science
14955,14955,3,social science
14956,14956,7,natural science
14957,14957,3,natural science
14958,14958,5,social science
14959,14959,4,natural science
14960,14960,8,natural science
14961,14961,7,language science
14962,14962,2,natural science
14963,14963,6,natural science
14964,14964,4,social science
14965,14965,7,social science
14966,14966,2,natural science
14967,14967,4,social science
14968,14968,6,natural science
14969,14969,3,language science
14970,14970,4,natural science
14971,14971,4,social science
14972,14972,2,natural science
14973,14973,5,natural science
14974,14974,4,language science
14975,14975,4,natural science
14976,14976,8,language science
14977,14977,11,language science
14978,14978,5,social science
14979,14979,4,natural science
14980,14980,5,natural science
14981,14981,8,natural science
14982,14982,3,social science
14983,14983,4,natural science
14984,14984,8,natural science
14985,14985,8,natural science
14986,14986,7,natural science
14987,14987,8,natural science
14988,14988,4,social science
14989,14989,7,natural science
14990,14990,2,natural science
14991,14991,5,social science
14992,14992,9,language science
14993,14993,7,natural science
14994,14994,5,language science
14995,14995,12,language science
14996,14996,8,natural science
14997,14997,7,natural science
14998,14998,3,social science
14999,14999,7,natural science
15000,15000,5,language science
15001,15001,2,natural science
15002,15002,2,social science
15003,15003,4,natural science
15004,15004,2,natural science
15005,15005,8,natural science
15006,15006,7,natural science
15007,15007,3,natural science
15008,15008,7,natural science
15009,15009,4,natural science
15010,15010,3,language science
15011,15011,3,natural science
15012,15012,2,natural science
15013,15013,3,natural science
15014,15014,3,social science
15015,15015,8,social science
15016,15016,7,social science
15017,15017,11,language science
15018,15018,4,natural science
15019,15019,4,social science
15020,15020,8,language science
15021,15021,4,natural science
15022,15022,2,natural science
15023,15023,7,natural science
15024,15024,8,social science
15025,15025,8,language science
15026,15026,4,natural science
15027,15027,6,social science
15028,15028,4,language science
15029,15029,10,language science
15030,15030,8,natural science
15031,15031,7,natural science
15032,15032,12,language science
15033,15033,4,social science
15034,15034,2,natural science
15035,15035,5,social science
15036,15036,4,language science
15037,15037,9,language science
15038,15038,5,natural science
15039,15039,5,natural science
15040,15040,4,natural science
15041,15041,7,natural science
15042,15042,5,natural science
15043,15043,11,language science
15044,15044,5,social science
15045,15045,9,language science
15046,15046,3,language science
15047,15047,4,natural science
15048,15048,4,natural science
15049,15049,4,natural science
15050,15050,7,natural science
15051,15051,5,social science
15052,15052,4,language science
15053,15053,4,natural science
15054,15054,4,natural science
15055,15055,7,natural science
15056,15056,5,natural science
15057,15057,8,natural science
15058,15058,7,natural science
15059,15059,7,social science
15060,15060,8,natural science
15061,15061,11,language science
15062,15062,7,natural science
15063,15063,2,natural science
15064,15064,7,natural science
15065,15065,4,natural science
15066,15066,2,language science
15067,15067,2,natural science
15068,15068,8,natural science
15069,15069,7,natural science
15070,15070,7,natural science
15071,15071,9,language science
15072,15072,5,natural science
15073,15073,12,language science
15074,15074,8,natural science
15075,15075,4,natural science
15076,15076,4,natural science
15077,15077,4,natural science
15078,15078,4,natural science
15079,15079,5,language science
15080,15080,5,social science
15081,15081,3,social science
15082,15082,5,language science
15083,15083,4,natural science
15084,15084,5,social science
15085,15085,7,natural science
15086,15086,2,natural science
15087,15087,4,natural science
15088,15088,4,social science
15089,15089,5,natural science
15090,15090,4,social science
15091,15091,8,language science
15092,15092,8,natural science
15093,15093,12,language science
15094,15094,3,language science
15095,15095,4,social science
15096,15096,5,natural science
15097,15097,8,natural science
15098,15098,8,natural science
15099,15099,3,language science
15100,15100,8,natural science
15101,15101,3,social science
15102,15102,7,social science
15103,15103,3,natural science
15104,15104,5,social science
15105,15105,2,natural science
15106,15106,10,language science
15107,15107,2,language science
15108,15108,8,natural science
15109,15109,3,natural science
15110,15110,7,language science
15111,15111,7,social science
15112,15112,8,natural science
15113,15113,4,natural science
15114,15114,7,natural science
15115,15115,3,natural science
15116,15116,11,language science
15117,15117,6,natural science
15118,15118,2,natural science
15119,15119,9,language science
15120,15120,5,natural science
15121,15121,4,social science
15122,15122,3,language science
15123,15123,5,natural science
15124,15124,6,natural science
15125,15125,8,social science
15126,15126,4,natural science
15127,15127,8,natural science
15128,15128,6,natural science
15129,15129,5,social science
15130,15130,8,natural science
15131,15131,7,natural science
15132,15132,6,natural science
15133,15133,7,natural science
15134,15134,5,language science
15135,15135,7,language science
15136,15136,4,language science
15137,15137,4,natural science
15138,15138,5,natural science
15139,15139,5,social science
15140,15140,7,natural science
15141,15141,7,natural science
15142,15142,4,natural science
15143,15143,7,natural science
15144,15144,4,natural science
15145,15145,5,language science
15146,15146,12,language science
15147,15147,5,natural science
15148,15148,8,social science
15149,15149,9,language science
15150,15150,8,natural science
15151,15151,8,natural science
15152,15152,3,natural science
15153,15153,4,natural science
15154,15154,7,natural science
15155,15155,5,social science
15156,15156,8,social science
15157,15157,7,language science
15158,15158,8,social science
15159,15159,7,language science
15160,15160,8,natural science
15161,15161,3,social science
15162,15162,3,language science
15163,15163,12,language science
15164,15164,10,language science
15165,15165,5,social science
15166,15166,3,natural science
15167,15167,7,language science
15168,15168,7,natural science
15169,15169,2,natural science
15170,15170,8,language science
15171,15171,6,social science
15172,15172,2,language science
15173,15173,6,natural science
15174,15174,6,natural science
15175,15175,6,natural science
15176,15176,11,language science
15177,15177,2,language science
15178,15178,4,natural science
15179,15179,5,social science
15180,15180,11,language science
15181,15181,5,natural science
15182,15182,6,natural science
15183,15183,2,language science
15184,15184,7,social science
15185,15185,6,natural science
15186,15186,7,social science
15187,15187,6,natural science
15188,15188,4,language science
15189,15189,7,language science
15190,15190,8,language science
15191,15191,5,natural science
15192,15192,6,natural science
15193,15193,3,social science
15194,15194,3,natural science
15195,15195,3,social science
15196,15196,4,social science
15197,15197,3,natural science
15198,15198,8,natural science
15199,15199,6,natural science
15200,15200,6,natural science
15201,15201,2,natural science
15202,15202,7,natural science
15203,15203,5,social science
15204,15204,4,natural science
15205,15205,2,natural science
15206,15206,3,natural science
15207,15207,2,natural science
15208,15208,5,natural science
15209,15209,2,natural science
15210,15210,7,natural science
15211,15211,4,language science
15212,15212,4,natural science
15213,15213,8,natural science
15214,15214,11,language science
15215,15215,9,language science
15216,15216,8,natural science
15217,15217,2,natural science
15218,15218,7,language science
15219,15219,4,natural science
15220,15220,5,social science
15221,15221,3,social science
15222,15222,2,natural science
15223,15223,6,social science
15224,15224,3,natural science
15225,15225,5,natural science
15226,15226,8,natural science
15227,15227,5,language science
15228,15228,7,natural science
15229,15229,4,natural science
15230,15230,4,natural science
15231,15231,2,natural science
15232,15232,6,natural science
15233,15233,5,social science
15234,15234,10,language science
15235,15235,2,natural science
15236,15236,4,social science
15237,15237,8,language science
15238,15238,10,language science
15239,15239,2,language science
15240,15240,4,language science
15241,15241,7,natural science
15242,15242,12,language science
15243,15243,7,natural science
15244,15244,7,natural science
15245,15245,4,social science
15246,15246,4,language science
15247,15247,7,social science
15248,15248,3,language science
15249,15249,4,natural science
15250,15250,6,social science
15251,15251,3,language science
15252,15252,4,natural science
15253,15253,5,natural science
15254,15254,2,natural science
15255,15255,4,natural science
15256,15256,4,natural science
15257,15257,8,natural science
15258,15258,5,natural science
15259,15259,3,social science
15260,15260,8,language science
15261,15261,3,natural science
15262,15262,3,natural science
15263,15263,9,language science
15264,15264,5,social science
15265,15265,3,social science
15266,15266,2,natural science
15267,15267,12,language science
15268,15268,5,natural science
15269,15269,8,natural science
15270,15270,4,natural science
15271,15271,11,language science
15272,15272,6,natural science
15273,15273,4,social science
15274,15274,9,language science
15275,15275,6,natural science
15276,15276,11,language science
15277,15277,8,natural science
15278,15278,5,natural science
15279,15279,6,natural science
15280,15280,3,natural science
15281,15281,4,natural science
15282,15282,3,natural science
15283,15283,2,natural science
15284,15284,4,natural science
15285,15285,8,natural science
15286,15286,2,social science
15287,15287,4,language science
15288,15288,6,natural science
15289,15289,7,natural science
15290,15290,4,natural science
15291,15291,9,language science
15292,15292,9,language science
15293,15293,3,natural science
15294,15294,2,natural science
15295,15295,5,natural science
15296,15296,2,natural science
15297,15297,3,social science
15298,15298,4,language science
15299,15299,10,language science
15300,15300,6,natural science
15301,15301,8,natural science
15302,15302,7,natural science
15303,15303,7,natural science
15304,15304,5,natural science
15305,15305,8,social science
15306,15306,2,social science
15307,15307,6,natural science
15308,15308,7,social science
15309,15309,8,natural science
15310,15310,8,social science
15311,15311,3,social science
15312,15312,2,natural science
15313,15313,4,natural science
15314,15314,4,social science
15315,15315,8,natural science
15316,15316,7,language science
15317,15317,4,natural science
15318,15318,5,natural science
15319,15319,3,natural science
15320,15320,3,natural science
15321,15321,11,language science
15322,15322,2,natural science
15323,15323,7,language science
15324,15324,5,natural science
15325,15325,12,language science
15326,15326,7,language science
15327,15327,6,natural science
15328,15328,3,social science
15329,15329,3,natural science
15330,15330,6,natural science
15331,15331,2,language science
15332,15332,8,natural science
15333,15333,6,natural science
15334,15334,8,language science
15335,15335,2,natural science
15336,15336,4,natural science
15337,15337,6,natural science
15338,15338,6,natural science
15339,15339,11,language science
15340,15340,7,natural science
15341,15341,8,natural science
15342,15342,8,language science
15343,15343,5,natural science
15344,15344,8,natural science
15345,15345,11,language science
15346,15346,7,social science
15347,15347,5,natural science
15348,15348,7,language science
15349,15349,3,language science
15350,15350,3,language science
15351,15351,8,natural science
15352,15352,6,natural science
15353,15353,4,language science
15354,15354,4,natural science
15355,15355,3,social science
15356,15356,2,natural science
15357,15357,5,social science
15358,15358,3,social science
15359,15359,4,social science
15360,15360,12,language science
15361,15361,3,language science
15362,15362,6,natural science
15363,15363,3,natural science
15364,15364,7,natural science
15365,15365,7,natural science
15366,15366,3,natural science
15367,15367,4,social science
15368,15368,10,language science
15369,15369,12,language science
15370,15370,3,language science
15371,15371,7,natural science
15372,15372,8,natural science
15373,15373,3,social science
15374,15374,5,social science
15375,15375,6,social science
15376,15376,6,natural science
15377,15377,6,natural science
15378,15378,12,language science
15379,15379,6,natural science
15380,15380,7,social science
15381,15381,5,natural science
15382,15382,4,natural science
15383,15383,5,natural science
15384,15384,4,natural science
15385,15385,5,social science
15386,15386,7,language science
15387,15387,6,natural science
15388,15388,8,natural science
15389,15389,3,natural science
15390,15390,3,social science
15391,15391,2,natural science
15392,15392,4,natural science
15393,15393,5,natural science
15394,15394,3,natural science
15395,15395,8,natural science
15396,15396,4,social science
15397,15397,4,social science
15398,15398,5,natural science
15399,15399,4,natural science
15400,15400,8,language science
15401,15401,6,natural science
15402,15402,7,natural science
15403,15403,5,language science
15404,15404,3,natural science
15405,15405,4,natural science
15406,15406,4,natural science
15407,15407,8,language science
15408,15408,12,language science
15409,15409,5,natural science
15410,15410,9,language science
15411,15411,9,language science
15412,15412,10,language science
15413,15413,4,natural science
15414,15414,8,natural science
15415,15415,4,social science
15416,15416,7,social science
15417,15417,7,natural science
15418,15418,8,natural science
15419,15419,4,social science
15420,15420,3,social science
15421,15421,4,social science
15422,15422,8,social science
15423,15423,6,natural science
15424,15424,6,natural science
15425,15425,2,language science
15426,15426,3,language science
15427,15427,4,natural science
15428,15428,4,language science
15429,15429,4,social science
15430,15430,7,natural science
15431,15431,4,social science
15432,15432,5,natural science
15433,15433,4,social science
15434,15434,3,social science
15435,15435,7,social science
15436,15436,3,natural science
15437,15437,6,natural science
15438,15438,7,natural science
15439,15439,3,natural science
15440,15440,12,language science
15441,15441,2,language science
15442,15442,7,natural science
15443,15443,3,social science
15444,15444,4,natural science
15445,15445,8,natural science
15446,15446,5,social science
15447,15447,8,natural science
15448,15448,8,social science
15449,15449,12,language science
15450,15450,12,language science
15451,15451,3,natural science
15452,15452,4,natural science
15453,15453,4,natural science
15454,15454,5,social science
15455,15455,5,natural science
15456,15456,6,natural science
15457,15457,6,natural science
15458,15458,3,social science
15459,15459,4,natural science
15460,15460,7,natural science
15461,15461,10,language science
15462,15462,4,natural science
15463,15463,5,social science
15464,15464,12,language science
15465,15465,12,language science
15466,15466,8,natural science
15467,15467,2,natural science
15468,15468,5,social science
15469,15469,3,natural science
15470,15470,6,language science
15471,15471,4,natural science
15472,15472,6,language science
15473,15473,5,social science
15474,15474,10,language science
15475,15475,9,language science
15476,15476,5,language science
15477,15477,8,social science
15478,15478,3,natural science
15479,15479,6,language science
15480,15480,1,language science
15481,15481,4,social science
15482,15482,12,language science
15483,15483,5,natural science
15484,15484,6,natural science
15485,15485,3,natural science
15486,15486,6,social science
15487,15487,2,natural science
15488,15488,5,social science
15489,15489,3,natural science
15490,15490,2,natural science
15491,15491,4,natural science
15492,15492,5,natural science
15493,15493,11,language science
15494,15494,4,natural science
15495,15495,5,language science
15496,15496,9,language science
15497,15497,6,natural science
15498,15498,7,natural science
15499,15499,11,language science
15500,15500,7,natural science
15501,15501,8,language science
15502,15502,3,natural science
15503,15503,3,language science
15504,15504,2,natural science
15505,15505,12,language science
15506,15506,8,language science
15507,15507,12,language science
15508,15508,7,natural science
15509,15509,3,natural science
15510,15510,4,natural science
15511,15511,3,language science
15512,15512,8,natural science
15513,15513,2,social science
15514,15514,7,natural science
15515,15515,8,natural science
15516,15516,3,natural science
15517,15517,2,natural science
15518,15518,4,natural science
15519,15519,8,language science
15520,15520,4,natural science
15521,15521,4,language science
15522,15522,4,natural science
15523,15523,7,natural science
15524,15524,5,social science
15525,15525,10,language science
15526,15526,3,natural science
15527,15527,3,natural science
15528,15528,3,natural science
15529,15529,6,natural science
15530,15530,5,social science
15531,15531,6,natural science
15532,15532,3,natural science
15533,15533,8,language science
15534,15534,4,natural science
15535,15535,5,natural science
15536,15536,4,natural science
15537,15537,5,natural science
15538,15538,2,language science
15539,15539,9,language science
15540,15540,8,natural science
15541,15541,6,social science
15542,15542,2,language science
15543,15543,2,natural science
15544,15544,4,language science
15545,15545,5,language science
15546,15546,6,language science
15547,15547,4,natural science
15548,15548,12,language science
15549,15549,7,natural science
15550,15550,6,natural science
15551,15551,4,natural science
15552,15552,7,natural science
15553,15553,6,natural science
15554,15554,7,natural science
15555,15555,5,natural science
15556,15556,4,natural science
15557,15557,7,social science
15558,15558,5,natural science
15559,15559,5,natural science
15560,15560,9,language science
15561,15561,4,social science
15562,15562,11,language science
15563,15563,7,natural science
15564,15564,1,language science
15565,15565,5,natural science
15566,15566,3,language science
15567,15567,5,natural science
15568,15568,8,natural science
15569,15569,5,natural science
15570,15570,11,language science
15571,15571,5,natural science
15572,15572,4,natural science
15573,15573,9,language science
15574,15574,5,natural science
15575,15575,12,language science
15576,15576,7,natural science
15577,15577,8,social science
15578,15578,3,social science
15579,15579,5,social science
15580,15580,2,social science
15581,15581,11,language science
15582,15582,6,language science
15583,15583,4,natural science
15584,15584,4,natural science
15585,15585,4,language science
15586,15586,3,natural science
15587,15587,3,language science
15588,15588,4,language science
15589,15589,4,natural science
15590,15590,7,language science
15591,15591,3,natural science
15592,15592,6,natural science
15593,15593,2,language science
15594,15594,11,language science
15595,15595,10,language science
15596,15596,5,natural science
15597,15597,12,language science
15598,15598,6,social science
15599,15599,7,natural science
15600,15600,2,natural science
15601,15601,5,natural science
15602,15602,3,natural science
15603,15603,5,social science
15604,15604,2,natural science
15605,15605,5,social science
15606,15606,3,language science
15607,15607,3,social science
15608,15608,5,natural science
15609,15609,2,language science
15610,15610,4,social science
15611,15611,2,social science
15612,15612,3,natural science
15613,15613,4,natural science
15614,15614,5,language science
15615,15615,6,natural science
15616,15616,4,natural science
15617,15617,4,social science
15618,15618,6,natural science
15619,15619,4,social science
15620,15620,5,natural science
15621,15621,3,natural science
15622,15622,7,natural science
15623,15623,4,natural science
15624,15624,4,social science
15625,15625,5,social science
15626,15626,10,language science
15627,15627,3,natural science
15628,15628,4,natural science
15629,15629,4,social science
15630,15630,7,natural science
15631,15631,4,natural science
15632,15632,2,natural science
15633,15633,9,language science
15634,15634,7,natural science
15635,15635,12,language science
15636,15636,7,natural science
15637,15637,4,social science
15638,15638,7,social science
15639,15639,7,natural science
15640,15640,5,natural science
15641,15641,3,social science
15642,15642,7,social science
15643,15643,7,social science
15644,15644,4,social science
15645,15645,8,social science
15646,15646,6,language science
15647,15647,7,natural science
15648,15648,6,natural science
15649,15649,8,natural science
15650,15650,6,natural science
15651,15651,9,language science
15652,15652,8,natural science
15653,15653,3,social science
15654,15654,7,language science
15655,15655,7,social science
15656,15656,8,natural science
15657,15657,7,natural science
15658,15658,5,language science
15659,15659,6,language science
15660,15660,2,natural science
15661,15661,6,natural science
15662,15662,3,social science
15663,15663,9,language science
15664,15664,10,language science
15665,15665,3,language science
15666,15666,5,social science
15667,15667,6,natural science
15668,15668,12,language science
15669,15669,4,social science
15670,15670,2,natural science
15671,15671,5,social science
15672,15672,12,language science
15673,15673,2,natural science
15674,15674,5,social science
15675,15675,3,natural science
15676,15676,5,language science
15677,15677,12,language science
15678,15678,5,social science
15679,15679,2,language science
15680,15680,5,natural science
15681,15681,4,social science
15682,15682,7,social science
15683,15683,8,natural science
15684,15684,4,social science
15685,15685,12,language science
15686,15686,8,natural science
15687,15687,5,natural science
15688,15688,4,natural science
15689,15689,10,language science
15690,15690,2,language science
15691,15691,4,language science
15692,15692,10,language science
15693,15693,3,natural science
15694,15694,7,natural science
15695,15695,6,language science
15696,15696,7,social science
15697,15697,5,natural science
15698,15698,6,natural science
15699,15699,7,social science
15700,15700,6,language science
15701,15701,4,social science
15702,15702,10,language science
15703,15703,6,natural science
15704,15704,5,social science
15705,15705,6,natural science
15706,15706,4,natural science
15707,15707,3,natural science
15708,15708,8,natural science
15709,15709,5,social science
15710,15710,8,natural science
15711,15711,8,language science
15712,15712,3,language science
15713,15713,6,natural science
15714,15714,6,language science
15715,15715,2,natural science
15716,15716,5,natural science
15717,15717,3,social science
15718,15718,2,language science
15719,15719,4,natural science
15720,15720,2,natural science
15721,15721,8,natural science
15722,15722,4,natural science
15723,15723,8,language science
15724,15724,8,natural science
15725,15725,6,natural science
15726,15726,10,language science
15727,15727,5,natural science
15728,15728,5,language science
15729,15729,5,language science
15730,15730,6,language science
15731,15731,7,social science
15732,15732,3,natural science
15733,15733,6,natural science
15734,15734,5,natural science
15735,15735,7,natural science
15736,15736,8,language science
15737,15737,9,language science
15738,15738,6,natural science
15739,15739,3,natural science
15740,15740,7,language science
15741,15741,6,natural science
15742,15742,3,natural science
15743,15743,7,natural science
15744,15744,5,social science
15745,15745,5,natural science
15746,15746,11,language science
15747,15747,3,natural science
15748,15748,3,social science
15749,15749,6,social science
15750,15750,11,language science
15751,15751,7,natural science
15752,15752,3,language science
15753,15753,8,natural science
15754,15754,4,language science
15755,15755,5,social science
15756,15756,6,natural science
15757,15757,3,natural science
15758,15758,7,language science
15759,15759,12,language science
15760,15760,5,natural science
15761,15761,8,natural science
15762,15762,4,social science
15763,15763,5,social science
15764,15764,7,natural science
15765,15765,3,social science
15766,15766,4,social science
15767,15767,7,natural science
15768,15768,3,language science
15769,15769,3,language science
15770,15770,3,social science
15771,15771,4,language science
15772,15772,8,social science
15773,15773,5,social science
15774,15774,8,natural science
15775,15775,3,natural science
15776,15776,2,natural science
15777,15777,6,social science
15778,15778,10,language science
15779,15779,3,natural science
15780,15780,2,natural science
15781,15781,5,natural science
15782,15782,8,language science
15783,15783,7,natural science
15784,15784,4,natural science
15785,15785,6,language science
15786,15786,4,natural science
15787,15787,7,natural science
15788,15788,4,natural science
15789,15789,7,natural science
15790,15790,11,language science
15791,15791,5,natural science
15792,15792,4,natural science
15793,15793,2,natural science
15794,15794,4,natural science
15795,15795,4,natural science
15796,15796,8,natural science
15797,15797,5,natural science
15798,15798,5,natural science
15799,15799,5,social science
15800,15800,2,natural science
15801,15801,11,language science
15802,15802,7,social science
15803,15803,9,language science
15804,15804,3,social science
15805,15805,12,language science
15806,15806,7,natural science
15807,15807,4,natural science
15808,15808,3,natural science
15809,15809,5,natural science
15810,15810,6,natural science
15811,15811,5,social science
15812,15812,2,language science
15813,15813,3,social science
15814,15814,7,language science
15815,15815,3,social science
15816,15816,4,natural science
15817,15817,5,natural science
15818,15818,3,social science
15819,15819,8,natural science
15820,15820,3,natural science
15821,15821,11,language science
15822,15822,4,language science
15823,15823,9,language science
15824,15824,3,social science
15825,15825,2,natural science
15826,15826,11,language science
15827,15827,9,language science
15828,15828,3,natural science
15829,15829,2,language science
15830,15830,2,language science
15831,15831,6,natural science
15832,15832,4,natural science
15833,15833,4,language science
15834,15834,3,natural science
15835,15835,4,natural science
15836,15836,5,natural science
15837,15837,2,natural science
15838,15838,5,natural science
15839,15839,4,natural science
15840,15840,2,language science
15841,15841,7,natural science
15842,15842,8,natural science
15843,15843,3,natural science
15844,15844,7,natural science
15845,15845,6,natural science
15846,15846,7,natural science
15847,15847,3,natural science
15848,15848,6,natural science
15849,15849,7,language science
15850,15850,8,language science
15851,15851,8,natural science
15852,15852,12,language science
15853,15853,8,language science
15854,15854,7,language science
15855,15855,4,language science
15856,15856,5,natural science
15857,15857,7,natural science
15858,15858,4,social science
15859,15859,7,social science
15860,15860,11,language science
15861,15861,6,natural science
15862,15862,7,natural science
15863,15863,3,natural science
15864,15864,2,natural science
15865,15865,6,natural science
15866,15866,2,natural science
15867,15867,5,language science
15868,15868,7,natural science
15869,15869,4,natural science
15870,15870,7,natural science
15871,15871,8,natural science
15872,15872,10,language science
15873,15873,7,natural science
15874,15874,4,natural science
15875,15875,7,natural science
15876,15876,3,natural science
15877,15877,8,natural science
15878,15878,3,natural science
15879,15879,9,language science
15880,15880,7,natural science
15881,15881,2,natural science
15882,15882,7,natural science
15883,15883,3,social science
15884,15884,8,natural science
15885,15885,4,natural science
15886,15886,5,natural science
15887,15887,2,language science
15888,15888,8,natural science
15889,15889,2,social science
15890,15890,4,language science
15891,15891,10,language science
15892,15892,5,natural science
15893,15893,7,language science
15894,15894,6,language science
15895,15895,8,language science
15896,15896,4,natural science
15897,15897,7,social science
15898,15898,5,natural science
15899,15899,8,language science
15900,15900,7,natural science
15901,15901,5,language science
15902,15902,5,social science
15903,15903,5,social science
15904,15904,9,language science
15905,15905,4,social science
15906,15906,3,natural science
15907,15907,4,natural science
15908,15908,8,language science
15909,15909,5,natural science
15910,15910,8,natural science
15911,15911,12,language science
15912,15912,4,language science
15913,15913,4,natural science
15914,15914,3,natural science
15915,15915,8,natural science
15916,15916,5,natural science
15917,15917,7,natural science
15918,15918,4,social science
15919,15919,4,natural science
15920,15920,10,language science
15921,15921,4,natural science
15922,15922,2,social science
15923,15923,5,social science
15924,15924,2,social science
15925,15925,4,social science
15926,15926,10,language science
15927,15927,4,language science
15928,15928,5,social science
15929,15929,7,language science
15930,15930,5,language science
15931,15931,5,natural science
15932,15932,5,language science
15933,15933,6,language science
15934,15934,4,natural science
15935,15935,5,natural science
15936,15936,9,language science
15937,15937,3,natural science
15938,15938,8,natural science
15939,15939,8,natural science
15940,15940,2,natural science
15941,15941,5,social science
15942,15942,12,language science
15943,15943,7,language science
15944,15944,11,language science
15945,15945,4,language science
15946,15946,3,natural science
15947,15947,7,language science
15948,15948,3,natural science
15949,15949,6,natural science
15950,15950,9,language science
15951,15951,6,natural science
15952,15952,6,natural science
15953,15953,3,natural science
15954,15954,3,social science
15955,15955,3,natural science
15956,15956,5,natural science
15957,15957,5,natural science
15958,15958,7,natural science
15959,15959,3,language science
15960,15960,7,natural science
15961,15961,8,social science
15962,15962,4,language science
15963,15963,5,social science
15964,15964,3,natural science
15965,15965,5,natural science
15966,15966,5,natural science
15967,15967,5,natural science
15968,15968,7,natural science
15969,15969,6,natural science
15970,15970,3,natural science
15971,15971,8,natural science
15972,15972,5,natural science
15973,15973,4,natural science
15974,15974,6,natural science
15975,15975,7,natural science
15976,15976,12,language science
15977,15977,6,social science
15978,15978,3,natural science
15979,15979,6,language science
15980,15980,4,natural science
15981,15981,3,social science
15982,15982,6,language science
15983,15983,4,social science
15984,15984,2,natural science
15985,15985,11,language science
15986,15986,4,social science
15987,15987,11,language science
15988,15988,4,natural science
15989,15989,8,natural science
15990,15990,7,social science
15991,15991,5,social science
15992,15992,3,social science
15993,15993,3,natural science
15994,15994,5,natural science
15995,15995,6,social science
15996,15996,6,social science
15997,15997,7,natural science
15998,15998,8,natural science
15999,15999,3,natural science
16000,16000,5,natural science
16001,16001,2,natural science
16002,16002,8,natural science
16003,16003,3,natural science
16004,16004,2,natural science
16005,16005,2,natural science
16006,16006,4,social science
16007,16007,5,natural science
16008,16008,5,natural science
16009,16009,2,language science
16010,16010,3,social science
16011,16011,8,natural science
16012,16012,7,social science
16013,16013,2,natural science
16014,16014,3,natural science
16015,16015,2,language science
16016,16016,5,natural science
16017,16017,7,natural science
16018,16018,3,natural science
16019,16019,10,language science
16020,16020,4,social science
16021,16021,5,social science
16022,16022,2,language science
16023,16023,6,social science
16024,16024,4,natural science
16025,16025,5,natural science
16026,16026,3,social science
16027,16027,6,social science
16028,16028,7,language science
16029,16029,6,natural science
16030,16030,7,natural science
16031,16031,7,natural science
16032,16032,8,natural science
16033,16033,7,natural science
16034,16034,4,natural science
16035,16035,2,natural science
16036,16036,3,natural science
16037,16037,3,natural science
16038,16038,3,natural science
16039,16039,3,social science
16040,16040,4,natural science
16041,16041,2,social science
16042,16042,5,social science
16043,16043,7,natural science
16044,16044,5,natural science
16045,16045,4,social science
16046,16046,4,language science
16047,16047,9,language science
16048,16048,7,natural science
16049,16049,3,natural science
16050,16050,4,natural science
16051,16051,4,social science
16052,16052,4,social science
16053,16053,5,natural science
16054,16054,11,language science
16055,16055,5,social science
16056,16056,1,language science
16057,16057,8,language science
16058,16058,3,natural science
16059,16059,4,social science
16060,16060,8,natural science
16061,16061,4,natural science
16062,16062,3,natural science
16063,16063,3,natural science
16064,16064,9,language science
16065,16065,4,natural science
16066,16066,3,natural science
16067,16067,8,social science
16068,16068,5,language science
16069,16069,7,language science
16070,16070,11,language science
16071,16071,5,natural science
16072,16072,8,natural science
16073,16073,5,social science
16074,16074,11,language science
16075,16075,4,social science
16076,16076,5,social science
16077,16077,5,natural science
16078,16078,4,natural science
16079,16079,2,natural science
16080,16080,9,language science
16081,16081,2,language science
16082,16082,5,social science
16083,16083,3,natural science
16084,16084,3,natural science
16085,16085,5,natural science
16086,16086,3,social science
16087,16087,6,natural science
16088,16088,5,natural science
16089,16089,8,natural science
16090,16090,7,language science
16091,16091,6,natural science
16092,16092,11,language science
16093,16093,5,social science
16094,16094,4,natural science
16095,16095,3,social science
16096,16096,3,natural science
16097,16097,5,language science
16098,16098,6,natural science
16099,16099,5,natural science
16100,16100,4,natural science
16101,16101,2,natural science
16102,16102,8,natural science
16103,16103,4,language science
16104,16104,5,natural science
16105,16105,3,natural science
16106,16106,4,natural science
16107,16107,6,natural science
16108,16108,8,natural science
16109,16109,3,natural science
16110,16110,8,natural science
16111,16111,3,social science
16112,16112,4,natural science
16113,16113,6,social science
16114,16114,9,language science
16115,16115,2,social science
16116,16116,11,language science
16117,16117,4,language science
16118,16118,5,social science
16119,16119,5,language science
16120,16120,4,social science
16121,16121,4,natural science
16122,16122,5,language science
16123,16123,6,natural science
16124,16124,2,natural science
16125,16125,12,language science
16126,16126,5,language science
16127,16127,4,social science
16128,16128,3,natural science
16129,16129,11,language science
16130,16130,11,language science
16131,16131,8,natural science
16132,16132,4,language science
16133,16133,6,natural science
16134,16134,5,social science
16135,16135,9,language science
16136,16136,5,natural science
16137,16137,1,language science
16138,16138,6,natural science
16139,16139,7,language science
16140,16140,2,social science
16141,16141,7,social science
16142,16142,3,natural science
16143,16143,3,social science
16144,16144,4,social science
16145,16145,2,social science
16146,16146,3,language science
16147,16147,5,natural science
16148,16148,2,language science
16149,16149,6,natural science
16150,16150,7,social science
16151,16151,3,natural science
16152,16152,6,natural science
16153,16153,8,natural science
16154,16154,5,social science
16155,16155,7,natural science
16156,16156,5,language science
16157,16157,4,natural science
16158,16158,3,social science
16159,16159,5,social science
16160,16160,10,language science
16161,16161,4,social science
16162,16162,3,natural science
16163,16163,12,language science
16164,16164,11,language science
16165,16165,2,natural science
16166,16166,5,language science
16167,16167,4,natural science
16168,16168,6,natural science
16169,16169,4,natural science
16170,16170,3,natural science
16171,16171,4,natural science
16172,16172,4,natural science
16173,16173,6,natural science
16174,16174,3,natural science
16175,16175,4,natural science
16176,16176,5,natural science
16177,16177,12,language science
16178,16178,2,natural science
16179,16179,9,language science
16180,16180,3,natural science
16181,16181,4,language science
16182,16182,7,natural science
16183,16183,8,natural science
16184,16184,3,natural science
16185,16185,8,natural science
16186,16186,4,natural science
16187,16187,8,social science
16188,16188,5,social science
16189,16189,7,natural science
16190,16190,4,natural science
16191,16191,6,natural science
16192,16192,3,natural science
16193,16193,5,natural science
16194,16194,7,language science
16195,16195,4,natural science
16196,16196,4,natural science
16197,16197,2,social science
16198,16198,5,social science
16199,16199,7,language science
16200,16200,9,language science
16201,16201,3,natural science
16202,16202,5,language science
16203,16203,1,language science
16204,16204,6,social science
16205,16205,10,language science
16206,16206,7,natural science
16207,16207,5,natural science
16208,16208,5,natural science
16209,16209,8,natural science
16210,16210,5,social science
16211,16211,3,social science
16212,16212,8,natural science
16213,16213,6,natural science
16214,16214,4,natural science
16215,16215,5,natural science
16216,16216,7,natural science
16217,16217,7,social science
16218,16218,7,language science
16219,16219,5,natural science
16220,16220,8,natural science
16221,16221,8,natural science
16222,16222,8,natural science
16223,16223,8,natural science
16224,16224,3,natural science
16225,16225,8,language science
16226,16226,8,language science
16227,16227,5,social science
16228,16228,4,natural science
16229,16229,9,language science
16230,16230,2,natural science
16231,16231,8,social science
16232,16232,4,social science
16233,16233,2,natural science
16234,16234,5,language science
16235,16235,10,language science
16236,16236,12,language science
16237,16237,4,social science
16238,16238,6,natural science
16239,16239,6,language science
16240,16240,7,language science
16241,16241,4,natural science
16242,16242,6,natural science
16243,16243,2,natural science
16244,16244,8,natural science
16245,16245,4,social science
16246,16246,8,natural science
16247,16247,7,social science
16248,16248,8,natural science
16249,16249,5,natural science
16250,16250,7,social science
16251,16251,6,language science
16252,16252,6,language science
16253,16253,6,language science
16254,16254,2,social science
16255,16255,7,natural science
16256,16256,8,natural science
16257,16257,9,language science
16258,16258,8,natural science
16259,16259,5,natural science
16260,16260,8,social science
16261,16261,5,language science
16262,16262,4,natural science
16263,16263,8,natural science
16264,16264,11,language science
16265,16265,3,natural science
16266,16266,5,natural science
16267,16267,5,social science
16268,16268,10,language science
16269,16269,6,natural science
16270,16270,6,social science
16271,16271,7,natural science
16272,16272,3,language science
16273,16273,1,language science
16274,16274,3,natural science
16275,16275,12,language science
16276,16276,8,natural science
16277,16277,4,language science
16278,16278,4,natural science
16279,16279,3,social science
16280,16280,7,natural science
16281,16281,11,language science
16282,16282,7,natural science
16283,16283,4,social science
16284,16284,4,social science
16285,16285,10,language science
16286,16286,7,social science
16287,16287,5,social science
16288,16288,7,language science
16289,16289,6,language science
16290,16290,4,natural science
16291,16291,5,social science
16292,16292,8,language science
16293,16293,8,social science
16294,16294,3,natural science
16295,16295,5,natural science
16296,16296,5,language science
16297,16297,7,natural science
16298,16298,11,language science
16299,16299,7,natural science
16300,16300,3,natural science
16301,16301,6,natural science
16302,16302,8,natural science
16303,16303,4,natural science
16304,16304,5,natural science
16305,16305,6,language science
16306,16306,4,language science
16307,16307,5,natural science
16308,16308,8,social science
16309,16309,3,social science
16310,16310,2,natural science
16311,16311,6,language science
16312,16312,8,natural science
16313,16313,2,natural science
16314,16314,6,language science
16315,16315,7,language science
16316,16316,4,natural science
16317,16317,8,natural science
16318,16318,4,natural science
16319,16319,3,natural science
16320,16320,4,natural science
16321,16321,5,natural science
16322,16322,5,natural science
16323,16323,8,natural science
16324,16324,5,natural science
16325,16325,6,natural science
16326,16326,8,language science
16327,16327,10,language science
16328,16328,6,language science
16329,16329,3,natural science
16330,16330,5,language science
16331,16331,3,social science
16332,16332,5,language science
16333,16333,5,natural science
16334,16334,10,language science
16335,16335,5,social science
16336,16336,8,natural science
16337,16337,8,natural science
16338,16338,4,natural science
16339,16339,6,natural science
16340,16340,6,social science
16341,16341,6,social science
16342,16342,3,natural science
16343,16343,8,natural science
16344,16344,5,natural science
16345,16345,5,social science
16346,16346,3,social science
16347,16347,7,natural science
16348,16348,6,natural science
16349,16349,8,natural science
16350,16350,11,language science
16351,16351,3,language science
16352,16352,2,language science
16353,16353,6,natural science
16354,16354,6,language science
16355,16355,7,language science
16356,16356,7,social science
16357,16357,8,natural science
16358,16358,2,natural science
16359,16359,4,natural science
16360,16360,6,natural science
16361,16361,3,social science
16362,16362,3,natural science
16363,16363,6,language science
16364,16364,11,language science
16365,16365,6,natural science
16366,16366,3,natural science
16367,16367,4,social science
16368,16368,10,language science
16369,16369,5,natural science
16370,16370,7,social science
16371,16371,12,language science
16372,16372,3,natural science
16373,16373,4,social science
16374,16374,6,language science
16375,16375,3,natural science
16376,16376,4,social science
16377,16377,8,natural science
16378,16378,7,natural science
16379,16379,8,social science
16380,16380,3,natural science
16381,16381,3,language science
16382,16382,5,natural science
16383,16383,5,language science
16384,16384,9,language science
16385,16385,7,natural science
16386,16386,2,language science
16387,16387,4,language science
16388,16388,3,natural science
16389,16389,2,language science
16390,16390,3,language science
16391,16391,12,language science
16392,16392,5,natural science
16393,16393,7,natural science
16394,16394,8,natural science
16395,16395,9,language science
16396,16396,4,language science
16397,16397,5,social science
16398,16398,5,social science
16399,16399,4,social science
16400,16400,3,language science
16401,16401,6,social science
16402,16402,3,language science
16403,16403,5,social science
16404,16404,2,natural science
16405,16405,3,social science
16406,16406,11,language science
16407,16407,3,social science
16408,16408,5,social science
16409,16409,4,natural science
16410,16410,3,social science
16411,16411,4,natural science
16412,16412,5,social science
16413,16413,7,natural science
16414,16414,4,language science
16415,16415,5,social science
16416,16416,6,social science
16417,16417,5,social science
16418,16418,12,language science
16419,16419,7,natural science
16420,16420,8,social science
16421,16421,7,natural science
16422,16422,3,natural science
16423,16423,8,natural science
16424,16424,8,natural science
16425,16425,6,natural science
16426,16426,12,language science
16427,16427,6,social science
16428,16428,4,social science
16429,16429,2,natural science
16430,16430,3,language science
16431,16431,12,language science
16432,16432,5,natural science
16433,16433,5,social science
16434,16434,6,natural science
16435,16435,2,natural science
16436,16436,3,natural science
16437,16437,12,language science
16438,16438,2,natural science
16439,16439,3,language science
16440,16440,11,language science
16441,16441,6,social science
16442,16442,5,natural science
16443,16443,10,language science
16444,16444,3,natural science
16445,16445,5,natural science
16446,16446,3,natural science
16447,16447,5,natural science
16448,16448,3,natural science
16449,16449,7,natural science
16450,16450,5,natural science
16451,16451,3,natural science
16452,16452,8,natural science
16453,16453,2,natural science
16454,16454,9,language science
16455,16455,7,social science
16456,16456,6,natural science
16457,16457,5,natural science
16458,16458,3,natural science
16459,16459,8,social science
16460,16460,5,social science
16461,16461,6,natural science
16462,16462,12,language science
16463,16463,7,natural science
16464,16464,6,natural science
16465,16465,6,natural science
16466,16466,7,natural science
16467,16467,2,natural science
16468,16468,5,social science
16469,16469,8,social science
16470,16470,5,natural science
16471,16471,5,natural science
16472,16472,5,social science
16473,16473,6,natural science
16474,16474,3,natural science
16475,16475,3,natural science
16476,16476,5,natural science
16477,16477,8,natural science
16478,16478,4,natural science
16479,16479,7,natural science
16480,16480,8,social science
16481,16481,12,language science
16482,16482,4,social science
16483,16483,11,language science
16484,16484,10,language science
16485,16485,2,natural science
16486,16486,7,natural science
16487,16487,4,language science
16488,16488,2,natural science
16489,16489,7,language science
16490,16490,4,natural science
16491,16491,6,natural science
16492,16492,7,natural science
16493,16493,10,language science
16494,16494,8,natural science
16495,16495,5,social science
16496,16496,6,language science
16497,16497,5,natural science
16498,16498,4,natural science
16499,16499,1,language science
16500,16500,12,language science
16501,16501,6,language science
16502,16502,7,social science
16503,16503,11,language science
16504,16504,4,natural science
16505,16505,5,natural science
16506,16506,7,natural science
16507,16507,12,language science
16508,16508,6,natural science
16509,16509,5,natural science
16510,16510,4,natural science
16511,16511,5,natural science
16512,16512,7,social science
16513,16513,3,natural science
16514,16514,4,natural science
16515,16515,7,social science
16516,16516,4,social science
16517,16517,7,natural science
16518,16518,3,natural science
16519,16519,8,natural science
16520,16520,7,natural science
16521,16521,8,natural science
16522,16522,5,natural science
16523,16523,7,natural science
16524,16524,3,social science
16525,16525,4,natural science
16526,16526,4,social science
16527,16527,6,social science
16528,16528,12,language science
16529,16529,5,natural science
16530,16530,3,language science
16531,16531,6,natural science
16532,16532,2,natural science
16533,16533,8,language science
16534,16534,6,language science
16535,16535,8,natural science
16536,16536,4,natural science
16537,16537,4,natural science
16538,16538,3,language science
16539,16539,3,social science
16540,16540,6,natural science
16541,16541,7,natural science
16542,16542,5,natural science
16543,16543,4,social science
16544,16544,7,natural science
16545,16545,4,natural science
16546,16546,6,natural science
16547,16547,5,social science
16548,16548,3,natural science
16549,16549,7,natural science
16550,16550,4,natural science
16551,16551,7,natural science
16552,16552,3,language science
16553,16553,6,natural science
16554,16554,4,natural science
16555,16555,3,natural science
16556,16556,7,natural science
16557,16557,9,language science
16558,16558,2,natural science
16559,16559,4,language science
16560,16560,7,social science
16561,16561,4,social science
16562,16562,8,language science
16563,16563,11,language science
16564,16564,4,language science
16565,16565,10,language science
16566,16566,4,natural science
16567,16567,4,natural science
16568,16568,10,language science
16569,16569,6,natural science
16570,16570,7,natural science
16571,16571,4,social science
16572,16572,4,natural science
16573,16573,6,natural science
16574,16574,6,natural science
16575,16575,5,natural science
16576,16576,11,language science
16577,16577,6,natural science
16578,16578,4,natural science
16579,16579,3,social science
16580,16580,5,social science
16581,16581,4,natural science
16582,16582,6,social science
16583,16583,6,social science
16584,16584,7,social science
16585,16585,3,social science
16586,16586,3,social science
16587,16587,3,social science
16588,16588,6,natural science
16589,16589,3,natural science
16590,16590,6,natural science
16591,16591,4,natural science
16592,16592,8,social science
16593,16593,4,social science
16594,16594,6,natural science
16595,16595,8,natural science
16596,16596,7,natural science
16597,16597,3,social science
16598,16598,4,social science
16599,16599,4,social science
16600,16600,8,natural science
16601,16601,4,natural science
16602,16602,5,language science
16603,16603,5,natural science
16604,16604,6,social science
16605,16605,5,natural science
16606,16606,8,natural science
16607,16607,2,language science
16608,16608,3,natural science
16609,16609,7,language science
16610,16610,3,natural science
16611,16611,5,natural science
16612,16612,2,language science
16613,16613,6,social science
16614,16614,5,natural science
16615,16615,5,natural science
16616,16616,8,social science
16617,16617,3,natural science
16618,16618,7,natural science
16619,16619,4,natural science
16620,16620,9,language science
16621,16621,4,natural science
16622,16622,8,natural science
16623,16623,3,natural science
16624,16624,6,natural science
16625,16625,6,social science
16626,16626,5,natural science
16627,16627,6,natural science
16628,16628,4,natural science
16629,16629,8,natural science
16630,16630,6,language science
16631,16631,9,language science
16632,16632,11,language science
16633,16633,4,natural science
16634,16634,12,language science
16635,16635,7,social science
16636,16636,3,language science
16637,16637,6,natural science
16638,16638,2,natural science
16639,16639,7,natural science
16640,16640,3,language science
16641,16641,12,language science
16642,16642,5,natural science
16643,16643,8,natural science
16644,16644,7,social science
16645,16645,8,natural science
16646,16646,8,natural science
16647,16647,3,social science
16648,16648,5,language science
16649,16649,7,natural science
16650,16650,2,language science
16651,16651,6,language science
16652,16652,7,natural science
16653,16653,4,natural science
16654,16654,6,natural science
16655,16655,3,natural science
16656,16656,3,natural science
16657,16657,3,language science
16658,16658,4,natural science
16659,16659,8,natural science
16660,16660,4,natural science
16661,16661,3,language science
16662,16662,12,language science
16663,16663,6,natural science
16664,16664,3,natural science
16665,16665,2,natural science
16666,16666,3,natural science
16667,16667,8,social science
16668,16668,2,social science
16669,16669,10,language science
16670,16670,3,natural science
16671,16671,8,natural science
16672,16672,4,social science
16673,16673,3,natural science
16674,16674,8,natural science
16675,16675,4,natural science
16676,16676,4,natural science
16677,16677,2,natural science
16678,16678,8,natural science
16679,16679,8,social science
16680,16680,8,social science
16681,16681,6,natural science
16682,16682,3,natural science
16683,16683,8,natural science
16684,16684,2,social science
16685,16685,7,language science
16686,16686,9,language science
16687,16687,6,social science
16688,16688,3,natural science
16689,16689,4,natural science
16690,16690,4,social science
16691,16691,10,language science
16692,16692,8,social science
16693,16693,9,language science
16694,16694,7,natural science
16695,16695,6,language science
16696,16696,8,natural science
16697,16697,5,natural science
16698,16698,3,natural science
16699,16699,6,natural science
16700,16700,7,natural science
16701,16701,2,social science
16702,16702,4,natural science
16703,16703,5,natural science
16704,16704,5,natural science
16705,16705,7,social science
16706,16706,11,language science
16707,16707,4,natural science
16708,16708,7,social science
16709,16709,2,language science
16710,16710,7,natural science
16711,16711,7,social science
16712,16712,3,natural science
16713,16713,9,language science
16714,16714,8,natural science
16715,16715,2,natural science
16716,16716,4,social science
16717,16717,4,social science
16718,16718,4,natural science
16719,16719,2,natural science
16720,16720,5,social science
16721,16721,8,social science
16722,16722,8,social science
16723,16723,7,natural science
16724,16724,4,natural science
16725,16725,4,social science
16726,16726,3,natural science
16727,16727,7,natural science
16728,16728,3,language science
16729,16729,6,language science
16730,16730,11,language science
16731,16731,8,natural science
16732,16732,3,natural science
16733,16733,5,natural science
16734,16734,3,social science
16735,16735,8,natural science
16736,16736,7,natural science
16737,16737,11,language science
16738,16738,11,language science
16739,16739,3,natural science
16740,16740,6,social science
16741,16741,6,natural science
16742,16742,3,social science
16743,16743,4,language science
16744,16744,8,social science
16745,16745,2,language science
16746,16746,8,natural science
16747,16747,2,natural science
16748,16748,6,language science
16749,16749,9,language science
16750,16750,3,natural science
16751,16751,4,social science
16752,16752,7,natural science
16753,16753,4,natural science
16754,16754,4,natural science
16755,16755,7,natural science
16756,16756,7,language science
16757,16757,12,language science
16758,16758,5,social science
16759,16759,12,language science
16760,16760,5,social science
16761,16761,3,language science
16762,16762,5,social science
16763,16763,3,language science
16764,16764,7,natural science
16765,16765,3,natural science
16766,16766,4,social science
16767,16767,8,natural science
16768,16768,4,natural science
16769,16769,8,natural science
16770,16770,8,natural science
16771,16771,2,natural science
16772,16772,6,natural science
16773,16773,5,social science
16774,16774,6,natural science
16775,16775,6,natural science
16776,16776,8,natural science
16777,16777,7,language science
16778,16778,5,social science
16779,16779,4,natural science
16780,16780,7,social science
16781,16781,3,natural science
16782,16782,7,natural science
16783,16783,4,natural science
16784,16784,5,natural science
16785,16785,8,social science
16786,16786,3,natural science
16787,16787,11,language science
16788,16788,4,natural science
16789,16789,8,natural science
16790,16790,4,natural science
16791,16791,2,language science
16792,16792,2,language science
16793,16793,5,natural science
16794,16794,2,natural science
16795,16795,9,language science
16796,16796,10,language science
16797,16797,8,natural science
16798,16798,8,natural science
16799,16799,5,natural science
16800,16800,4,natural science
16801,16801,4,social science
16802,16802,8,natural science
16803,16803,3,social science
16804,16804,8,natural science
16805,16805,11,language science
16806,16806,7,natural science
16807,16807,3,social science
16808,16808,7,language science
16809,16809,7,social science
16810,16810,12,language science
16811,16811,5,natural science
16812,16812,8,natural science
16813,16813,6,natural science
16814,16814,7,language science
16815,16815,5,natural science
16816,16816,2,language science
16817,16817,4,natural science
16818,16818,8,language science
16819,16819,4,natural science
16820,16820,5,natural science
16821,16821,7,natural science
16822,16822,2,natural science
16823,16823,2,natural science
16824,16824,5,natural science
16825,16825,7,natural science
16826,16826,6,social science
16827,16827,3,language science
16828,16828,8,natural science
16829,16829,5,natural science
16830,16830,6,natural science
16831,16831,6,natural science
16832,16832,7,natural science
16833,16833,3,natural science
16834,16834,4,natural science
16835,16835,5,social science
16836,16836,8,social science
16837,16837,4,natural science
16838,16838,5,natural science
16839,16839,4,natural science
16840,16840,7,natural science
16841,16841,3,language science
16842,16842,5,natural science
16843,16843,6,language science
16844,16844,5,natural science
16845,16845,11,language science
16846,16846,4,natural science
16847,16847,5,natural science
16848,16848,3,social science
16849,16849,7,natural science
16850,16850,12,language science
16851,16851,6,language science
16852,16852,3,language science
16853,16853,3,natural science
16854,16854,5,natural science
16855,16855,5,natural science
16856,16856,6,natural science
16857,16857,2,natural science
16858,16858,4,natural science
16859,16859,2,social science
16860,16860,3,natural science
16861,16861,10,language science
16862,16862,8,social science
16863,16863,12,language science
16864,16864,6,social science
16865,16865,8,natural science
16866,16866,4,language science
16867,16867,7,social science
16868,16868,7,social science
16869,16869,7,language science
16870,16870,5,social science
16871,16871,2,natural science
16872,16872,10,language science
16873,16873,5,social science
16874,16874,10,language science
16875,16875,6,natural science
16876,16876,12,language science
16877,16877,5,social science
16878,16878,2,language science
16879,16879,4,social science
16880,16880,5,social science
16881,16881,6,social science
16882,16882,3,natural science
16883,16883,4,social science
16884,16884,3,natural science
16885,16885,6,natural science
16886,16886,7,natural science
16887,16887,12,language science
16888,16888,6,natural science
16889,16889,7,natural science
16890,16890,4,natural science
16891,16891,5,natural science
16892,16892,5,natural science
16893,16893,6,social science
16894,16894,3,natural science
16895,16895,3,language science
16896,16896,6,language science
16897,16897,12,language science
16898,16898,6,language science
16899,16899,3,language science
16900,16900,3,natural science
16901,16901,8,natural science
16902,16902,7,natural science
16903,16903,3,natural science
16904,16904,8,social science
16905,16905,8,natural science
16906,16906,7,language science
16907,16907,11,language science
16908,16908,3,natural science
16909,16909,4,natural science
16910,16910,6,natural science
16911,16911,6,natural science
16912,16912,6,language science
16913,16913,6,language science
16914,16914,3,natural science
16915,16915,3,natural science
16916,16916,5,social science
16917,16917,11,language science
16918,16918,5,natural science
16919,16919,2,social science
16920,16920,7,natural science
16921,16921,3,natural science
16922,16922,8,natural science
16923,16923,12,language science
16924,16924,7,natural science
16925,16925,4,social science
16926,16926,4,social science
16927,16927,5,social science
16928,16928,6,language science
16929,16929,2,language science
16930,16930,6,language science
16931,16931,4,language science
16932,16932,8,natural science
16933,16933,4,natural science
16934,16934,9,language science
16935,16935,3,natural science
16936,16936,5,language science
16937,16937,2,social science
16938,16938,8,language science
16939,16939,6,natural science
16940,16940,3,natural science
16941,16941,3,natural science
16942,16942,11,language science
16943,16943,6,natural science
16944,16944,5,social science
16945,16945,10,language science
16946,16946,3,language science
16947,16947,3,natural science
16948,16948,4,natural science
16949,16949,2,natural science
16950,16950,10,language science
16951,16951,4,natural science
16952,16952,4,language science
16953,16953,5,social science
16954,16954,5,language science
16955,16955,6,social science
16956,16956,4,natural science
16957,16957,6,natural science
16958,16958,6,natural science
16959,16959,7,natural science
16960,16960,2,social science
16961,16961,3,natural science
16962,16962,6,natural science
16963,16963,2,natural science
16964,16964,5,natural science
16965,16965,3,natural science
16966,16966,10,language science
16967,16967,5,social science
16968,16968,6,natural science
16969,16969,9,language science
16970,16970,4,social science
16971,16971,9,language science
16972,16972,8,natural science
16973,16973,6,natural science
16974,16974,4,natural science
16975,16975,4,natural science
16976,16976,7,natural science
16977,16977,4,language science
16978,16978,8,language science
16979,16979,4,natural science
16980,16980,3,natural science
16981,16981,5,social science
16982,16982,5,language science
16983,16983,5,natural science
16984,16984,3,natural science
16985,16985,6,natural science
16986,16986,5,social science
16987,16987,7,natural science
16988,16988,4,social science
16989,16989,6,natural science
16990,16990,7,natural science
16991,16991,5,natural science
16992,16992,5,natural science
16993,16993,4,natural science
16994,16994,7,natural science
16995,16995,5,natural science
16996,16996,11,language science
16997,16997,4,natural science
16998,16998,6,natural science
16999,16999,7,natural science
17000,17000,4,natural science
17001,17001,4,language science
17002,17002,6,social science
17003,17003,7,natural science
17004,17004,8,natural science
17005,17005,9,language science
17006,17006,7,natural science
17007,17007,5,social science
17008,17008,2,social science
17009,17009,3,social science
17010,17010,10,language science
17011,17011,4,natural science
17012,17012,6,natural science
17013,17013,3,natural science
17014,17014,7,natural science
17015,17015,4,natural science
17016,17016,8,language science
17017,17017,2,language science
17018,17018,3,social science
17019,17019,3,natural science
17020,17020,7,social science
17021,17021,3,natural science
17022,17022,4,natural science
17023,17023,5,natural science
17024,17024,3,social science
17025,17025,5,social science
17026,17026,5,natural science
17027,17027,2,language science
17028,17028,8,natural science
17029,17029,7,language science
17030,17030,5,natural science
17031,17031,9,language science
17032,17032,3,natural science
17033,17033,7,natural science
17034,17034,8,social science
17035,17035,7,natural science
17036,17036,6,natural science
17037,17037,4,natural science
17038,17038,4,social science
17039,17039,5,natural science
17040,17040,7,language science
17041,17041,7,natural science
17042,17042,3,language science
17043,17043,2,natural science
17044,17044,4,language science
17045,17045,3,natural science
17046,17046,3,language science
17047,17047,4,social science
17048,17048,10,language science
17049,17049,8,natural science
17050,17050,5,natural science
17051,17051,4,natural science
17052,17052,8,social science
17053,17053,4,language science
17054,17054,4,social science
17055,17055,9,language science
17056,17056,2,language science
17057,17057,4,natural science
17058,17058,8,natural science
17059,17059,7,social science
17060,17060,1,language science
17061,17061,8,language science
17062,17062,4,natural science
17063,17063,3,language science
17064,17064,6,natural science
17065,17065,4,language science
17066,17066,5,social science
17067,17067,2,natural science
17068,17068,3,social science
17069,17069,8,natural science
17070,17070,4,natural science
17071,17071,3,natural science
17072,17072,3,language science
17073,17073,4,natural science
17074,17074,3,social science
17075,17075,8,social science
17076,17076,8,natural science
17077,17077,7,natural science
17078,17078,2,natural science
17079,17079,10,language science
17080,17080,8,natural science
17081,17081,7,natural science
17082,17082,5,natural science
17083,17083,4,social science
17084,17084,7,language science
17085,17085,5,social science
17086,17086,4,language science
17087,17087,7,social science
17088,17088,4,natural science
17089,17089,3,social science
17090,17090,5,natural science
17091,17091,3,natural science
17092,17092,7,natural science
17093,17093,5,natural science
17094,17094,3,social science
17095,17095,5,social science
17096,17096,8,natural science
17097,17097,4,natural science
17098,17098,2,natural science
17099,17099,3,social science
17100,17100,9,language science
17101,17101,3,social science
17102,17102,8,natural science
17103,17103,4,natural science
17104,17104,7,natural science
17105,17105,6,natural science
17106,17106,3,language science
17107,17107,7,social science
17108,17108,7,natural science
17109,17109,5,natural science
17110,17110,8,natural science
17111,17111,2,language science
17112,17112,6,natural science
17113,17113,5,language science
17114,17114,10,language science
17115,17115,8,natural science
17116,17116,9,language science
17117,17117,8,natural science
17118,17118,7,natural science
17119,17119,7,natural science
17120,17120,3,natural science
17121,17121,3,natural science
17122,17122,11,language science
17123,17123,11,language science
17124,17124,4,natural science
17125,17125,7,social science
17126,17126,4,language science
17127,17127,4,natural science
17128,17128,6,language science
17129,17129,5,natural science
17130,17130,8,language science
17131,17131,4,natural science
17132,17132,3,language science
17133,17133,10,language science
17134,17134,8,natural science
17135,17135,4,natural science
17136,17136,4,natural science
17137,17137,5,natural science
17138,17138,11,language science
17139,17139,4,natural science
17140,17140,11,language science
17141,17141,4,language science
17142,17142,9,language science
17143,17143,5,social science
17144,17144,2,language science
17145,17145,5,natural science
17146,17146,4,language science
17147,17147,7,natural science
17148,17148,4,natural science
17149,17149,6,language science
17150,17150,4,natural science
17151,17151,8,natural science
17152,17152,8,natural science
17153,17153,4,language science
17154,17154,5,social science
17155,17155,7,natural science
17156,17156,7,natural science
17157,17157,4,natural science
17158,17158,3,natural science
17159,17159,5,social science
17160,17160,3,social science
17161,17161,6,social science
17162,17162,11,language science
17163,17163,12,language science
17164,17164,6,natural science
17165,17165,7,social science
17166,17166,4,social science
17167,17167,3,natural science
17168,17168,8,social science
17169,17169,4,natural science
17170,17170,5,natural science
17171,17171,8,natural science
17172,17172,5,natural science
17173,17173,5,social science
17174,17174,4,social science
17175,17175,8,natural science
17176,17176,4,social science
17177,17177,9,language science
17178,17178,10,language science
17179,17179,5,language science
17180,17180,7,natural science
17181,17181,6,language science
17182,17182,8,natural science
17183,17183,7,natural science
17184,17184,6,natural science
17185,17185,3,natural science
17186,17186,10,language science
17187,17187,3,natural science
17188,17188,8,language science
17189,17189,8,natural science
17190,17190,3,natural science
17191,17191,4,natural science
17192,17192,6,social science
17193,17193,2,language science
17194,17194,2,language science
17195,17195,6,natural science
17196,17196,5,social science
17197,17197,7,social science
17198,17198,7,natural science
17199,17199,4,language science
17200,17200,2,natural science
17201,17201,4,natural science
17202,17202,4,natural science
17203,17203,5,social science
17204,17204,2,natural science
17205,17205,2,natural science
17206,17206,5,natural science
17207,17207,9,language science
17208,17208,3,natural science
17209,17209,8,natural science
17210,17210,5,natural science
17211,17211,3,natural science
17212,17212,4,social science
17213,17213,4,social science
17214,17214,1,language science
17215,17215,2,natural science
17216,17216,4,social science
17217,17217,6,natural science
17218,17218,4,natural science
17219,17219,4,natural science
17220,17220,8,social science
17221,17221,8,social science
17222,17222,6,natural science
17223,17223,6,natural science
17224,17224,2,social science
17225,17225,8,natural science
17226,17226,2,natural science
17227,17227,6,language science
17228,17228,7,natural science
17229,17229,6,natural science
17230,17230,2,language science
17231,17231,4,language science
17232,17232,12,language science
17233,17233,6,natural science
17234,17234,5,natural science
17235,17235,7,natural science
17236,17236,3,social science
17237,17237,11,language science
17238,17238,7,natural science
17239,17239,11,language science
17240,17240,2,natural science
17241,17241,3,natural science
17242,17242,2,natural science
17243,17243,9,language science
17244,17244,4,natural science
17245,17245,2,natural science
17246,17246,6,social science
17247,17247,10,language science
17248,17248,10,language science
17249,17249,4,natural science
17250,17250,3,language science
17251,17251,6,natural science
17252,17252,3,natural science
17253,17253,11,language science
17254,17254,5,social science
17255,17255,4,natural science
17256,17256,8,natural science
17257,17257,3,social science
17258,17258,3,natural science
17259,17259,5,natural science
17260,17260,8,natural science
17261,17261,5,natural science
17262,17262,2,natural science
17263,17263,8,social science
17264,17264,5,natural science
17265,17265,5,natural science
17266,17266,7,natural science
17267,17267,8,language science
17268,17268,7,natural science
17269,17269,7,natural science
17270,17270,3,natural science
17271,17271,9,language science
17272,17272,5,social science
17273,17273,7,natural science
17274,17274,7,natural science
17275,17275,8,natural science
17276,17276,10,language science
17277,17277,8,natural science
17278,17278,2,language science
17279,17279,4,language science
17280,17280,12,language science
17281,17281,6,language science
17282,17282,7,natural science
17283,17283,6,natural science
17284,17284,2,natural science
17285,17285,9,language science
17286,17286,5,language science
17287,17287,3,language science
17288,17288,10,language science
17289,17289,4,natural science
17290,17290,5,language science
17291,17291,9,language science
17292,17292,3,social science
17293,17293,8,natural science
17294,17294,4,language science
17295,17295,4,social science
17296,17296,4,natural science
17297,17297,3,natural science
17298,17298,11,language science
17299,17299,6,natural science
17300,17300,8,natural science
17301,17301,3,natural science
17302,17302,8,natural science
17303,17303,6,natural science
17304,17304,5,natural science
17305,17305,4,natural science
17306,17306,4,natural science
17307,17307,4,social science
17308,17308,3,natural science
17309,17309,5,natural science
17310,17310,5,social science
17311,17311,8,natural science
17312,17312,7,language science
17313,17313,8,natural science
17314,17314,10,language science
17315,17315,6,natural science
17316,17316,6,language science
17317,17317,12,language science
17318,17318,3,natural science
17319,17319,6,social science
17320,17320,4,social science
17321,17321,4,natural science
17322,17322,4,natural science
17323,17323,6,natural science
17324,17324,5,social science
17325,17325,12,language science
17326,17326,8,natural science
17327,17327,7,language science
17328,17328,6,social science
17329,17329,4,natural science
17330,17330,3,language science
17331,17331,11,language science
17332,17332,5,social science
17333,17333,3,natural science
17334,17334,2,natural science
17335,17335,4,natural science
17336,17336,6,natural science
17337,17337,5,social science
17338,17338,2,natural science
17339,17339,5,natural science
17340,17340,9,language science
17341,17341,10,language science
17342,17342,4,natural science
17343,17343,6,natural science
17344,17344,5,social science
17345,17345,7,natural science
17346,17346,4,natural science
17347,17347,8,natural science
17348,17348,4,natural science
17349,17349,5,social science
17350,17350,7,natural science
17351,17351,12,language science
17352,17352,12,language science
17353,17353,5,natural science
17354,17354,12,language science
17355,17355,6,social science
17356,17356,3,social science
17357,17357,4,natural science
17358,17358,4,social science
17359,17359,7,natural science
17360,17360,4,natural science
17361,17361,5,social science
17362,17362,8,natural science
17363,17363,5,natural science
17364,17364,3,natural science
17365,17365,3,language science
17366,17366,6,natural science
17367,17367,7,natural science
17368,17368,8,natural science
17369,17369,2,language science
17370,17370,8,social science
17371,17371,7,social science
17372,17372,6,natural science
17373,17373,5,natural science
17374,17374,2,natural science
17375,17375,2,language science
17376,17376,8,natural science
17377,17377,8,natural science
17378,17378,6,language science
17379,17379,10,language science
17380,17380,3,language science
17381,17381,3,natural science
17382,17382,4,social science
17383,17383,3,language science
17384,17384,8,language science
17385,17385,4,language science
17386,17386,4,natural science
17387,17387,3,social science
17388,17388,5,language science
17389,17389,10,language science
17390,17390,4,natural science
17391,17391,5,natural science
17392,17392,5,natural science
17393,17393,3,natural science
17394,17394,4,social science
17395,17395,8,natural science
17396,17396,4,language science
17397,17397,4,natural science
17398,17398,4,social science
17399,17399,3,natural science
17400,17400,8,social science
17401,17401,7,natural science
17402,17402,8,social science
17403,17403,6,language science
17404,17404,3,natural science
17405,17405,8,natural science
17406,17406,8,social science
17407,17407,7,language science
17408,17408,8,natural science
17409,17409,12,language science
17410,17410,7,natural science
17411,17411,2,language science
17412,17412,7,social science
17413,17413,4,social science
17414,17414,8,natural science
17415,17415,12,language science
17416,17416,4,natural science
17417,17417,2,language science
17418,17418,8,social science
17419,17419,4,natural science
17420,17420,2,language science
17421,17421,4,natural science
17422,17422,5,natural science
17423,17423,5,social science
17424,17424,11,language science
17425,17425,6,language science
17426,17426,4,natural science
17427,17427,3,social science
17428,17428,3,natural science
17429,17429,3,social science
17430,17430,12,language science
17431,17431,4,social science
17432,17432,8,social science
17433,17433,7,natural science
17434,17434,4,language science
17435,17435,7,natural science
17436,17436,3,language science
17437,17437,7,language science
17438,17438,3,natural science
17439,17439,9,language science
17440,17440,4,social science
17441,17441,5,natural science
17442,17442,7,natural science
17443,17443,6,natural science
17444,17444,6,natural science
17445,17445,8,language science
17446,17446,4,natural science
17447,17447,7,natural science
17448,17448,3,language science
17449,17449,6,language science
17450,17450,4,natural science
17451,17451,2,natural science
17452,17452,6,natural science
17453,17453,8,natural science
17454,17454,5,natural science
17455,17455,2,natural science
17456,17456,8,language science
17457,17457,8,natural science
17458,17458,8,natural science
17459,17459,4,language science
17460,17460,5,social science
17461,17461,8,social science
17462,17462,3,natural science
17463,17463,8,social science
17464,17464,6,social science
17465,17465,8,language science
17466,17466,3,natural science
17467,17467,7,natural science
17468,17468,7,language science
17469,17469,4,social science
17470,17470,8,natural science
17471,17471,7,language science
17472,17472,6,natural science
17473,17473,2,language science
17474,17474,6,natural science
17475,17475,5,natural science
17476,17476,4,natural science
17477,17477,2,natural science
17478,17478,5,natural science
17479,17479,4,social science
17480,17480,12,language science
17481,17481,3,natural science
17482,17482,4,natural science
17483,17483,3,social science
17484,17484,5,natural science
17485,17485,7,natural science
17486,17486,6,natural science
17487,17487,6,language science
17488,17488,6,natural science
17489,17489,4,natural science
17490,17490,5,social science
17491,17491,3,natural science
17492,17492,6,natural science
17493,17493,7,natural science
17494,17494,9,language science
17495,17495,3,natural science
17496,17496,3,natural science
17497,17497,6,natural science
17498,17498,3,natural science
17499,17499,6,natural science
17500,17500,3,natural science
17501,17501,7,social science
17502,17502,6,natural science
17503,17503,7,natural science
17504,17504,5,natural science
17505,17505,5,natural science
17506,17506,4,natural science
17507,17507,7,language science
17508,17508,8,natural science
17509,17509,3,language science
17510,17510,6,social science
17511,17511,5,social science
17512,17512,3,natural science
17513,17513,7,natural science
17514,17514,4,social science
17515,17515,5,natural science
17516,17516,3,language science
17517,17517,4,natural science
17518,17518,3,social science
17519,17519,2,language science
17520,17520,5,social science
17521,17521,4,natural science
17522,17522,6,natural science
17523,17523,8,natural science
17524,17524,8,natural science
17525,17525,4,natural science
17526,17526,5,social science
17527,17527,6,social science
17528,17528,3,natural science
17529,17529,6,language science
17530,17530,7,natural science
17531,17531,9,language science
17532,17532,5,natural science
17533,17533,3,natural science
17534,17534,4,natural science
17535,17535,1,language science
17536,17536,2,natural science
17537,17537,7,natural science
17538,17538,4,natural science
17539,17539,5,natural science
17540,17540,4,natural science
17541,17541,8,natural science
17542,17542,4,language science
17543,17543,12,language science
17544,17544,3,social science
17545,17545,9,language science
17546,17546,9,language science
17547,17547,2,language science
17548,17548,5,social science
17549,17549,6,natural science
17550,17550,8,social science
17551,17551,7,language science
17552,17552,4,natural science
17553,17553,4,social science
17554,17554,5,natural science
17555,17555,4,language science
17556,17556,11,language science
17557,17557,10,language science
17558,17558,12,language science
17559,17559,10,language science
17560,17560,3,social science
17561,17561,3,language science
17562,17562,11,language science
17563,17563,7,natural science
17564,17564,3,social science
17565,17565,7,natural science
17566,17566,5,natural science
17567,17567,5,natural science
17568,17568,9,language science
17569,17569,4,natural science
17570,17570,4,natural science
17571,17571,7,social science
17572,17572,9,language science
17573,17573,7,natural science
17574,17574,5,social science
17575,17575,1,language science
17576,17576,4,language science
17577,17577,10,language science
17578,17578,6,natural science
17579,17579,5,social science
17580,17580,6,natural science
17581,17581,10,language science
17582,17582,4,natural science
17583,17583,7,social science
17584,17584,3,social science
17585,17585,8,natural science
17586,17586,6,social science
17587,17587,4,social science
17588,17588,2,language science
17589,17589,10,language science
17590,17590,4,social science
17591,17591,4,social science
17592,17592,4,social science
17593,17593,4,natural science
17594,17594,9,language science
17595,17595,6,natural science
17596,17596,7,language science
17597,17597,8,social science
17598,17598,5,natural science
17599,17599,10,language science
17600,17600,4,natural science
17601,17601,7,natural science
17602,17602,7,natural science
17603,17603,5,language science
17604,17604,5,natural science
17605,17605,5,natural science
17606,17606,8,language science
17607,17607,3,natural science
17608,17608,7,natural science
17609,17609,7,social science
17610,17610,3,natural science
17611,17611,8,natural science
17612,17612,5,natural science
17613,17613,8,natural science
17614,17614,7,natural science
17615,17615,6,social science
17616,17616,5,natural science
17617,17617,2,natural science
17618,17618,3,natural science
17619,17619,1,language science
17620,17620,5,natural science
17621,17621,1,language science
17622,17622,7,natural science
17623,17623,8,social science
17624,17624,3,natural science
17625,17625,2,natural science
17626,17626,5,social science
17627,17627,8,natural science
17628,17628,5,natural science
17629,17629,4,natural science
17630,17630,11,language science
17631,17631,4,natural science
17632,17632,3,social science
17633,17633,5,natural science
17634,17634,4,language science
17635,17635,4,language science
17636,17636,2,natural science
17637,17637,2,language science
17638,17638,4,natural science
17639,17639,3,social science
17640,17640,4,social science
17641,17641,4,language science
17642,17642,3,social science
17643,17643,3,language science
17644,17644,5,language science
17645,17645,7,language science
17646,17646,5,social science
17647,17647,7,natural science
17648,17648,3,natural science
17649,17649,7,natural science
17650,17650,6,natural science
17651,17651,8,language science
17652,17652,8,natural science
17653,17653,4,natural science
17654,17654,4,language science
17655,17655,6,natural science
17656,17656,2,natural science
17657,17657,3,language science
17658,17658,7,natural science
17659,17659,3,natural science
17660,17660,5,social science
17661,17661,5,social science
17662,17662,2,social science
17663,17663,4,natural science
17664,17664,6,language science
17665,17665,5,natural science
17666,17666,6,natural science
17667,17667,3,social science
17668,17668,4,social science
17669,17669,4,social science
17670,17670,3,social science
17671,17671,7,natural science
17672,17672,4,natural science
17673,17673,4,natural science
17674,17674,2,natural science
17675,17675,3,social science
17676,17676,10,language science
17677,17677,8,language science
17678,17678,8,natural science
17679,17679,6,natural science
17680,17680,4,natural science
17681,17681,2,language science
17682,17682,10,language science
17683,17683,4,natural science
17684,17684,5,natural science
17685,17685,7,natural science
17686,17686,4,social science
17687,17687,12,language science
17688,17688,5,natural science
17689,17689,4,social science
17690,17690,7,natural science
17691,17691,11,language science
17692,17692,4,social science
17693,17693,7,natural science
17694,17694,8,social science
17695,17695,7,language science
17696,17696,6,language science
17697,17697,3,natural science
17698,17698,6,social science
17699,17699,3,social science
17700,17700,5,natural science
17701,17701,4,social science
17702,17702,6,language science
17703,17703,3,language science
17704,17704,5,language science
17705,17705,11,language science
17706,17706,5,social science
17707,17707,3,natural science
17708,17708,6,language science
17709,17709,5,social science
17710,17710,5,social science
17711,17711,4,natural science
17712,17712,7,social science
17713,17713,2,social science
17714,17714,3,natural science
17715,17715,3,natural science
17716,17716,5,language science
17717,17717,7,language science
17718,17718,6,natural science
17719,17719,3,language science
17720,17720,10,language science
17721,17721,11,language science
17722,17722,3,natural science
17723,17723,7,natural science
17724,17724,8,language science
17725,17725,4,social science
17726,17726,3,language science
17727,17727,2,natural science
17728,17728,12,language science
17729,17729,7,social science
17730,17730,4,natural science
17731,17731,7,natural science
17732,17732,4,social science
17733,17733,7,natural science
17734,17734,7,natural science
17735,17735,6,natural science
17736,17736,5,social science
17737,17737,3,social science
17738,17738,4,language science
17739,17739,7,natural science
17740,17740,6,natural science
17741,17741,2,natural science
17742,17742,5,social science
17743,17743,2,natural science
17744,17744,5,natural science
17745,17745,7,natural science
17746,17746,4,language science
17747,17747,5,social science
17748,17748,7,natural science
17749,17749,7,social science
17750,17750,7,natural science
17751,17751,6,natural science
17752,17752,5,language science
17753,17753,5,natural science
17754,17754,7,language science
17755,17755,7,natural science
17756,17756,4,social science
17757,17757,10,language science
17758,17758,5,natural science
17759,17759,6,natural science
17760,17760,8,natural science
17761,17761,4,natural science
17762,17762,11,language science
17763,17763,10,language science
17764,17764,5,social science
17765,17765,4,social science
17766,17766,3,natural science
17767,17767,4,natural science
17768,17768,5,natural science
17769,17769,4,natural science
17770,17770,6,natural science
17771,17771,3,natural science
17772,17772,7,natural science
17773,17773,3,natural science
17774,17774,2,language science
17775,17775,3,natural science
17776,17776,5,language science
17777,17777,5,natural science
17778,17778,7,language science
17779,17779,4,social science
17780,17780,3,natural science
17781,17781,4,natural science
17782,17782,4,language science
17783,17783,5,social science
17784,17784,3,natural science
17785,17785,5,natural science
17786,17786,5,natural science
17787,17787,2,natural science
17788,17788,4,natural science
17789,17789,4,natural science
17790,17790,2,natural science
17791,17791,7,natural science
17792,17792,5,social science
17793,17793,9,language science
17794,17794,8,natural science
17795,17795,4,language science
17796,17796,4,social science
17797,17797,8,natural science
17798,17798,8,natural science
17799,17799,3,social science
17800,17800,5,social science
17801,17801,4,social science
17802,17802,5,natural science
17803,17803,4,language science
17804,17804,7,language science
17805,17805,3,natural science
17806,17806,2,language science
17807,17807,5,social science
17808,17808,3,natural science
17809,17809,12,language science
17810,17810,8,social science
17811,17811,5,language science
17812,17812,3,natural science
17813,17813,2,social science
17814,17814,4,social science
17815,17815,3,language science
17816,17816,6,language science
17817,17817,11,language science
17818,17818,10,language science
17819,17819,8,natural science
17820,17820,4,natural science
17821,17821,8,natural science
17822,17822,8,natural science
17823,17823,8,social science
17824,17824,5,social science
17825,17825,4,social science
17826,17826,3,natural science
17827,17827,5,social science
17828,17828,4,natural science
17829,17829,5,natural science
17830,17830,7,social science
17831,17831,5,social science
17832,17832,3,language science
17833,17833,3,natural science
17834,17834,3,social science
17835,17835,4,language science
17836,17836,3,natural science
17837,17837,8,natural science
17838,17838,6,natural science
17839,17839,8,natural science
17840,17840,1,language science
17841,17841,7,language science
17842,17842,5,natural science
17843,17843,12,language science
17844,17844,8,natural science
17845,17845,4,natural science
17846,17846,7,natural science
17847,17847,8,natural science
17848,17848,3,natural science
17849,17849,3,natural science
17850,17850,3,natural science
17851,17851,6,natural science
17852,17852,5,natural science
17853,17853,2,natural science
17854,17854,8,language science
17855,17855,7,social science
17856,17856,5,social science
17857,17857,5,natural science
17858,17858,5,natural science
17859,17859,3,social science
17860,17860,12,language science
17861,17861,4,social science
17862,17862,8,social science
17863,17863,12,language science
17864,17864,8,social science
17865,17865,3,social science
17866,17866,4,natural science
17867,17867,4,language science
17868,17868,7,social science
17869,17869,3,natural science
17870,17870,3,natural science
17871,17871,2,natural science
17872,17872,9,language science
17873,17873,10,language science
17874,17874,5,natural science
17875,17875,4,social science
17876,17876,2,natural science
17877,17877,7,natural science
17878,17878,5,language science
17879,17879,6,language science
17880,17880,7,natural science
17881,17881,8,language science
17882,17882,5,language science
17883,17883,8,language science
17884,17884,2,natural science
17885,17885,6,natural science
17886,17886,7,natural science
17887,17887,10,language science
17888,17888,5,natural science
17889,17889,3,natural science
17890,17890,4,social science
17891,17891,3,social science
17892,17892,8,natural science
17893,17893,8,natural science
17894,17894,7,social science
17895,17895,5,natural science
17896,17896,5,natural science
17897,17897,5,social science
17898,17898,7,social science
17899,17899,12,language science
17900,17900,5,social science
17901,17901,3,natural science
17902,17902,4,natural science
17903,17903,7,natural science
17904,17904,12,language science
17905,17905,2,natural science
17906,17906,3,natural science
17907,17907,5,social science
17908,17908,8,natural science
17909,17909,7,natural science
17910,17910,6,language science
17911,17911,5,natural science
17912,17912,3,natural science
17913,17913,3,natural science
17914,17914,3,natural science
17915,17915,5,social science
17916,17916,5,language science
17917,17917,5,natural science
17918,17918,4,natural science
17919,17919,2,natural science
17920,17920,6,social science
17921,17921,4,natural science
17922,17922,7,natural science
17923,17923,7,natural science
17924,17924,5,natural science
17925,17925,6,social science
17926,17926,9,language science
17927,17927,7,natural science
17928,17928,12,language science
17929,17929,4,social science
17930,17930,8,natural science
17931,17931,5,social science
17932,17932,5,natural science
17933,17933,4,language science
17934,17934,8,natural science
17935,17935,7,natural science
17936,17936,3,natural science
17937,17937,8,language science
17938,17938,6,social science
17939,17939,6,natural science
17940,17940,6,natural science
17941,17941,4,natural science
17942,17942,6,natural science
17943,17943,9,language science
17944,17944,5,social science
17945,17945,6,natural science
17946,17946,5,language science
17947,17947,5,natural science
17948,17948,7,natural science
17949,17949,7,natural science
17950,17950,12,language science
17951,17951,5,social science
17952,17952,5,natural science
17953,17953,3,social science
17954,17954,8,natural science
17955,17955,7,natural science
17956,17956,8,natural science
17957,17957,8,natural science
17958,17958,1,language science
17959,17959,3,language science
17960,17960,4,natural science
17961,17961,1,language science
17962,17962,5,social science
17963,17963,4,language science
17964,17964,7,language science
17965,17965,4,natural science
17966,17966,5,social science
17967,17967,4,social science
17968,17968,4,social science
17969,17969,9,language science
17970,17970,2,natural science
17971,17971,6,social science
17972,17972,7,natural science
17973,17973,2,social science
17974,17974,4,social science
17975,17975,4,social science
17976,17976,5,natural science
17977,17977,5,social science
17978,17978,4,natural science
17979,17979,4,social science
17980,17980,4,natural science
17981,17981,8,natural science
17982,17982,6,natural science
17983,17983,5,language science
17984,17984,7,social science
17985,17985,5,social science
17986,17986,7,language science
17987,17987,8,social science
17988,17988,5,social science
17989,17989,6,natural science
17990,17990,4,social science
17991,17991,4,social science
17992,17992,8,social science
17993,17993,4,social science
17994,17994,3,natural science
17995,17995,7,language science
17996,17996,11,language science
17997,17997,7,natural science
17998,17998,5,social science
17999,17999,3,language science
18000,18000,3,social science
18001,18001,7,social science
18002,18002,12,language science
18003,18003,11,language science
18004,18004,4,natural science
18005,18005,4,natural science
18006,18006,5,language science
18007,18007,3,natural science
18008,18008,7,natural science
18009,18009,8,language science
18010,18010,5,social science
18011,18011,5,language science
18012,18012,4,natural science
18013,18013,7,natural science
18014,18014,8,social science
18015,18015,4,language science
18016,18016,3,language science
18017,18017,6,natural science
18018,18018,7,natural science
18019,18019,3,language science
18020,18020,6,natural science
18021,18021,3,social science
18022,18022,6,natural science
18023,18023,3,natural science
18024,18024,11,language science
18025,18025,4,language science
18026,18026,4,natural science
18027,18027,7,natural science
18028,18028,3,language science
18029,18029,5,natural science
18030,18030,3,social science
18031,18031,8,natural science
18032,18032,3,language science
18033,18033,7,language science
18034,18034,2,natural science
18035,18035,4,natural science
18036,18036,7,natural science
18037,18037,8,social science
18038,18038,4,natural science
18039,18039,8,natural science
18040,18040,2,natural science
18041,18041,2,natural science
18042,18042,3,social science
18043,18043,5,natural science
18044,18044,5,language science
18045,18045,5,natural science
18046,18046,6,natural science
18047,18047,6,natural science
18048,18048,3,natural science
18049,18049,9,language science
18050,18050,5,language science
18051,18051,3,natural science
18052,18052,5,social science
18053,18053,5,natural science
18054,18054,7,natural science
18055,18055,4,natural science
18056,18056,6,social science
18057,18057,9,language science
18058,18058,6,natural science
18059,18059,6,language science
18060,18060,5,natural science
18061,18061,4,natural science
18062,18062,5,natural science
18063,18063,2,natural science
18064,18064,4,social science
18065,18065,6,natural science
18066,18066,8,natural science
18067,18067,4,language science
18068,18068,7,language science
18069,18069,4,social science
18070,18070,6,natural science
18071,18071,8,language science
18072,18072,5,natural science
18073,18073,7,natural science
18074,18074,5,natural science
18075,18075,8,natural science
18076,18076,8,social science
18077,18077,6,natural science
18078,18078,4,natural science
18079,18079,6,language science
18080,18080,4,social science
18081,18081,2,natural science
18082,18082,8,natural science
18083,18083,4,language science
18084,18084,4,social science
18085,18085,8,natural science
18086,18086,4,natural science
18087,18087,6,natural science
18088,18088,6,natural science
18089,18089,8,social science
18090,18090,2,natural science
18091,18091,6,natural science
18092,18092,7,natural science
18093,18093,3,social science
18094,18094,7,social science
18095,18095,5,natural science
18096,18096,7,social science
18097,18097,7,natural science
18098,18098,3,social science
18099,18099,3,natural science
18100,18100,8,natural science
18101,18101,9,language science
18102,18102,7,social science
18103,18103,3,natural science
18104,18104,5,natural science
18105,18105,3,social science
18106,18106,4,language science
18107,18107,8,language science
18108,18108,3,natural science
18109,18109,6,language science
18110,18110,5,natural science
18111,18111,2,natural science
18112,18112,2,language science
18113,18113,6,social science
18114,18114,3,language science
18115,18115,5,language science
18116,18116,4,natural science
18117,18117,6,natural science
18118,18118,8,social science
18119,18119,3,social science
18120,18120,5,social science
18121,18121,2,natural science
18122,18122,6,language science
18123,18123,9,language science
18124,18124,3,natural science
18125,18125,7,natural science
18126,18126,4,natural science
18127,18127,4,natural science
18128,18128,5,social science
18129,18129,4,social science
18130,18130,3,language science
18131,18131,4,natural science
18132,18132,5,language science
18133,18133,7,natural science
18134,18134,10,language science
18135,18135,2,natural science
18136,18136,6,natural science
18137,18137,7,natural science
18138,18138,4,natural science
18139,18139,8,natural science
18140,18140,7,language science
18141,18141,4,natural science
18142,18142,5,social science
18143,18143,7,natural science
18144,18144,7,natural science
18145,18145,3,natural science
18146,18146,5,social science
18147,18147,6,language science
18148,18148,8,language science
18149,18149,6,natural science
18150,18150,4,language science
18151,18151,6,language science
18152,18152,8,natural science
18153,18153,4,language science
18154,18154,8,language science
18155,18155,1,language science
18156,18156,7,natural science
18157,18157,3,natural science
18158,18158,2,language science
18159,18159,8,natural science
18160,18160,7,language science
18161,18161,6,natural science
18162,18162,11,language science
18163,18163,5,natural science
18164,18164,7,social science
18165,18165,5,natural science
18166,18166,4,natural science
18167,18167,3,natural science
18168,18168,8,natural science
18169,18169,3,natural science
18170,18170,4,natural science
18171,18171,3,social science
18172,18172,7,social science
18173,18173,6,natural science
18174,18174,4,natural science
18175,18175,8,social science
18176,18176,7,natural science
18177,18177,7,natural science
18178,18178,11,language science
18179,18179,8,language science
18180,18180,4,social science
18181,18181,6,language science
18182,18182,3,social science
18183,18183,7,natural science
18184,18184,7,natural science
18185,18185,6,language science
18186,18186,6,natural science
18187,18187,4,natural science
18188,18188,7,language science
18189,18189,8,social science
18190,18190,3,natural science
18191,18191,2,language science
18192,18192,7,natural science
18193,18193,8,social science
18194,18194,5,language science
18195,18195,11,language science
18196,18196,2,natural science
18197,18197,1,language science
18198,18198,8,natural science
18199,18199,7,natural science
18200,18200,5,natural science
18201,18201,8,natural science
18202,18202,3,natural science
18203,18203,3,natural science
18204,18204,4,natural science
18205,18205,2,language science
18206,18206,3,language science
18207,18207,5,natural science
18208,18208,8,natural science
18209,18209,10,language science
18210,18210,7,natural science
18211,18211,7,natural science
18212,18212,8,language science
18213,18213,11,language science
18214,18214,7,language science
18215,18215,5,natural science
18216,18216,3,natural science
18217,18217,9,language science
18218,18218,4,social science
18219,18219,8,social science
18220,18220,3,social science
18221,18221,11,language science
18222,18222,6,natural science
18223,18223,8,natural science
18224,18224,8,language science
18225,18225,5,natural science
18226,18226,4,language science
18227,18227,6,natural science
18228,18228,8,natural science
18229,18229,8,natural science
18230,18230,7,language science
18231,18231,5,natural science
18232,18232,3,language science
18233,18233,4,natural science
18234,18234,4,natural science
18235,18235,2,social science
18236,18236,5,natural science
18237,18237,6,natural science
18238,18238,8,language science
18239,18239,4,natural science
18240,18240,6,social science
18241,18241,6,natural science
18242,18242,6,language science
18243,18243,4,natural science
18244,18244,3,natural science
18245,18245,6,natural science
18246,18246,3,social science
18247,18247,2,natural science
18248,18248,4,natural science
18249,18249,7,language science
18250,18250,7,natural science
18251,18251,6,language science
18252,18252,2,natural science
18253,18253,5,natural science
18254,18254,4,language science
18255,18255,8,natural science
18256,18256,6,language science
18257,18257,4,natural science
18258,18258,4,natural science
18259,18259,6,language science
18260,18260,8,natural science
18261,18261,4,natural science
18262,18262,11,language science
18263,18263,3,natural science
18264,18264,6,natural science
18265,18265,4,language science
18266,18266,7,natural science
18267,18267,2,natural science
18268,18268,3,natural science
18269,18269,7,natural science
18270,18270,5,natural science
18271,18271,8,natural science
18272,18272,8,natural science
18273,18273,9,language science
18274,18274,7,natural science
18275,18275,8,language science
18276,18276,3,natural science
18277,18277,5,social science
18278,18278,4,natural science
18279,18279,5,social science
18280,18280,7,social science
18281,18281,2,natural science
18282,18282,6,social science
18283,18283,5,social science
18284,18284,6,social science
18285,18285,3,natural science
18286,18286,4,natural science
18287,18287,7,natural science
18288,18288,4,social science
18289,18289,8,natural science
18290,18290,5,social science
18291,18291,3,natural science
18292,18292,4,language science
18293,18293,4,natural science
18294,18294,8,social science
18295,18295,6,natural science
18296,18296,8,language science
18297,18297,3,natural science
18298,18298,5,social science
18299,18299,11,language science
18300,18300,6,social science
18301,18301,6,natural science
18302,18302,4,social science
18303,18303,7,natural science
18304,18304,6,language science
18305,18305,2,natural science
18306,18306,10,language science
18307,18307,7,natural science
18308,18308,4,social science
18309,18309,6,natural science
18310,18310,6,natural science
18311,18311,4,natural science
18312,18312,3,language science
18313,18313,2,natural science
18314,18314,5,language science
18315,18315,8,social science
18316,18316,5,language science
18317,18317,7,natural science
18318,18318,2,natural science
18319,18319,4,natural science
18320,18320,7,natural science
18321,18321,7,natural science
18322,18322,5,social science
18323,18323,6,language science
18324,18324,6,natural science
18325,18325,5,language science
18326,18326,2,natural science
18327,18327,9,language science
18328,18328,2,natural science
18329,18329,3,natural science
18330,18330,5,natural science
18331,18331,5,natural science
18332,18332,11,language science
18333,18333,5,natural science
18334,18334,3,language science
18335,18335,4,natural science
18336,18336,5,social science
18337,18337,7,social science
18338,18338,4,language science
18339,18339,10,language science
18340,18340,4,language science
18341,18341,4,social science
18342,18342,4,natural science
18343,18343,9,language science
18344,18344,5,social science
18345,18345,7,natural science
18346,18346,6,natural science
18347,18347,6,natural science
18348,18348,5,natural science
18349,18349,5,natural science
18350,18350,4,natural science
18351,18351,5,natural science
18352,18352,3,social science
18353,18353,7,social science
18354,18354,5,natural science
18355,18355,5,social science
18356,18356,10,language science
18357,18357,5,social science
18358,18358,5,natural science
18359,18359,4,social science
18360,18360,3,social science
18361,18361,3,natural science
18362,18362,7,natural science
18363,18363,7,natural science
18364,18364,8,natural science
18365,18365,4,natural science
18366,18366,9,language science
18367,18367,8,natural science
18368,18368,4,social science
18369,18369,4,natural science
18370,18370,7,social science
18371,18371,6,natural science
18372,18372,4,social science
18373,18373,6,natural science
18374,18374,3,natural science
18375,18375,6,social science
18376,18376,6,natural science
18377,18377,5,natural science
18378,18378,12,language science
18379,18379,8,natural science
18380,18380,11,language science
18381,18381,4,natural science
18382,18382,9,language science
18383,18383,4,social science
18384,18384,3,natural science
18385,18385,4,language science
18386,18386,4,natural science
18387,18387,1,language science
18388,18388,4,natural science
18389,18389,7,natural science
18390,18390,7,natural science
18391,18391,3,language science
18392,18392,3,natural science
18393,18393,6,social science
18394,18394,2,natural science
18395,18395,2,natural science
18396,18396,7,natural science
18397,18397,3,natural science
18398,18398,7,natural science
18399,18399,4,natural science
18400,18400,5,social science
18401,18401,9,language science
18402,18402,6,natural science
18403,18403,7,natural science
18404,18404,4,natural science
18405,18405,2,natural science
18406,18406,10,language science
18407,18407,5,natural science
18408,18408,3,social science
18409,18409,2,natural science
18410,18410,4,natural science
18411,18411,6,language science
18412,18412,3,natural science
18413,18413,1,language science
18414,18414,5,social science
18415,18415,7,language science
18416,18416,8,social science
18417,18417,6,natural science
18418,18418,8,language science
18419,18419,2,natural science
18420,18420,4,social science
18421,18421,6,natural science
18422,18422,8,language science
18423,18423,10,language science
18424,18424,3,language science
18425,18425,8,natural science
18426,18426,2,social science
18427,18427,2,natural science
18428,18428,4,social science
18429,18429,3,natural science
18430,18430,3,language science
18431,18431,6,social science
18432,18432,8,social science
18433,18433,8,natural science
18434,18434,7,natural science
18435,18435,6,natural science
18436,18436,6,social science
18437,18437,2,language science
18438,18438,3,natural science
18439,18439,3,natural science
18440,18440,2,natural science
18441,18441,7,natural science
18442,18442,5,natural science
18443,18443,6,natural science
18444,18444,12,language science
18445,18445,5,natural science
18446,18446,7,social science
18447,18447,6,natural science
18448,18448,4,language science
18449,18449,11,language science
18450,18450,8,natural science
18451,18451,3,language science
18452,18452,6,language science
18453,18453,4,language science
18454,18454,7,natural science
18455,18455,5,social science
18456,18456,3,natural science
18457,18457,7,natural science
18458,18458,8,natural science
18459,18459,10,language science
18460,18460,7,natural science
18461,18461,7,natural science
18462,18462,4,social science
18463,18463,8,natural science
18464,18464,5,natural science
18465,18465,5,language science
18466,18466,8,natural science
18467,18467,4,social science
18468,18468,3,language science
18469,18469,3,social science
18470,18470,4,natural science
18471,18471,2,natural science
18472,18472,7,natural science
18473,18473,8,natural science
18474,18474,9,language science
18475,18475,4,language science
18476,18476,4,social science
18477,18477,3,natural science
18478,18478,8,natural science
18479,18479,4,natural science
18480,18480,10,language science
18481,18481,5,natural science
18482,18482,6,language science
18483,18483,5,social science
18484,18484,4,language science
18485,18485,8,social science
18486,18486,6,natural science
18487,18487,9,language science
18488,18488,3,natural science
18489,18489,2,social science
18490,18490,4,natural science
18491,18491,7,natural science
18492,18492,11,language science
18493,18493,6,social science
18494,18494,4,natural science
18495,18495,7,natural science
18496,18496,4,natural science
18497,18497,12,language science
18498,18498,3,language science
18499,18499,6,natural science
18500,18500,3,natural science
18501,18501,4,social science
18502,18502,7,natural science
18503,18503,7,natural science
18504,18504,3,natural science
18505,18505,12,language science
18506,18506,6,natural science
18507,18507,5,natural science
18508,18508,8,natural science
18509,18509,3,language science
18510,18510,2,natural science
18511,18511,11,language science
18512,18512,5,language science
18513,18513,8,natural science
18514,18514,4,language science
18515,18515,4,natural science
18516,18516,3,language science
18517,18517,6,language science
18518,18518,6,social science
18519,18519,8,natural science
18520,18520,6,natural science
18521,18521,11,language science
18522,18522,2,natural science
18523,18523,8,social science
18524,18524,7,natural science
18525,18525,2,social science
18526,18526,6,natural science
18527,18527,11,language science
18528,18528,7,natural science
18529,18529,6,language science
18530,18530,5,natural science
18531,18531,4,natural science
18532,18532,2,language science
18533,18533,10,language science
18534,18534,2,natural science
18535,18535,11,language science
18536,18536,3,natural science
18537,18537,5,social science
18538,18538,5,social science
18539,18539,5,social science
18540,18540,11,language science
18541,18541,2,language science
18542,18542,4,natural science
18543,18543,8,natural science
18544,18544,10,language science
18545,18545,6,natural science
18546,18546,7,natural science
18547,18547,3,natural science
18548,18548,4,natural science
18549,18549,11,language science
18550,18550,8,natural science
18551,18551,11,language science
18552,18552,8,language science
18553,18553,4,social science
18554,18554,6,language science
18555,18555,12,language science
18556,18556,5,natural science
18557,18557,5,language science
18558,18558,4,language science
18559,18559,2,language science
18560,18560,7,social science
18561,18561,4,natural science
18562,18562,4,social science
18563,18563,12,language science
18564,18564,11,language science
18565,18565,6,natural science
18566,18566,5,natural science
18567,18567,8,natural science
18568,18568,10,language science
18569,18569,4,natural science
18570,18570,3,language science
18571,18571,10,language science
18572,18572,4,natural science
18573,18573,10,language science
18574,18574,5,social science
18575,18575,4,natural science
18576,18576,8,natural science
18577,18577,2,natural science
18578,18578,2,language science
18579,18579,4,natural science
18580,18580,2,natural science
18581,18581,5,social science
18582,18582,8,natural science
18583,18583,3,language science
18584,18584,5,natural science
18585,18585,6,social science
18586,18586,3,natural science
18587,18587,6,social science
18588,18588,3,language science
18589,18589,3,social science
18590,18590,4,social science
18591,18591,3,social science
18592,18592,5,natural science
18593,18593,2,social science
18594,18594,5,social science
18595,18595,3,social science
18596,18596,7,natural science
18597,18597,7,natural science
18598,18598,6,social science
18599,18599,6,natural science
18600,18600,6,natural science
18601,18601,7,social science
18602,18602,3,language science
18603,18603,10,language science
18604,18604,6,natural science
18605,18605,6,natural science
18606,18606,4,natural science
18607,18607,5,language science
18608,18608,6,natural science
18609,18609,8,natural science
18610,18610,3,natural science
18611,18611,5,social science
18612,18612,4,natural science
18613,18613,8,language science
18614,18614,7,natural science
18615,18615,8,natural science
18616,18616,7,language science
18617,18617,4,social science
18618,18618,8,natural science
18619,18619,3,social science
18620,18620,4,natural science
18621,18621,5,natural science
18622,18622,4,social science
18623,18623,6,social science
18624,18624,5,natural science
18625,18625,3,natural science
18626,18626,3,natural science
18627,18627,3,natural science
18628,18628,8,natural science
18629,18629,6,natural science
18630,18630,6,natural science
18631,18631,4,social science
18632,18632,5,natural science
18633,18633,4,natural science
18634,18634,3,social science
18635,18635,8,natural science
18636,18636,3,natural science
18637,18637,2,language science
18638,18638,8,social science
18639,18639,6,social science
18640,18640,4,natural science
18641,18641,3,natural science
18642,18642,3,social science
18643,18643,5,natural science
18644,18644,4,natural science
18645,18645,5,social science
18646,18646,3,natural science
18647,18647,5,language science
18648,18648,7,natural science
18649,18649,7,social science
18650,18650,6,social science
18651,18651,4,language science
18652,18652,4,social science
18653,18653,5,natural science
18654,18654,7,natural science
18655,18655,3,natural science
18656,18656,3,social science
18657,18657,3,social science
18658,18658,5,social science
18659,18659,4,language science
18660,18660,11,language science
18661,18661,5,language science
18662,18662,4,social science
18663,18663,4,natural science
18664,18664,6,natural science
18665,18665,8,social science
18666,18666,8,natural science
18667,18667,2,social science
18668,18668,3,natural science
18669,18669,4,language science
18670,18670,7,language science
18671,18671,3,language science
18672,18672,3,natural science
18673,18673,8,language science
18674,18674,4,language science
18675,18675,5,natural science
18676,18676,7,natural science
18677,18677,5,natural science
18678,18678,5,language science
18679,18679,8,language science
18680,18680,3,natural science
18681,18681,5,natural science
18682,18682,4,social science
18683,18683,4,natural science
18684,18684,5,natural science
18685,18685,5,social science
18686,18686,3,natural science
18687,18687,3,natural science
18688,18688,12,language science
18689,18689,6,natural science
18690,18690,3,natural science
18691,18691,6,language science
18692,18692,2,natural science
18693,18693,10,language science
18694,18694,4,natural science
18695,18695,8,natural science
18696,18696,4,natural science
18697,18697,11,language science
18698,18698,4,social science
18699,18699,10,language science
18700,18700,4,language science
18701,18701,8,natural science
18702,18702,8,social science
18703,18703,12,language science
18704,18704,4,natural science
18705,18705,8,social science
18706,18706,3,natural science
18707,18707,3,natural science
18708,18708,5,natural science
18709,18709,7,natural science
18710,18710,6,natural science
18711,18711,4,natural science
18712,18712,3,natural science
18713,18713,4,natural science
18714,18714,4,language science
18715,18715,5,social science
18716,18716,4,natural science
18717,18717,3,social science
18718,18718,3,natural science
18719,18719,2,natural science
18720,18720,3,language science
18721,18721,8,natural science
18722,18722,5,natural science
18723,18723,8,language science
18724,18724,5,natural science
18725,18725,3,natural science
18726,18726,8,social science
18727,18727,4,social science
18728,18728,3,natural science
18729,18729,4,natural science
18730,18730,5,natural science
18731,18731,2,natural science
18732,18732,4,natural science
18733,18733,4,natural science
18734,18734,4,natural science
18735,18735,8,natural science
18736,18736,6,social science
18737,18737,8,natural science
18738,18738,3,social science
18739,18739,5,language science
18740,18740,9,language science
18741,18741,5,social science
18742,18742,11,language science
18743,18743,11,language science
18744,18744,8,natural science
18745,18745,8,social science
18746,18746,7,language science
18747,18747,8,natural science
18748,18748,8,natural science
18749,18749,2,language science
18750,18750,8,language science
18751,18751,5,natural science
18752,18752,8,social science
18753,18753,3,language science
18754,18754,8,natural science
18755,18755,6,social science
18756,18756,7,social science
18757,18757,5,social science
18758,18758,8,social science
18759,18759,2,social science
18760,18760,5,language science
18761,18761,7,natural science
18762,18762,8,natural science
18763,18763,9,language science
18764,18764,10,language science
18765,18765,8,natural science
18766,18766,5,language science
18767,18767,10,language science
18768,18768,8,language science
18769,18769,5,social science
18770,18770,3,natural science
18771,18771,7,social science
18772,18772,3,language science
18773,18773,3,natural science
18774,18774,4,natural science
18775,18775,6,language science
18776,18776,8,natural science
18777,18777,4,social science
18778,18778,4,natural science
18779,18779,3,social science
18780,18780,7,language science
18781,18781,7,natural science
18782,18782,5,natural science
18783,18783,10,language science
18784,18784,4,natural science
18785,18785,8,social science
18786,18786,10,language science
18787,18787,5,social science
18788,18788,2,natural science
18789,18789,9,language science
18790,18790,2,natural science
18791,18791,12,language science
18792,18792,4,social science
18793,18793,9,language science
18794,18794,4,natural science
18795,18795,3,natural science
18796,18796,6,natural science
18797,18797,6,natural science
18798,18798,6,natural science
18799,18799,3,natural science
18800,18800,8,natural science
18801,18801,6,natural science
18802,18802,3,natural science
18803,18803,5,social science
18804,18804,12,language science
18805,18805,11,language science
18806,18806,7,natural science
18807,18807,4,natural science
18808,18808,8,natural science
18809,18809,4,natural science
18810,18810,6,natural science
18811,18811,7,social science
18812,18812,8,social science
18813,18813,7,natural science
18814,18814,4,social science
18815,18815,8,social science
18816,18816,2,social science
18817,18817,11,language science
18818,18818,8,natural science
18819,18819,7,natural science
18820,18820,5,social science
18821,18821,10,language science
18822,18822,7,social science
18823,18823,6,natural science
18824,18824,4,natural science
18825,18825,5,natural science
18826,18826,3,natural science
18827,18827,5,social science
18828,18828,5,natural science
18829,18829,5,natural science
18830,18830,12,language science
18831,18831,6,language science
18832,18832,7,natural science
18833,18833,4,social science
18834,18834,3,social science
18835,18835,8,natural science
18836,18836,7,natural science
18837,18837,10,language science
18838,18838,2,language science
18839,18839,3,natural science
18840,18840,4,natural science
18841,18841,7,natural science
18842,18842,4,natural science
18843,18843,9,language science
18844,18844,4,natural science
18845,18845,5,language science
18846,18846,5,social science
18847,18847,4,natural science
18848,18848,8,natural science
18849,18849,3,natural science
18850,18850,2,natural science
18851,18851,4,natural science
18852,18852,3,language science
18853,18853,4,natural science
18854,18854,12,language science
18855,18855,6,natural science
18856,18856,5,natural science
18857,18857,5,natural science
18858,18858,6,natural science
18859,18859,5,natural science
18860,18860,5,natural science
18861,18861,5,natural science
18862,18862,2,natural science
18863,18863,3,social science
18864,18864,4,language science
18865,18865,6,natural science
18866,18866,5,natural science
18867,18867,3,language science
18868,18868,3,natural science
18869,18869,6,natural science
18870,18870,6,social science
18871,18871,4,social science
18872,18872,4,social science
18873,18873,5,natural science
18874,18874,3,social science
18875,18875,7,natural science
18876,18876,5,natural science
18877,18877,3,natural science
18878,18878,7,natural science
18879,18879,6,language science
18880,18880,2,natural science
18881,18881,7,natural science
18882,18882,6,natural science
18883,18883,5,language science
18884,18884,7,natural science
18885,18885,4,natural science
18886,18886,12,language science
18887,18887,2,natural science
18888,18888,7,natural science
18889,18889,7,natural science
18890,18890,6,social science
18891,18891,6,social science
18892,18892,3,natural science
18893,18893,7,natural science
18894,18894,2,natural science
18895,18895,3,natural science
18896,18896,2,natural science
18897,18897,6,natural science
18898,18898,3,natural science
18899,18899,4,natural science
18900,18900,9,language science
18901,18901,6,natural science
18902,18902,11,language science
18903,18903,2,natural science
18904,18904,5,social science
18905,18905,9,language science
18906,18906,9,language science
18907,18907,5,language science
18908,18908,8,natural science
18909,18909,5,natural science
18910,18910,5,natural science
18911,18911,8,natural science
18912,18912,8,natural science
18913,18913,5,natural science
18914,18914,3,social science
18915,18915,6,social science
18916,18916,5,language science
18917,18917,6,natural science
18918,18918,8,natural science
18919,18919,7,language science
18920,18920,8,natural science
18921,18921,3,language science
18922,18922,11,language science
18923,18923,7,natural science
18924,18924,7,language science
18925,18925,5,language science
18926,18926,3,social science
18927,18927,6,language science
18928,18928,8,natural science
18929,18929,6,natural science
18930,18930,6,social science
18931,18931,4,language science
18932,18932,10,language science
18933,18933,7,natural science
18934,18934,3,social science
18935,18935,10,language science
18936,18936,8,natural science
18937,18937,8,natural science
18938,18938,4,natural science
18939,18939,3,social science
18940,18940,5,social science
18941,18941,8,natural science
18942,18942,5,social science
18943,18943,7,natural science
18944,18944,6,social science
18945,18945,12,language science
18946,18946,6,natural science
18947,18947,4,natural science
18948,18948,4,natural science
18949,18949,6,natural science
18950,18950,3,natural science
18951,18951,7,natural science
18952,18952,3,natural science
18953,18953,3,social science
18954,18954,7,natural science
18955,18955,8,natural science
18956,18956,6,social science
18957,18957,7,natural science
18958,18958,2,language science
18959,18959,4,social science
18960,18960,8,social science
18961,18961,2,natural science
18962,18962,10,language science
18963,18963,7,language science
18964,18964,4,natural science
18965,18965,6,social science
18966,18966,4,language science
18967,18967,2,language science
18968,18968,4,language science
18969,18969,5,natural science
18970,18970,7,language science
18971,18971,5,social science
18972,18972,4,language science
18973,18973,3,natural science
18974,18974,5,social science
18975,18975,4,social science
18976,18976,5,natural science
18977,18977,8,natural science
18978,18978,7,natural science
18979,18979,8,natural science
18980,18980,7,social science
18981,18981,6,natural science
18982,18982,4,natural science
18983,18983,5,natural science
18984,18984,6,social science
18985,18985,6,social science
18986,18986,6,language science
18987,18987,6,social science
18988,18988,8,natural science
18989,18989,6,natural science
18990,18990,7,natural science
18991,18991,4,social science
18992,18992,7,natural science
18993,18993,3,language science
18994,18994,7,natural science
18995,18995,5,social science
18996,18996,3,social science
18997,18997,7,social science
18998,18998,3,natural science
18999,18999,3,social science
19000,19000,3,social science
19001,19001,6,language science
19002,19002,5,social science
19003,19003,6,social science
19004,19004,7,natural science
19005,19005,6,social science
19006,19006,3,natural science
19007,19007,7,natural science
19008,19008,7,natural science
19009,19009,2,natural science
19010,19010,5,language science
19011,19011,3,social science
19012,19012,4,natural science
19013,19013,6,social science
19014,19014,5,natural science
19015,19015,2,social science
19016,19016,5,language science
19017,19017,5,natural science
19018,19018,7,natural science
19019,19019,5,language science
19020,19020,8,social science
19021,19021,2,natural science
19022,19022,6,natural science
19023,19023,2,natural science
19024,19024,8,social science
19025,19025,5,social science
19026,19026,3,social science
19027,19027,6,social science
19028,19028,6,natural science
19029,19029,8,natural science
19030,19030,6,natural science
19031,19031,8,language science
19032,19032,2,natural science
19033,19033,4,natural science
19034,19034,2,natural science
19035,19035,6,natural science
19036,19036,6,social science
19037,19037,4,social science
19038,19038,5,natural science
19039,19039,5,natural science
19040,19040,5,social science
19041,19041,8,natural science
19042,19042,6,natural science
19043,19043,5,natural science
19044,19044,8,natural science
19045,19045,7,language science
19046,19046,3,social science
19047,19047,2,language science
19048,19048,7,social science
19049,19049,9,language science
19050,19050,6,natural science
19051,19051,6,natural science
19052,19052,4,natural science
19053,19053,3,natural science
19054,19054,6,natural science
19055,19055,7,natural science
19056,19056,7,natural science
19057,19057,11,language science
19058,19058,6,natural science
19059,19059,8,social science
19060,19060,10,language science
19061,19061,3,language science
19062,19062,8,social science
19063,19063,5,natural science
19064,19064,4,social science
19065,19065,7,natural science
19066,19066,7,natural science
19067,19067,3,natural science
19068,19068,5,language science
19069,19069,7,natural science
19070,19070,5,social science
19071,19071,11,language science
19072,19072,2,language science
19073,19073,10,language science
19074,19074,5,natural science
19075,19075,4,social science
19076,19076,4,natural science
19077,19077,5,social science
19078,19078,7,natural science
19079,19079,3,natural science
19080,19080,7,natural science
19081,19081,7,social science
19082,19082,8,natural science
19083,19083,3,natural science
19084,19084,4,social science
19085,19085,6,social science
19086,19086,5,natural science
19087,19087,3,natural science
19088,19088,4,natural science
19089,19089,8,language science
19090,19090,4,language science
19091,19091,3,social science
19092,19092,5,natural science
19093,19093,6,natural science
19094,19094,8,social science
19095,19095,8,social science
19096,19096,9,language science
19097,19097,4,social science
19098,19098,6,natural science
19099,19099,7,social science
19100,19100,3,natural science
19101,19101,5,language science
19102,19102,11,language science
19103,19103,6,natural science
19104,19104,5,language science
19105,19105,2,natural science
19106,19106,7,natural science
19107,19107,4,natural science
19108,19108,5,social science
19109,19109,3,natural science
19110,19110,4,natural science
19111,19111,5,language science
19112,19112,2,natural science
19113,19113,3,natural science
19114,19114,12,language science
19115,19115,6,natural science
19116,19116,7,natural science
19117,19117,4,social science
19118,19118,6,natural science
19119,19119,4,language science
19120,19120,7,social science
19121,19121,4,language science
19122,19122,4,social science
19123,19123,8,natural science
19124,19124,2,natural science
19125,19125,4,natural science
19126,19126,6,social science
19127,19127,3,natural science
19128,19128,3,language science
19129,19129,4,natural science
19130,19130,6,natural science
19131,19131,1,language science
19132,19132,5,language science
19133,19133,7,social science
19134,19134,4,natural science
19135,19135,8,natural science
19136,19136,6,language science
19137,19137,2,natural science
19138,19138,5,social science
19139,19139,4,social science
19140,19140,5,natural science
19141,19141,5,social science
19142,19142,11,language science
19143,19143,8,natural science
19144,19144,5,natural science
19145,19145,2,language science
19146,19146,7,natural science
19147,19147,11,language science
19148,19148,7,natural science
19149,19149,4,social science
19150,19150,2,social science
19151,19151,3,natural science
19152,19152,4,natural science
19153,19153,6,natural science
19154,19154,2,natural science
19155,19155,8,natural science
19156,19156,7,natural science
19157,19157,7,social science
19158,19158,4,social science
19159,19159,3,social science
19160,19160,5,natural science
19161,19161,3,natural science
19162,19162,8,natural science
19163,19163,5,natural science
19164,19164,7,social science
19165,19165,12,language science
19166,19166,4,natural science
19167,19167,2,language science
19168,19168,2,natural science
19169,19169,4,language science
19170,19170,4,natural science
19171,19171,2,natural science
19172,19172,5,natural science
19173,19173,9,language science
19174,19174,8,natural science
19175,19175,3,natural science
19176,19176,2,natural science
19177,19177,2,natural science
19178,19178,9,language science
19179,19179,4,social science
19180,19180,5,natural science
19181,19181,5,natural science
19182,19182,7,natural science
19183,19183,7,natural science
19184,19184,9,language science
19185,19185,2,social science
19186,19186,2,language science
19187,19187,7,social science
19188,19188,7,natural science
19189,19189,7,natural science
19190,19190,1,language science
19191,19191,7,natural science
19192,19192,6,natural science
19193,19193,5,natural science
19194,19194,7,natural science
19195,19195,3,natural science
19196,19196,6,natural science
19197,19197,2,social science
19198,19198,3,natural science
19199,19199,6,natural science
19200,19200,7,natural science
19201,19201,7,natural science
19202,19202,2,natural science
19203,19203,9,language science
19204,19204,3,social science
19205,19205,2,language science
19206,19206,3,social science
19207,19207,7,social science
19208,19208,7,natural science
19209,19209,2,language science
19210,19210,8,natural science
19211,19211,3,language science
19212,19212,8,natural science
19213,19213,3,language science
19214,19214,5,social science
19215,19215,10,language science
19216,19216,4,social science
19217,19217,9,language science
19218,19218,5,social science
19219,19219,5,natural science
19220,19220,4,natural science
19221,19221,4,language science
19222,19222,10,language science
19223,19223,4,social science
19224,19224,4,natural science
19225,19225,7,social science
19226,19226,6,natural science
19227,19227,8,natural science
19228,19228,4,natural science
19229,19229,3,social science
19230,19230,8,language science
19231,19231,8,natural science
19232,19232,4,natural science
19233,19233,4,natural science
19234,19234,7,natural science
19235,19235,3,natural science
19236,19236,3,social science
19237,19237,7,natural science
19238,19238,2,natural science
19239,19239,3,natural science
19240,19240,6,social science
19241,19241,4,natural science
19242,19242,4,natural science
19243,19243,11,language science
19244,19244,3,natural science
19245,19245,2,natural science
19246,19246,8,natural science
19247,19247,6,language science
19248,19248,3,natural science
19249,19249,4,social science
19250,19250,3,natural science
19251,19251,10,language science
19252,19252,5,social science
19253,19253,5,social science
19254,19254,5,natural science
19255,19255,4,social science
19256,19256,5,natural science
19257,19257,4,natural science
19258,19258,2,language science
19259,19259,5,natural science
19260,19260,4,natural science
19261,19261,11,language science
19262,19262,6,natural science
19263,19263,8,natural science
19264,19264,7,language science
19265,19265,7,natural science
19266,19266,8,social science
19267,19267,4,social science
19268,19268,7,natural science
19269,19269,4,social science
19270,19270,5,natural science
19271,19271,3,social science
19272,19272,7,natural science
19273,19273,8,natural science
19274,19274,3,natural science
19275,19275,6,natural science
19276,19276,5,social science
19277,19277,5,natural science
19278,19278,6,language science
19279,19279,7,natural science
19280,19280,6,natural science
19281,19281,5,natural science
19282,19282,3,social science
19283,19283,4,natural science
19284,19284,7,natural science
19285,19285,4,natural science
19286,19286,3,natural science
19287,19287,8,social science
19288,19288,1,language science
19289,19289,4,natural science
19290,19290,4,natural science
19291,19291,3,social science
19292,19292,5,social science
19293,19293,3,language science
19294,19294,12,language science
19295,19295,5,social science
19296,19296,6,natural science
19297,19297,7,natural science
19298,19298,6,natural science
19299,19299,3,natural science
19300,19300,5,social science
19301,19301,2,natural science
19302,19302,8,social science
19303,19303,7,natural science
19304,19304,4,natural science
19305,19305,8,natural science
19306,19306,7,social science
19307,19307,7,social science
19308,19308,1,language science
19309,19309,4,social science
19310,19310,4,natural science
19311,19311,9,language science
19312,19312,4,natural science
19313,19313,8,social science
19314,19314,6,natural science
19315,19315,4,language science
19316,19316,7,language science
19317,19317,3,natural science
19318,19318,6,natural science
19319,19319,7,natural science
19320,19320,9,language science
19321,19321,11,language science
19322,19322,4,social science
19323,19323,3,natural science
19324,19324,6,language science
19325,19325,7,natural science
19326,19326,4,natural science
19327,19327,3,natural science
19328,19328,3,language science
19329,19329,5,social science
19330,19330,6,language science
19331,19331,7,language science
19332,19332,7,social science
19333,19333,2,language science
19334,19334,6,natural science
19335,19335,5,natural science
19336,19336,8,natural science
19337,19337,7,language science
19338,19338,2,natural science
19339,19339,8,natural science
19340,19340,3,social science
19341,19341,5,language science
19342,19342,4,language science
19343,19343,7,natural science
19344,19344,7,natural science
19345,19345,3,natural science
19346,19346,5,social science
19347,19347,2,social science
19348,19348,5,natural science
19349,19349,7,natural science
19350,19350,8,natural science
19351,19351,4,social science
19352,19352,2,social science
19353,19353,3,natural science
19354,19354,7,natural science
19355,19355,6,natural science
19356,19356,8,natural science
19357,19357,9,language science
19358,19358,3,natural science
19359,19359,3,natural science
19360,19360,5,language science
19361,19361,7,natural science
19362,19362,3,social science
19363,19363,5,natural science
19364,19364,6,natural science
19365,19365,3,social science
19366,19366,6,natural science
19367,19367,7,natural science
19368,19368,3,language science
19369,19369,3,natural science
19370,19370,1,language science
19371,19371,8,natural science
19372,19372,4,social science
19373,19373,5,social science
19374,19374,5,social science
19375,19375,7,natural science
19376,19376,5,social science
19377,19377,4,natural science
19378,19378,8,natural science
19379,19379,3,natural science
19380,19380,4,natural science
19381,19381,9,language science
19382,19382,4,social science
19383,19383,5,language science
19384,19384,8,social science
19385,19385,6,natural science
19386,19386,2,language science
19387,19387,5,language science
19388,19388,3,natural science
19389,19389,10,language science
19390,19390,5,natural science
19391,19391,3,natural science
19392,19392,10,language science
19393,19393,2,natural science
19394,19394,10,language science
19395,19395,2,natural science
19396,19396,12,language science
19397,19397,5,natural science
19398,19398,10,language science
19399,19399,3,social science
19400,19400,8,natural science
19401,19401,5,social science
19402,19402,4,social science
19403,19403,8,language science
19404,19404,4,natural science
19405,19405,6,natural science
19406,19406,7,natural science
19407,19407,8,natural science
19408,19408,4,natural science
19409,19409,3,social science
19410,19410,3,social science
19411,19411,3,social science
19412,19412,4,social science
19413,19413,5,natural science
19414,19414,7,language science
19415,19415,5,social science
19416,19416,6,natural science
19417,19417,6,natural science
19418,19418,8,language science
19419,19419,4,natural science
19420,19420,7,natural science
19421,19421,4,natural science
19422,19422,4,natural science
19423,19423,4,natural science
19424,19424,6,natural science
19425,19425,12,language science
19426,19426,4,social science
19427,19427,5,natural science
19428,19428,4,natural science
19429,19429,5,social science
19430,19430,4,natural science
19431,19431,6,language science
19432,19432,7,natural science
19433,19433,3,natural science
19434,19434,7,natural science
19435,19435,2,language science
19436,19436,8,natural science
19437,19437,1,language science
19438,19438,2,social science
19439,19439,8,social science
19440,19440,5,natural science
19441,19441,3,natural science
19442,19442,12,language science
19443,19443,6,natural science
19444,19444,3,language science
19445,19445,4,natural science
19446,19446,4,natural science
19447,19447,2,language science
19448,19448,6,social science
19449,19449,8,social science
19450,19450,5,social science
19451,19451,4,social science
19452,19452,4,natural science
19453,19453,4,natural science
19454,19454,5,social science
19455,19455,3,social science
19456,19456,4,natural science
19457,19457,5,language science
19458,19458,7,social science
19459,19459,2,natural science
19460,19460,8,natural science
19461,19461,8,social science
19462,19462,4,natural science
19463,19463,4,social science
19464,19464,4,social science
19465,19465,4,natural science
19466,19466,4,natural science
19467,19467,8,language science
19468,19468,3,natural science
19469,19469,7,natural science
19470,19470,6,natural science
19471,19471,4,social science
19472,19472,8,social science
19473,19473,4,natural science
19474,19474,8,social science
19475,19475,2,social science
19476,19476,5,social science
19477,19477,6,natural science
19478,19478,1,language science
19479,19479,4,natural science
19480,19480,9,language science
19481,19481,4,natural science
19482,19482,11,language science
19483,19483,4,natural science
19484,19484,8,natural science
19485,19485,2,language science
19486,19486,7,language science
19487,19487,7,social science
19488,19488,6,natural science
19489,19489,8,natural science
19490,19490,11,language science
19491,19491,5,social science
19492,19492,4,social science
19493,19493,6,social science
19494,19494,8,social science
19495,19495,2,language science
19496,19496,2,natural science
19497,19497,4,natural science
19498,19498,4,social science
19499,19499,8,social science
19500,19500,9,language science
19501,19501,8,language science
19502,19502,12,language science
19503,19503,7,natural science
19504,19504,4,natural science
19505,19505,6,language science
19506,19506,6,language science
19507,19507,6,natural science
19508,19508,3,natural science
19509,19509,8,natural science
19510,19510,3,natural science
19511,19511,3,natural science
19512,19512,5,natural science
19513,19513,4,social science
19514,19514,4,natural science
19515,19515,5,natural science
19516,19516,3,natural science
19517,19517,3,social science
19518,19518,3,natural science
19519,19519,12,language science
19520,19520,6,natural science
19521,19521,3,language science
19522,19522,8,natural science
19523,19523,2,natural science
19524,19524,5,natural science
19525,19525,5,natural science
19526,19526,4,natural science
19527,19527,7,natural science
19528,19528,8,social science
19529,19529,4,social science
19530,19530,6,language science
19531,19531,4,natural science
19532,19532,6,natural science
19533,19533,6,natural science
19534,19534,4,natural science
19535,19535,2,social science
19536,19536,2,language science
19537,19537,3,natural science
19538,19538,3,language science
19539,19539,8,natural science
19540,19540,4,social science
19541,19541,2,natural science
19542,19542,6,language science
19543,19543,2,social science
19544,19544,2,language science
19545,19545,6,social science
19546,19546,4,social science
19547,19547,7,natural science
19548,19548,2,natural science
19549,19549,7,natural science
19550,19550,4,natural science
19551,19551,5,social science
19552,19552,4,social science
19553,19553,4,natural science
19554,19554,5,natural science
19555,19555,6,natural science
19556,19556,3,natural science
19557,19557,4,natural science
19558,19558,4,natural science
19559,19559,4,language science
19560,19560,6,natural science
19561,19561,2,language science
19562,19562,2,social science
19563,19563,8,natural science
19564,19564,4,natural science
19565,19565,7,natural science
19566,19566,12,language science
19567,19567,11,language science
19568,19568,6,social science
19569,19569,8,language science
19570,19570,3,natural science
19571,19571,3,natural science
19572,19572,3,language science
19573,19573,4,natural science
19574,19574,4,natural science
19575,19575,7,natural science
19576,19576,3,language science
19577,19577,3,social science
19578,19578,8,social science
19579,19579,4,social science
19580,19580,3,language science
19581,19581,3,social science
19582,19582,10,language science
19583,19583,4,natural science
19584,19584,4,language science
19585,19585,5,social science
19586,19586,4,natural science
19587,19587,5,natural science
19588,19588,3,natural science
19589,19589,8,social science
19590,19590,7,language science
19591,19591,8,natural science
19592,19592,4,language science
19593,19593,8,natural science
19594,19594,9,language science
19595,19595,11,language science
19596,19596,5,social science
19597,19597,7,social science
19598,19598,2,natural science
19599,19599,6,language science
19600,19600,4,natural science
19601,19601,3,language science
19602,19602,4,natural science
19603,19603,8,natural science
19604,19604,8,natural science
19605,19605,6,natural science
19606,19606,3,natural science
19607,19607,4,natural science
19608,19608,6,language science
19609,19609,6,natural science
19610,19610,2,natural science
19611,19611,8,social science
19612,19612,6,natural science
19613,19613,8,natural science
19614,19614,8,natural science
19615,19615,4,social science
19616,19616,4,natural science
19617,19617,3,language science
19618,19618,3,natural science
19619,19619,2,natural science
19620,19620,5,natural science
19621,19621,5,language science
19622,19622,7,natural science
19623,19623,8,social science
19624,19624,3,language science
19625,19625,5,natural science
19626,19626,2,language science
19627,19627,7,natural science
19628,19628,7,social science
19629,19629,4,language science
19630,19630,12,language science
19631,19631,8,natural science
19632,19632,5,language science
19633,19633,5,social science
19634,19634,3,natural science
19635,19635,8,social science
19636,19636,3,social science
19637,19637,6,natural science
19638,19638,5,language science
19639,19639,8,natural science
19640,19640,8,natural science
19641,19641,3,language science
19642,19642,12,language science
19643,19643,6,natural science
19644,19644,2,natural science
19645,19645,1,language science
19646,19646,6,social science
19647,19647,7,social science
19648,19648,4,social science
19649,19649,10,language science
19650,19650,1,language science
19651,19651,12,language science
19652,19652,8,language science
19653,19653,8,social science
19654,19654,8,natural science
19655,19655,6,language science
19656,19656,4,natural science
19657,19657,4,natural science
19658,19658,1,language science
19659,19659,8,natural science
19660,19660,4,natural science
19661,19661,5,natural science
19662,19662,7,natural science
19663,19663,8,natural science
19664,19664,4,natural science
19665,19665,5,social science
19666,19666,6,language science
19667,19667,10,language science
19668,19668,5,natural science
19669,19669,3,natural science
19670,19670,4,natural science
19671,19671,2,social science
19672,19672,7,social science
19673,19673,8,natural science
19674,19674,5,social science
19675,19675,7,natural science
19676,19676,8,natural science
19677,19677,3,natural science
19678,19678,2,natural science
19679,19679,4,social science
19680,19680,3,language science
19681,19681,6,natural science
19682,19682,6,natural science
19683,19683,8,language science
19684,19684,4,social science
19685,19685,12,language science
19686,19686,8,language science
19687,19687,7,social science
19688,19688,2,natural science
19689,19689,8,natural science
19690,19690,2,natural science
19691,19691,7,natural science
19692,19692,2,natural science
19693,19693,8,natural science
19694,19694,5,natural science
19695,19695,12,language science
19696,19696,8,natural science
19697,19697,6,language science
19698,19698,5,social science
19699,19699,2,natural science
19700,19700,8,natural science
19701,19701,4,language science
19702,19702,4,social science
19703,19703,8,language science
19704,19704,7,natural science
19705,19705,4,natural science
19706,19706,8,natural science
19707,19707,5,social science
19708,19708,7,social science
19709,19709,4,language science
19710,19710,3,language science
19711,19711,3,natural science
19712,19712,4,natural science
19713,19713,4,natural science
19714,19714,2,natural science
19715,19715,2,language science
19716,19716,6,language science
19717,19717,8,natural science
19718,19718,8,natural science
19719,19719,8,natural science
19720,19720,10,language science
19721,19721,3,natural science
19722,19722,3,natural science
19723,19723,2,language science
19724,19724,7,natural science
19725,19725,5,natural science
19726,19726,4,natural science
19727,19727,4,natural science
19728,19728,8,natural science
19729,19729,6,social science
19730,19730,8,language science
19731,19731,8,social science
19732,19732,4,natural science
19733,19733,7,natural science
19734,19734,4,social science
19735,19735,3,natural science
19736,19736,8,natural science
19737,19737,3,language science
19738,19738,3,social science
19739,19739,4,social science
19740,19740,12,language science
19741,19741,7,natural science
19742,19742,8,natural science
19743,19743,7,language science
19744,19744,3,social science
19745,19745,6,natural science
19746,19746,7,natural science
19747,19747,2,language science
19748,19748,8,natural science
19749,19749,7,social science
19750,19750,5,natural science
19751,19751,12,language science
19752,19752,3,social science
19753,19753,6,natural science
19754,19754,5,natural science
19755,19755,6,social science
19756,19756,3,natural science
19757,19757,7,natural science
19758,19758,5,social science
19759,19759,4,social science
19760,19760,11,language science
19761,19761,7,natural science
19762,19762,5,social science
19763,19763,4,natural science
19764,19764,8,natural science
19765,19765,5,social science
19766,19766,3,language science
19767,19767,5,social science
19768,19768,6,social science
19769,19769,2,natural science
19770,19770,2,natural science
19771,19771,6,natural science
19772,19772,5,language science
19773,19773,6,language science
19774,19774,6,natural science
19775,19775,5,natural science
19776,19776,4,natural science
19777,19777,6,language science
19778,19778,3,natural science
19779,19779,2,natural science
19780,19780,2,natural science
19781,19781,4,natural science
19782,19782,3,natural science
19783,19783,7,natural science
19784,19784,5,language science
19785,19785,6,language science
19786,19786,7,natural science
19787,19787,7,natural science
19788,19788,4,natural science
19789,19789,8,natural science
19790,19790,8,natural science
19791,19791,5,social science
19792,19792,4,natural science
19793,19793,8,natural science
19794,19794,6,social science
19795,19795,6,natural science
19796,19796,5,social science
19797,19797,3,social science
19798,19798,3,natural science
19799,19799,5,natural science
19800,19800,1,language science
19801,19801,2,social science
19802,19802,5,social science
19803,19803,8,natural science
19804,19804,12,language science
19805,19805,3,social science
19806,19806,7,social science
19807,19807,5,natural science
19808,19808,2,natural science
19809,19809,2,natural science
19810,19810,3,natural science
19811,19811,4,social science
19812,19812,8,natural science
19813,19813,6,natural science
19814,19814,3,natural science
19815,19815,4,natural science
19816,19816,2,natural science
19817,19817,4,natural science
19818,19818,7,natural science
19819,19819,2,natural science
19820,19820,6,natural science
19821,19821,10,language science
19822,19822,4,language science
19823,19823,3,language science
19824,19824,5,language science
19825,19825,7,natural science
19826,19826,3,social science
19827,19827,2,natural science
19828,19828,8,natural science
19829,19829,11,language science
19830,19830,11,language science
19831,19831,4,natural science
19832,19832,10,language science
19833,19833,6,social science
19834,19834,8,natural science
19835,19835,7,natural science
19836,19836,4,language science
19837,19837,10,language science
19838,19838,7,social science
19839,19839,3,natural science
19840,19840,8,language science
19841,19841,5,social science
19842,19842,7,social science
19843,19843,10,language science
19844,19844,5,natural science
19845,19845,4,natural science
19846,19846,4,natural science
19847,19847,5,natural science
19848,19848,2,language science
19849,19849,4,language science
19850,19850,4,natural science
19851,19851,9,language science
19852,19852,4,natural science
19853,19853,8,language science
19854,19854,4,social science
19855,19855,7,natural science
19856,19856,4,social science
19857,19857,3,natural science
19858,19858,1,language science
19859,19859,3,language science
19860,19860,8,natural science
19861,19861,7,natural science
19862,19862,10,language science
19863,19863,3,natural science
19864,19864,6,social science
19865,19865,7,natural science
19866,19866,7,social science
19867,19867,5,natural science
19868,19868,3,language science
19869,19869,2,natural science
19870,19870,5,social science
19871,19871,3,natural science
19872,19872,7,language science
19873,19873,3,social science
19874,19874,6,social science
19875,19875,9,language science
19876,19876,12,language science
19877,19877,7,natural science
19878,19878,3,social science
19879,19879,4,natural science
19880,19880,7,natural science
19881,19881,6,social science
19882,19882,5,natural science
19883,19883,7,natural science
19884,19884,4,social science
19885,19885,3,natural science
19886,19886,8,natural science
19887,19887,6,social science
19888,19888,2,language science
19889,19889,2,social science
19890,19890,6,natural science
19891,19891,9,language science
19892,19892,2,language science
19893,19893,6,social science
19894,19894,12,language science
19895,19895,8,social science
19896,19896,6,natural science
19897,19897,5,social science
19898,19898,4,language science
19899,19899,5,natural science
19900,19900,3,social science
19901,19901,7,natural science
19902,19902,2,natural science
19903,19903,7,language science
19904,19904,6,natural science
19905,19905,5,natural science
19906,19906,4,social science
19907,19907,7,social science
19908,19908,5,social science
19909,19909,10,language science
19910,19910,3,natural science
19911,19911,6,natural science
19912,19912,6,social science
19913,19913,6,natural science
19914,19914,6,social science
19915,19915,4,natural science
19916,19916,5,social science
19917,19917,7,social science
19918,19918,8,natural science
19919,19919,6,natural science
19920,19920,8,natural science
19921,19921,5,natural science
19922,19922,3,social science
19923,19923,4,natural science
19924,19924,7,language science
19925,19925,9,language science
19926,19926,4,social science
19927,19927,5,natural science
19928,19928,8,natural science
19929,19929,4,natural science
19930,19930,4,social science
19931,19931,2,natural science
19932,19932,1,language science
19933,19933,4,natural science
19934,19934,5,social science
19935,19935,4,natural science
19936,19936,7,natural science
19937,19937,5,language science
19938,19938,3,social science
19939,19939,5,social science
19940,19940,6,social science
19941,19941,3,social science
19942,19942,7,natural science
19943,19943,2,language science
19944,19944,8,natural science
19945,19945,3,natural science
19946,19946,7,natural science
19947,19947,4,natural science
19948,19948,3,language science
19949,19949,4,social science
19950,19950,10,language science
19951,19951,7,natural science
19952,19952,8,language science
19953,19953,8,natural science
19954,19954,12,language science
19955,19955,7,social science
19956,19956,7,natural science
19957,19957,5,natural science
19958,19958,8,natural science
19959,19959,5,social science
19960,19960,3,social science
19961,19961,8,language science
19962,19962,5,social science
19963,19963,9,language science
19964,19964,8,language science
19965,19965,8,natural science
19966,19966,7,social science
19967,19967,8,natural science
19968,19968,4,social science
19969,19969,6,natural science
19970,19970,7,social science
19971,19971,4,social science
19972,19972,3,natural science
19973,19973,8,social science
19974,19974,7,language science
19975,19975,6,social science
19976,19976,4,natural science
19977,19977,3,natural science
19978,19978,3,natural science
19979,19979,8,natural science
19980,19980,2,social science
19981,19981,3,social science
19982,19982,10,language science
19983,19983,2,natural science
19984,19984,5,natural science
19985,19985,5,social science
19986,19986,6,natural science
19987,19987,9,language science
19988,19988,4,language science
19989,19989,5,language science
19990,19990,3,natural science
19991,19991,4,language science
19992,19992,4,language science
19993,19993,5,natural science
19994,19994,3,natural science
19995,19995,4,natural science
19996,19996,11,language science
19997,19997,5,social science
19998,19998,6,language science
19999,19999,3,social science
20000,20000,11,language science
20001,20001,7,language science
20002,20002,6,natural science
20003,20003,3,social science
20004,20004,2,natural science
20005,20005,8,language science
20006,20006,4,language science
20007,20007,6,language science
20008,20008,3,natural science
20009,20009,3,natural science
20010,20010,2,natural science
20011,20011,2,social science
20012,20012,4,language science
20013,20013,7,natural science
20014,20014,8,natural science
20015,20015,3,natural science
20016,20016,7,natural science
20017,20017,12,language science
20018,20018,12,language science
20019,20019,4,natural science
20020,20020,5,natural science
20021,20021,6,natural science
20022,20022,2,natural science
20023,20023,7,natural science
20024,20024,4,social science
20025,20025,7,social science
20026,20026,7,natural science
20027,20027,11,language science
20028,20028,4,natural science
20029,20029,8,natural science
20030,20030,8,natural science
20031,20031,6,natural science
20032,20032,4,social science
20033,20033,8,social science
20034,20034,6,social science
20035,20035,2,natural science
20036,20036,8,natural science
20037,20037,4,natural science
20038,20038,5,language science
20039,20039,2,social science
20040,20040,7,natural science
20041,20041,4,natural science
20042,20042,2,natural science
20043,20043,3,language science
20044,20044,2,natural science
20045,20045,5,natural science
20046,20046,3,natural science
20047,20047,5,social science
20048,20048,4,natural science
20049,20049,4,social science
20050,20050,4,natural science
20051,20051,3,social science
20052,20052,4,natural science
20053,20053,5,social science
20054,20054,8,language science
20055,20055,4,social science
20056,20056,8,natural science
20057,20057,5,social science
20058,20058,8,natural science
20059,20059,11,language science
20060,20060,4,natural science
20061,20061,6,natural science
20062,20062,8,natural science
20063,20063,8,natural science
20064,20064,3,natural science
20065,20065,7,natural science
20066,20066,4,natural science
20067,20067,4,language science
20068,20068,4,natural science
20069,20069,3,social science
20070,20070,3,natural science
20071,20071,6,natural science
20072,20072,2,natural science
20073,20073,11,language science
20074,20074,7,natural science
20075,20075,7,natural science
20076,20076,4,natural science
20077,20077,5,natural science
20078,20078,5,natural science
20079,20079,10,language science
20080,20080,7,natural science
20081,20081,6,language science
20082,20082,8,natural science
20083,20083,2,natural science
20084,20084,7,natural science
20085,20085,2,language science
20086,20086,3,natural science
20087,20087,7,social science
20088,20088,3,natural science
20089,20089,3,language science
20090,20090,3,natural science
20091,20091,2,natural science
20092,20092,5,social science
20093,20093,3,language science
20094,20094,3,social science
20095,20095,4,natural science
20096,20096,3,social science
20097,20097,5,social science
20098,20098,3,language science
20099,20099,11,language science
20100,20100,4,language science
20101,20101,8,natural science
20102,20102,5,natural science
20103,20103,7,natural science
20104,20104,6,natural science
20105,20105,3,social science
20106,20106,7,natural science
20107,20107,8,natural science
20108,20108,5,natural science
20109,20109,4,natural science
20110,20110,3,language science
20111,20111,3,social science
20112,20112,3,social science
20113,20113,4,natural science
20114,20114,3,natural science
20115,20115,2,natural science
20116,20116,4,natural science
20117,20117,2,language science
20118,20118,5,natural science
20119,20119,3,natural science
20120,20120,4,natural science
20121,20121,5,natural science
20122,20122,6,natural science
20123,20123,4,social science
20124,20124,3,natural science
20125,20125,8,social science
20126,20126,6,language science
20127,20127,4,natural science
20128,20128,4,social science
20129,20129,7,social science
20130,20130,4,language science
20131,20131,8,social science
20132,20132,3,natural science
20133,20133,6,language science
20134,20134,3,natural science
20135,20135,3,language science
20136,20136,2,natural science
20137,20137,4,natural science
20138,20138,10,language science
20139,20139,8,language science
20140,20140,8,natural science
20141,20141,5,natural science
20142,20142,2,natural science
20143,20143,4,natural science
20144,20144,4,natural science
20145,20145,8,natural science
20146,20146,3,natural science
20147,20147,6,natural science
20148,20148,8,natural science
20149,20149,7,natural science
20150,20150,7,natural science
20151,20151,4,natural science
20152,20152,5,natural science
20153,20153,5,social science
20154,20154,3,language science
20155,20155,7,social science
20156,20156,4,language science
20157,20157,2,natural science
20158,20158,5,social science
20159,20159,9,language science
20160,20160,3,language science
20161,20161,3,natural science
20162,20162,11,language science
20163,20163,7,social science
20164,20164,7,natural science
20165,20165,5,natural science
20166,20166,6,natural science
20167,20167,5,social science
20168,20168,8,natural science
20169,20169,8,social science
20170,20170,8,natural science
20171,20171,4,natural science
20172,20172,12,language science
20173,20173,5,natural science
20174,20174,8,natural science
20175,20175,2,natural science
20176,20176,4,social science
20177,20177,5,language science
20178,20178,4,language science
20179,20179,5,natural science
20180,20180,7,natural science
20181,20181,8,natural science
20182,20182,5,social science
20183,20183,5,natural science
20184,20184,3,language science
20185,20185,2,language science
20186,20186,3,social science
20187,20187,5,natural science
20188,20188,6,natural science
20189,20189,4,natural science
20190,20190,3,natural science
20191,20191,6,natural science
20192,20192,5,natural science
20193,20193,8,language science
20194,20194,4,natural science
20195,20195,10,language science
20196,20196,3,natural science
20197,20197,6,natural science
20198,20198,4,language science
20199,20199,8,natural science
20200,20200,2,natural science
20201,20201,2,language science
20202,20202,11,language science
20203,20203,6,natural science
20204,20204,4,social science
20205,20205,5,natural science
20206,20206,5,social science
20207,20207,2,social science
20208,20208,3,social science
20209,20209,4,social science
20210,20210,5,natural science
20211,20211,5,natural science
20212,20212,2,language science
20213,20213,6,natural science
20214,20214,3,social science
20215,20215,2,natural science
20216,20216,2,natural science
20217,20217,10,language science
20218,20218,7,natural science
20219,20219,5,social science
20220,20220,10,language science
20221,20221,3,social science
20222,20222,8,natural science
20223,20223,8,language science
20224,20224,9,language science
20225,20225,5,social science
20226,20226,7,natural science
20227,20227,4,language science
20228,20228,5,natural science
20229,20229,6,natural science
20230,20230,5,natural science
20231,20231,5,natural science
20232,20232,3,natural science
20233,20233,4,natural science
20234,20234,7,language science
20235,20235,3,natural science
20236,20236,10,language science
20237,20237,5,social science
20238,20238,7,social science
20239,20239,3,natural science
20240,20240,4,natural science
20241,20241,5,social science
20242,20242,7,natural science
20243,20243,3,language science
20244,20244,7,language science
20245,20245,7,natural science
20246,20246,5,natural science
20247,20247,4,language science
20248,20248,9,language science
20249,20249,2,language science
20250,20250,3,social science
20251,20251,5,language science
20252,20252,4,natural science
20253,20253,2,natural science
20254,20254,3,natural science
20255,20255,4,language science
20256,20256,4,social science
20257,20257,3,natural science
20258,20258,6,natural science
20259,20259,5,natural science
20260,20260,6,natural science
20261,20261,4,social science
20262,20262,5,natural science
20263,20263,11,language science
20264,20264,7,language science
20265,20265,4,natural science
20266,20266,4,social science
20267,20267,7,natural science
20268,20268,4,natural science
20269,20269,2,language science
20270,20270,6,natural science
20271,20271,6,natural science
20272,20272,8,language science
20273,20273,5,social science
20274,20274,8,language science
20275,20275,6,natural science
20276,20276,5,social science
20277,20277,8,natural science
20278,20278,3,natural science
20279,20279,5,social science
20280,20280,3,social science
20281,20281,4,natural science
20282,20282,6,natural science
20283,20283,8,natural science
20284,20284,8,natural science
20285,20285,2,natural science
20286,20286,6,natural science
20287,20287,4,language science
20288,20288,5,natural science
20289,20289,4,natural science
20290,20290,8,social science
20291,20291,8,natural science
20292,20292,7,language science
20293,20293,6,natural science
20294,20294,6,social science
20295,20295,4,language science
20296,20296,2,social science
20297,20297,5,natural science
20298,20298,2,language science
20299,20299,3,natural science
20300,20300,3,natural science
20301,20301,10,language science
20302,20302,2,natural science
20303,20303,4,language science
20304,20304,7,natural science
20305,20305,6,natural science
20306,20306,7,natural science
20307,20307,6,language science
20308,20308,6,social science
20309,20309,5,social science
20310,20310,5,social science
20311,20311,8,natural science
20312,20312,2,language science
20313,20313,8,natural science
20314,20314,7,social science
20315,20315,3,language science
20316,20316,10,language science
20317,20317,3,natural science
20318,20318,2,language science
20319,20319,9,language science
20320,20320,7,natural science
20321,20321,10,language science
20322,20322,11,language science
20323,20323,12,language science
20324,20324,4,natural science
20325,20325,3,language science
20326,20326,6,language science
20327,20327,2,language science
20328,20328,9,language science
20329,20329,9,language science
20330,20330,9,language science
20331,20331,6,natural science
20332,20332,5,language science
20333,20333,4,social science
20334,20334,7,social science
20335,20335,3,social science
20336,20336,8,natural science
20337,20337,4,social science
20338,20338,5,language science
20339,20339,2,natural science
20340,20340,3,natural science
20341,20341,4,language science
20342,20342,4,natural science
20343,20343,5,natural science
20344,20344,4,natural science
20345,20345,5,language science
20346,20346,4,natural science
20347,20347,6,language science
20348,20348,12,language science
20349,20349,8,natural science
20350,20350,4,language science
20351,20351,5,language science
20352,20352,11,language science
20353,20353,8,natural science
20354,20354,7,natural science
20355,20355,3,social science
20356,20356,4,natural science
20357,20357,6,natural science
20358,20358,3,social science
20359,20359,6,language science
20360,20360,4,social science
20361,20361,8,natural science
20362,20362,5,natural science
20363,20363,2,natural science
20364,20364,6,language science
20365,20365,2,natural science
20366,20366,6,natural science
20367,20367,5,social science
20368,20368,3,natural science
20369,20369,7,social science
20370,20370,7,language science
20371,20371,5,natural science
20372,20372,4,natural science
20373,20373,5,social science
20374,20374,4,social science
20375,20375,4,natural science
20376,20376,3,social science
20377,20377,11,language science
20378,20378,8,natural science
20379,20379,1,language science
20380,20380,11,language science
20381,20381,4,natural science
20382,20382,3,natural science
20383,20383,2,social science
20384,20384,4,natural science
20385,20385,7,natural science
20386,20386,4,natural science
20387,20387,7,natural science
20388,20388,11,language science
20389,20389,6,natural science
20390,20390,9,language science
20391,20391,5,natural science
20392,20392,6,natural science
20393,20393,3,natural science
20394,20394,3,natural science
20395,20395,4,natural science
20396,20396,12,language science
20397,20397,10,language science
20398,20398,11,language science
20399,20399,4,natural science
20400,20400,5,social science
20401,20401,7,language science
20402,20402,3,social science
20403,20403,2,natural science
20404,20404,4,natural science
20405,20405,6,language science
20406,20406,7,natural science
20407,20407,4,natural science
20408,20408,8,social science
20409,20409,3,language science
20410,20410,6,natural science
20411,20411,2,natural science
20412,20412,11,language science
20413,20413,4,social science
20414,20414,3,language science
20415,20415,8,natural science
20416,20416,6,natural science
20417,20417,9,language science
20418,20418,4,natural science
20419,20419,5,natural science
20420,20420,5,language science
20421,20421,6,language science
20422,20422,8,natural science
20423,20423,2,language science
20424,20424,4,natural science
20425,20425,3,natural science
20426,20426,3,language science
20427,20427,4,language science
20428,20428,2,language science
20429,20429,5,social science
20430,20430,6,natural science
20431,20431,4,social science
20432,20432,3,natural science
20433,20433,8,social science
20434,20434,4,natural science
20435,20435,4,language science
20436,20436,3,language science
20437,20437,9,language science
20438,20438,5,social science
20439,20439,4,language science
20440,20440,9,language science
20441,20441,3,language science
20442,20442,6,natural science
20443,20443,4,natural science
20444,20444,4,natural science
20445,20445,3,natural science
20446,20446,4,natural science
20447,20447,5,language science
20448,20448,6,natural science
20449,20449,4,natural science
20450,20450,8,natural science
20451,20451,5,social science
20452,20452,5,natural science
20453,20453,6,natural science
20454,20454,7,natural science
20455,20455,6,natural science
20456,20456,5,language science
20457,20457,3,language science
20458,20458,5,natural science
20459,20459,10,language science
20460,20460,3,natural science
20461,20461,6,language science
20462,20462,2,natural science
20463,20463,6,language science
20464,20464,7,natural science
20465,20465,11,language science
20466,20466,8,natural science
20467,20467,8,language science
20468,20468,5,social science
20469,20469,5,social science
20470,20470,7,social science
20471,20471,4,social science
20472,20472,4,natural science
20473,20473,3,social science
20474,20474,4,natural science
20475,20475,8,natural science
20476,20476,8,language science
20477,20477,10,language science
20478,20478,3,social science
20479,20479,7,natural science
20480,20480,6,natural science
20481,20481,2,natural science
20482,20482,7,natural science
20483,20483,6,natural science
20484,20484,6,social science
20485,20485,7,language science
20486,20486,4,natural science
20487,20487,7,language science
20488,20488,8,natural science
20489,20489,8,natural science
20490,20490,5,natural science
20491,20491,11,language science
20492,20492,7,natural science
20493,20493,2,natural science
20494,20494,4,natural science
20495,20495,7,natural science
20496,20496,4,social science
20497,20497,7,language science
20498,20498,8,language science
20499,20499,5,natural science
20500,20500,3,natural science
20501,20501,7,social science
20502,20502,5,social science
20503,20503,9,language science
20504,20504,3,social science
20505,20505,3,natural science
20506,20506,6,natural science
20507,20507,5,social science
20508,20508,8,natural science
20509,20509,3,social science
20510,20510,9,language science
20511,20511,7,natural science
20512,20512,5,language science
20513,20513,3,natural science
20514,20514,3,natural science
20515,20515,5,social science
20516,20516,8,natural science
20517,20517,3,natural science
20518,20518,5,natural science
20519,20519,8,natural science
20520,20520,2,natural science
20521,20521,5,natural science
20522,20522,3,natural science
20523,20523,4,natural science
20524,20524,7,language science
20525,20525,7,natural science
20526,20526,5,natural science
20527,20527,4,social science
20528,20528,2,natural science
20529,20529,3,natural science
20530,20530,2,natural science
20531,20531,10,language science
20532,20532,10,language science
20533,20533,12,language science
20534,20534,3,social science
20535,20535,7,natural science
20536,20536,5,natural science
20537,20537,3,natural science
20538,20538,4,language science
20539,20539,5,natural science
20540,20540,2,social science
20541,20541,3,natural science
20542,20542,4,natural science
20543,20543,5,natural science
20544,20544,11,language science
20545,20545,4,language science
20546,20546,6,social science
20547,20547,8,natural science
20548,20548,3,language science
20549,20549,7,language science
20550,20550,4,natural science
20551,20551,3,natural science
20552,20552,3,natural science
20553,20553,3,social science
20554,20554,8,natural science
20555,20555,7,natural science
20556,20556,5,language science
20557,20557,3,natural science
20558,20558,2,natural science
20559,20559,5,social science
20560,20560,7,language science
20561,20561,10,language science
20562,20562,7,social science
20563,20563,5,social science
20564,20564,9,language science
20565,20565,2,natural science
20566,20566,6,natural science
20567,20567,8,natural science
20568,20568,5,social science
20569,20569,8,natural science
20570,20570,6,social science
20571,20571,3,social science
20572,20572,3,natural science
20573,20573,3,social science
20574,20574,9,language science
20575,20575,5,natural science
20576,20576,5,natural science
20577,20577,4,social science
20578,20578,7,natural science
20579,20579,6,language science
20580,20580,5,social science
20581,20581,3,language science
20582,20582,3,social science
20583,20583,4,natural science
20584,20584,5,social science
20585,20585,6,natural science
20586,20586,4,natural science
20587,20587,5,natural science
20588,20588,8,natural science
20589,20589,6,social science
20590,20590,8,natural science
20591,20591,6,natural science
20592,20592,8,natural science
20593,20593,3,natural science
20594,20594,7,natural science
20595,20595,4,social science
20596,20596,5,social science
20597,20597,3,social science
20598,20598,6,natural science
20599,20599,7,natural science
20600,20600,2,natural science
20601,20601,3,natural science
20602,20602,3,natural science
20603,20603,11,language science
20604,20604,3,social science
20605,20605,5,natural science
20606,20606,7,natural science
20607,20607,8,natural science
20608,20608,5,natural science
20609,20609,12,language science
20610,20610,5,social science
20611,20611,4,natural science
20612,20612,3,natural science
20613,20613,11,language science
20614,20614,8,natural science
20615,20615,5,natural science
20616,20616,7,natural science
20617,20617,4,natural science
20618,20618,4,natural science
20619,20619,5,social science
20620,20620,10,language science
20621,20621,6,natural science
20622,20622,3,language science
20623,20623,4,social science
20624,20624,8,language science
20625,20625,6,natural science
20626,20626,2,natural science
20627,20627,6,natural science
20628,20628,5,natural science
20629,20629,4,natural science
20630,20630,4,natural science
20631,20631,6,natural science
20632,20632,5,social science
20633,20633,4,natural science
20634,20634,4,natural science
20635,20635,3,language science
20636,20636,6,language science
20637,20637,3,language science
20638,20638,2,natural science
20639,20639,5,social science
20640,20640,7,natural science
20641,20641,4,natural science
20642,20642,9,language science
20643,20643,11,language science
20644,20644,2,natural science
20645,20645,3,natural science
20646,20646,6,natural science
20647,20647,5,natural science
20648,20648,2,natural science
20649,20649,6,natural science
20650,20650,5,natural science
20651,20651,5,natural science
20652,20652,5,natural science
20653,20653,10,language science
20654,20654,4,social science
20655,20655,2,natural science
20656,20656,4,natural science
20657,20657,4,social science
20658,20658,7,natural science
20659,20659,11,language science
20660,20660,3,language science
20661,20661,4,natural science
20662,20662,8,natural science
20663,20663,12,language science
20664,20664,5,natural science
20665,20665,7,natural science
20666,20666,3,natural science
20667,20667,4,social science
20668,20668,2,language science
20669,20669,5,natural science
20670,20670,9,language science
20671,20671,2,natural science
20672,20672,7,natural science
20673,20673,6,natural science
20674,20674,12,language science
20675,20675,11,language science
20676,20676,6,natural science
20677,20677,3,natural science
20678,20678,8,natural science
20679,20679,5,natural science
20680,20680,4,natural science
20681,20681,8,social science
20682,20682,4,social science
20683,20683,8,social science
20684,20684,11,language science
20685,20685,8,natural science
20686,20686,3,social science
20687,20687,7,natural science
20688,20688,7,language science
20689,20689,8,natural science
20690,20690,9,language science
20691,20691,6,social science
20692,20692,3,natural science
20693,20693,7,language science
20694,20694,2,language science
20695,20695,8,natural science
20696,20696,3,language science
20697,20697,5,natural science
20698,20698,6,natural science
20699,20699,3,language science
20700,20700,7,natural science
20701,20701,6,natural science
20702,20702,4,natural science
20703,20703,7,social science
20704,20704,7,social science
20705,20705,6,natural science
20706,20706,10,language science
20707,20707,5,natural science
20708,20708,3,language science
20709,20709,3,social science
20710,20710,6,natural science
20711,20711,5,natural science
20712,20712,4,language science
20713,20713,11,language science
20714,20714,2,natural science
20715,20715,2,natural science
20716,20716,3,natural science
20717,20717,8,natural science
20718,20718,3,natural science
20719,20719,4,natural science
20720,20720,2,natural science
20721,20721,5,language science
20722,20722,4,natural science
20723,20723,6,language science
20724,20724,3,natural science
20725,20725,5,social science
20726,20726,3,social science
20727,20727,3,language science
20728,20728,10,language science
20729,20729,9,language science
20730,20730,8,social science
20731,20731,2,natural science
20732,20732,5,language science
20733,20733,12,language science
20734,20734,5,social science
20735,20735,4,natural science
20736,20736,8,natural science
20737,20737,4,social science
20738,20738,8,social science
20739,20739,5,social science
20740,20740,4,natural science
20741,20741,5,natural science
20742,20742,3,natural science
20743,20743,8,natural science
20744,20744,7,natural science
20745,20745,5,natural science
20746,20746,4,language science
20747,20747,4,natural science
20748,20748,3,natural science
20749,20749,3,natural science
20750,20750,11,language science
20751,20751,4,natural science
20752,20752,4,natural science
20753,20753,6,natural science
20754,20754,2,natural science
20755,20755,5,social science
20756,20756,4,natural science
20757,20757,8,natural science
20758,20758,7,natural science
20759,20759,12,language science
20760,20760,3,language science
20761,20761,5,social science
20762,20762,3,natural science
20763,20763,8,natural science
20764,20764,4,social science
20765,20765,4,natural science
20766,20766,8,natural science
20767,20767,8,social science
20768,20768,5,social science
20769,20769,6,natural science
20770,20770,7,natural science
20771,20771,10,language science
20772,20772,6,language science
20773,20773,7,language science
20774,20774,4,natural science
20775,20775,11,language science
20776,20776,11,language science
20777,20777,4,social science
20778,20778,4,natural science
20779,20779,4,natural science
20780,20780,2,social science
20781,20781,3,natural science
20782,20782,7,natural science
20783,20783,7,natural science
20784,20784,2,natural science
20785,20785,4,natural science
20786,20786,2,natural science
20787,20787,12,language science
20788,20788,8,natural science
20789,20789,5,language science
20790,20790,2,language science
20791,20791,5,social science
20792,20792,4,natural science
20793,20793,8,natural science
20794,20794,6,social science
20795,20795,2,natural science
20796,20796,11,language science
20797,20797,3,natural science
20798,20798,5,social science
20799,20799,11,language science
20800,20800,6,natural science
20801,20801,2,social science
20802,20802,3,language science
20803,20803,11,language science
20804,20804,8,natural science
20805,20805,5,social science
20806,20806,4,language science
20807,20807,4,social science
20808,20808,7,natural science
20809,20809,4,natural science
20810,20810,8,natural science
20811,20811,6,natural science
20812,20812,6,natural science
20813,20813,3,language science
20814,20814,8,language science
20815,20815,8,natural science
20816,20816,8,social science
20817,20817,7,social science
20818,20818,5,natural science
20819,20819,7,language science
20820,20820,5,natural science
20821,20821,5,natural science
20822,20822,6,language science
20823,20823,3,natural science
20824,20824,5,natural science
20825,20825,7,natural science
20826,20826,10,language science
20827,20827,7,natural science
20828,20828,5,social science
20829,20829,5,natural science
20830,20830,6,natural science
20831,20831,7,natural science
20832,20832,8,natural science
20833,20833,7,natural science
20834,20834,3,natural science
20835,20835,7,social science
20836,20836,6,natural science
20837,20837,8,natural science
20838,20838,4,social science
20839,20839,7,social science
20840,20840,3,social science
20841,20841,5,natural science
20842,20842,5,social science
20843,20843,5,language science
20844,20844,7,language science
20845,20845,3,natural science
20846,20846,8,natural science
20847,20847,4,social science
20848,20848,4,natural science
20849,20849,5,natural science
20850,20850,11,language science
20851,20851,6,natural science
20852,20852,6,language science
20853,20853,4,natural science
20854,20854,7,language science
20855,20855,4,language science
20856,20856,4,natural science
20857,20857,10,language science
20858,20858,4,social science
20859,20859,6,natural science
20860,20860,7,natural science
20861,20861,5,natural science
20862,20862,12,language science
20863,20863,4,natural science
20864,20864,7,natural science
20865,20865,2,natural science
20866,20866,7,natural science
20867,20867,7,language science
20868,20868,3,language science
20869,20869,4,natural science
20870,20870,8,natural science
20871,20871,7,social science
20872,20872,6,social science
20873,20873,5,natural science
20874,20874,3,natural science
20875,20875,8,natural science
20876,20876,9,language science
20877,20877,4,natural science
20878,20878,6,natural science
20879,20879,8,natural science
20880,20880,3,natural science
20881,20881,4,natural science
20882,20882,5,social science
20883,20883,3,social science
20884,20884,8,natural science
20885,20885,3,natural science
20886,20886,9,language science
20887,20887,3,natural science
20888,20888,4,natural science
20889,20889,7,social science
20890,20890,4,natural science
20891,20891,10,language science
20892,20892,4,natural science
20893,20893,7,natural science
20894,20894,5,social science
20895,20895,3,social science
20896,20896,9,language science
20897,20897,8,social science
20898,20898,4,social science
20899,20899,5,natural science
20900,20900,8,natural science
20901,20901,3,social science
20902,20902,2,language science
20903,20903,5,natural science
20904,20904,6,social science
20905,20905,4,natural science
20906,20906,2,natural science
20907,20907,12,language science
20908,20908,3,natural science
20909,20909,6,natural science
20910,20910,3,social science
20911,20911,4,social science
20912,20912,8,natural science
20913,20913,3,natural science
20914,20914,4,natural science
20915,20915,4,natural science
20916,20916,5,natural science
20917,20917,11,language science
20918,20918,7,natural science
20919,20919,5,social science
20920,20920,6,social science
20921,20921,3,natural science
20922,20922,7,natural science
20923,20923,6,natural science
20924,20924,2,natural science
20925,20925,5,social science
20926,20926,6,social science
20927,20927,2,natural science
20928,20928,6,natural science
20929,20929,9,language science
20930,20930,2,natural science
20931,20931,4,social science
20932,20932,8,natural science
20933,20933,6,language science
20934,20934,7,natural science
20935,20935,5,natural science
20936,20936,2,language science
20937,20937,7,natural science
20938,20938,8,natural science
20939,20939,8,social science
20940,20940,3,social science
20941,20941,3,natural science
20942,20942,6,language science
20943,20943,4,natural science
20944,20944,2,language science
20945,20945,12,language science
20946,20946,3,natural science
20947,20947,6,natural science
20948,20948,5,social science
20949,20949,7,natural science
20950,20950,4,natural science
20951,20951,4,social science
20952,20952,5,natural science
20953,20953,6,language science
20954,20954,6,social science
20955,20955,4,natural science
20956,20956,6,natural science
20957,20957,5,natural science
20958,20958,4,social science
20959,20959,7,natural science
20960,20960,4,social science
20961,20961,3,social science
20962,20962,12,language science
20963,20963,8,natural science
20964,20964,5,natural science
20965,20965,4,natural science
20966,20966,6,social science
20967,20967,6,natural science
20968,20968,2,natural science
20969,20969,4,social science
20970,20970,6,social science
20971,20971,8,natural science
20972,20972,3,natural science
20973,20973,3,language science
20974,20974,4,natural science
20975,20975,10,language science
20976,20976,5,natural science
20977,20977,7,natural science
20978,20978,2,natural science
20979,20979,5,natural science
20980,20980,3,natural science
20981,20981,7,social science
20982,20982,4,social science
20983,20983,5,social science
20984,20984,3,social science
20985,20985,3,natural science
20986,20986,1,language science
20987,20987,6,natural science
20988,20988,10,language science
20989,20989,5,social science
20990,20990,5,natural science
20991,20991,7,language science
20992,20992,7,natural science
20993,20993,4,natural science
20994,20994,6,natural science
20995,20995,7,natural science
20996,20996,7,natural science
20997,20997,7,natural science
20998,20998,8,natural science
20999,20999,5,natural science
21000,21000,11,language science
21001,21001,3,natural science
21002,21002,12,language science
21003,21003,8,natural science
21004,21004,3,natural science
21005,21005,4,language science
21006,21006,6,language science
21007,21007,5,language science
21008,21008,7,natural science
21009,21009,5,natural science
21010,21010,6,natural science
21011,21011,6,language science
21012,21012,10,language science
21013,21013,5,natural science
21014,21014,8,natural science
21015,21015,3,social science
21016,21016,4,natural science
21017,21017,7,language science
21018,21018,12,language science
21019,21019,5,natural science
21020,21020,8,social science
21021,21021,3,natural science
21022,21022,8,language science
21023,21023,4,social science
21024,21024,6,natural science
21025,21025,2,social science
21026,21026,5,language science
21027,21027,5,natural science
21028,21028,4,natural science
21029,21029,8,natural science
21030,21030,9,language science
21031,21031,6,language science
21032,21032,6,natural science
21033,21033,2,natural science
21034,21034,4,natural science
21035,21035,11,language science
21036,21036,5,social science
21037,21037,3,social science
21038,21038,8,natural science
21039,21039,4,natural science
21040,21040,8,natural science
21041,21041,8,social science
21042,21042,5,social science
21043,21043,4,social science
21044,21044,3,social science
21045,21045,3,social science
21046,21046,8,natural science
21047,21047,3,social science
21048,21048,6,natural science
21049,21049,8,social science
21050,21050,4,social science
21051,21051,3,natural science
21052,21052,1,language science
21053,21053,6,natural science
21054,21054,4,social science
21055,21055,3,natural science
21056,21056,8,social science
21057,21057,2,language science
21058,21058,8,natural science
21059,21059,3,natural science
21060,21060,4,social science
21061,21061,4,natural science
21062,21062,11,language science
21063,21063,7,social science
21064,21064,4,social science
21065,21065,7,natural science
21066,21066,5,social science
21067,21067,6,natural science
21068,21068,3,natural science
21069,21069,7,social science
21070,21070,5,social science
21071,21071,4,natural science
21072,21072,5,language science
21073,21073,5,natural science
21074,21074,6,language science
21075,21075,5,natural science
21076,21076,3,natural science
21077,21077,4,social science
21078,21078,4,natural science
21079,21079,7,natural science
21080,21080,5,social science
21081,21081,4,natural science
21082,21082,2,natural science
21083,21083,9,language science
21084,21084,5,social science
21085,21085,8,language science
21086,21086,8,natural science
21087,21087,2,social science
21088,21088,5,social science
21089,21089,4,social science
21090,21090,6,social science
21091,21091,2,natural science
21092,21092,11,language science
21093,21093,4,social science
21094,21094,6,natural science
21095,21095,6,natural science
21096,21096,4,natural science
21097,21097,2,natural science
21098,21098,2,natural science
21099,21099,2,natural science
21100,21100,4,natural science
21101,21101,3,natural science
21102,21102,3,social science
21103,21103,8,natural science
21104,21104,7,natural science
21105,21105,7,language science
21106,21106,8,natural science
21107,21107,4,natural science
21108,21108,6,natural science
21109,21109,8,language science
21110,21110,4,social science
21111,21111,11,language science
21112,21112,3,natural science
21113,21113,8,social science
21114,21114,7,natural science
21115,21115,4,natural science
21116,21116,5,natural science
21117,21117,3,natural science
21118,21118,3,natural science
21119,21119,2,social science
21120,21120,3,natural science
21121,21121,3,social science
21122,21122,4,natural science
21123,21123,5,natural science
21124,21124,9,language science
21125,21125,8,social science
21126,21126,3,language science
21127,21127,9,language science
21128,21128,3,natural science
21129,21129,7,natural science
21130,21130,4,natural science
21131,21131,2,natural science
21132,21132,5,social science
21133,21133,4,natural science
21134,21134,7,natural science
21135,21135,7,natural science
21136,21136,6,natural science
21137,21137,3,social science
21138,21138,7,social science
21139,21139,5,social science
21140,21140,2,natural science
21141,21141,10,language science
21142,21142,5,social science
21143,21143,4,natural science
21144,21144,4,natural science
21145,21145,2,social science
21146,21146,3,natural science
21147,21147,11,language science
21148,21148,5,natural science
21149,21149,5,social science
21150,21150,7,natural science
21151,21151,2,language science
21152,21152,5,language science
21153,21153,6,natural science
21154,21154,12,language science
21155,21155,3,natural science
21156,21156,5,natural science
21157,21157,7,natural science
21158,21158,6,natural science
21159,21159,8,language science
21160,21160,5,natural science
21161,21161,7,language science
21162,21162,8,social science
21163,21163,7,natural science
21164,21164,2,social science
21165,21165,5,natural science
21166,21166,3,natural science
21167,21167,6,natural science
21168,21168,5,natural science
21169,21169,2,language science
21170,21170,2,language science
21171,21171,2,natural science
21172,21172,4,natural science
21173,21173,8,social science
21174,21174,2,natural science
21175,21175,8,natural science
21176,21176,12,language science
21177,21177,10,language science
21178,21178,8,natural science
21179,21179,4,natural science
21180,21180,7,language science
21181,21181,7,natural science
21182,21182,2,natural science
21183,21183,8,social science
21184,21184,7,language science
21185,21185,7,natural science
21186,21186,3,language science
21187,21187,7,social science
21188,21188,2,natural science
21189,21189,7,social science
21190,21190,5,natural science
21191,21191,3,social science
21192,21192,5,social science
21193,21193,3,social science
21194,21194,3,natural science
21195,21195,2,language science
21196,21196,3,social science
21197,21197,10,language science
21198,21198,6,language science
21199,21199,5,social science
21200,21200,4,natural science
21201,21201,1,language science
21202,21202,4,language science
21203,21203,6,social science
21204,21204,7,natural science
21205,21205,4,language science
21206,21206,3,language science
21207,21207,7,natural science
21208,21208,3,social science
